ID,Phase,Day,Task,Daily brief file,Phase overview file,Prompt for Codex,Status,Owner,Started (UTC),Completed (UTC),Evidence / PR link,Blockers / notes,Expected outcome
P01-D01,01,01,Inventory the baseline surface,deep-research-phase-plan/phase-01-foundation-baseline/day-01.md,deep-research-phase-plan/phase-01-foundation-baseline.md,"Execute `deep-research-phase-plan/phase-01-foundation-baseline/day-01.md` exactly as written. Your goal is: Inventory the baseline surface. Produce this outcome: A reproducible inventory of intended HTML pages, sitemap entries, and priority URLs, without claiming index status. Read `deep-research-phase-plan/phase-01-foundation-baseline.md` as the source of truth; review the brief’s prerequisites and the prior day’s handoff when one exists. Complete the ordered tasks, make only changes authorized by the brief, run every verification check, and record deliverables and evidence. If external console access or authoritative evidence is unavailable, complete the repository-local fallback and mark the result pending or unknown—never infer or invent results. Finish by updating the evidence log and handoff, then report changed files, checks run, blockers, and the next-day readiness status.",Not started,,,,,,"A reproducible inventory of intended HTML pages, sitemap entries, and priority URLs, without claiming index status"
P01-D02,01,02,Verify robots and sitemap locally,deep-research-phase-plan/phase-01-foundation-baseline/day-02.md,deep-research-phase-plan/phase-01-foundation-baseline.md,"Execute `deep-research-phase-plan/phase-01-foundation-baseline/day-02.md` exactly as written. Your goal is: Verify robots and sitemap locally. Produce this outcome: A parsed sitemap/robots report that identifies only repository-observable issues. Read `deep-research-phase-plan/phase-01-foundation-baseline.md` as the source of truth; review the brief’s prerequisites and the prior day’s handoff when one exists. Complete the ordered tasks, make only changes authorized by the brief, run every verification check, and record deliverables and evidence. If external console access or authoritative evidence is unavailable, complete the repository-local fallback and mark the result pending or unknown—never infer or invent results. Finish by updating the evidence log and handoff, then report changed files, checks run, blockers, and the next-day readiness status.",Not started,,,,,,A parsed sitemap/robots report that identifies only repository-observable issues
P01-D03,01,03,Audit canonical and index directives,deep-research-phase-plan/phase-01-foundation-baseline/day-03.md,deep-research-phase-plan/phase-01-foundation-baseline.md,"Execute `deep-research-phase-plan/phase-01-foundation-baseline/day-03.md` exactly as written. Your goal is: Audit canonical and index directives. Produce this outcome: A representative canonical/noindex matrix for the homepage and named priority pages. Read `deep-research-phase-plan/phase-01-foundation-baseline.md` as the source of truth; review the brief’s prerequisites and the prior day’s handoff when one exists. Complete the ordered tasks, make only changes authorized by the brief, run every verification check, and record deliverables and evidence. If external console access or authoritative evidence is unavailable, complete the repository-local fallback and mark the result pending or unknown—never infer or invent results. Finish by updating the evidence log and handoff, then report changed files, checks run, blockers, and the next-day readiness status.",Not started,,,,,,A representative canonical/noindex matrix for the homepage and named priority pages
P01-D04,01,04,Test hostname redirect design,deep-research-phase-plan/phase-01-foundation-baseline/day-04.md,deep-research-phase-plan/phase-01-foundation-baseline.md,"Execute `deep-research-phase-plan/phase-01-foundation-baseline/day-04.md` exactly as written. Your goal is: Test hostname redirect design. Produce this outcome: A one-hop redirect test procedure and observed local/config results; production behavior remains unknown if network access is absent. Read `deep-research-phase-plan/phase-01-foundation-baseline.md` as the source of truth; review the brief’s prerequisites and the prior day’s handoff when one exists. Complete the ordered tasks, make only changes authorized by the brief, run every verification check, and record deliverables and evidence. If external console access or authoritative evidence is unavailable, complete the repository-local fallback and mark the result pending or unknown—never infer or invent results. Finish by updating the evidence log and handoff, then report changed files, checks run, blockers, and the next-day readiness status.",Not started,,,,,,A one-hop redirect test procedure and observed local/config results; production behavior remains unknown if network access is absent
P01-D05,01,05,Prepare Search Console verification,deep-research-phase-plan/phase-01-foundation-baseline/day-05.md,deep-research-phase-plan/phase-01-foundation-baseline.md,"Execute `deep-research-phase-plan/phase-01-foundation-baseline/day-05.md` exactly as written. Your goal is: Prepare Search Console verification. Produce this outcome: A GSC access/runbook and evidence-log rows for property ownership, sitemap submission, and coverage reports. Read `deep-research-phase-plan/phase-01-foundation-baseline.md` as the source of truth; review the brief’s prerequisites and the prior day’s handoff when one exists. Complete the ordered tasks, make only changes authorized by the brief, run every verification check, and record deliverables and evidence. If external console access or authoritative evidence is unavailable, complete the repository-local fallback and mark the result pending or unknown—never infer or invent results. Finish by updating the evidence log and handoff, then report changed files, checks run, blockers, and the next-day readiness status.",Not started,,,,,,"A GSC access/runbook and evidence-log rows for property ownership, sitemap submission, and coverage reports"
P01-D06,01,06,Inspect representative URLs in GSC,deep-research-phase-plan/phase-01-foundation-baseline/day-06.md,deep-research-phase-plan/phase-01-foundation-baseline.md,"Execute `deep-research-phase-plan/phase-01-foundation-baseline/day-06.md` exactly as written. Your goal is: Inspect representative URLs in GSC. Produce this outcome: A ten-URL inspection register with explicit pending/observed status and exported evidence references. Read `deep-research-phase-plan/phase-01-foundation-baseline.md` as the source of truth; review the brief’s prerequisites and the prior day’s handoff when one exists. Complete the ordered tasks, make only changes authorized by the brief, run every verification check, and record deliverables and evidence. If external console access or authoritative evidence is unavailable, complete the repository-local fallback and mark the result pending or unknown—never infer or invent results. Finish by updating the evidence log and handoff, then report changed files, checks run, blockers, and the next-day readiness status.",Not started,,,,,,A ten-URL inspection register with explicit pending/observed status and exported evidence references
P01-D07,01,07,Establish query and page baseline,deep-research-phase-plan/phase-01-foundation-baseline/day-07.md,deep-research-phase-plan/phase-01-foundation-baseline.md,"Execute `deep-research-phase-plan/phase-01-foundation-baseline/day-07.md` exactly as written. Your goal is: Establish query and page baseline. Produce this outcome: A dated baseline schema and, when available, unmodified GSC exports for clicks, impressions, CTR, and position. Read `deep-research-phase-plan/phase-01-foundation-baseline.md` as the source of truth; review the brief’s prerequisites and the prior day’s handoff when one exists. Complete the ordered tasks, make only changes authorized by the brief, run every verification check, and record deliverables and evidence. If external console access or authoritative evidence is unavailable, complete the repository-local fallback and mark the result pending or unknown—never infer or invent results. Finish by updating the evidence log and handoff, then report changed files, checks run, blockers, and the next-day readiness status.",Not started,,,,,,"A dated baseline schema and, when available, unmodified GSC exports for clicks, impressions, CTR, and position"
P01-D08,01,08,Run the broken-link crawl,deep-research-phase-plan/phase-01-foundation-baseline/day-08.md,deep-research-phase-plan/phase-01-foundation-baseline.md,"Execute `deep-research-phase-plan/phase-01-foundation-baseline/day-08.md` exactly as written. Your goal is: Run the broken-link crawl. Produce this outcome: A machine-readable internal-link result with false positives and crawl boundaries documented. Read `deep-research-phase-plan/phase-01-foundation-baseline.md` as the source of truth; review the brief’s prerequisites and the prior day’s handoff when one exists. Complete the ordered tasks, make only changes authorized by the brief, run every verification check, and record deliverables and evidence. If external console access or authoritative evidence is unavailable, complete the repository-local fallback and mark the result pending or unknown—never infer or invent results. Finish by updating the evidence log and handoff, then report changed files, checks run, blockers, and the next-day readiness status.",Not started,,,,,,A machine-readable internal-link result with false positives and crawl boundaries documented
P01-D09,01,09,Design the PDF redaction fixture,deep-research-phase-plan/phase-01-foundation-baseline/day-09.md,deep-research-phase-plan/phase-01-foundation-baseline.md,"Execute `deep-research-phase-plan/phase-01-foundation-baseline/day-09.md` exactly as written. Your goal is: Design the PDF redaction fixture. Produce this outcome: A safe synthetic PDF fixture and threat-model checklist containing a unique non-sensitive marker. Read `deep-research-phase-plan/phase-01-foundation-baseline.md` as the source of truth; review the brief’s prerequisites and the prior day’s handoff when one exists. Complete the ordered tasks, make only changes authorized by the brief, run every verification check, and record deliverables and evidence. If external console access or authoritative evidence is unavailable, complete the repository-local fallback and mark the result pending or unknown—never infer or invent results. Finish by updating the evidence log and handoff, then report changed files, checks run, blockers, and the next-day readiness status.",Not started,,,,,,A safe synthetic PDF fixture and threat-model checklist containing a unique non-sensitive marker
P01-D10,01,10,Execute PDF redaction security tests,deep-research-phase-plan/phase-01-foundation-baseline/day-10.md,deep-research-phase-plan/phase-01-foundation-baseline.md,"Execute `deep-research-phase-plan/phase-01-foundation-baseline/day-10.md` exactly as written. Your goal is: Execute PDF redaction security tests. Produce this outcome: A pass/fail/unknown report for every redaction attack, with output artifacts excluded if they contain test content. Read `deep-research-phase-plan/phase-01-foundation-baseline.md` as the source of truth; review the brief’s prerequisites and the prior day’s handoff when one exists. Complete the ordered tasks, make only changes authorized by the brief, run every verification check, and record deliverables and evidence. If external console access or authoritative evidence is unavailable, complete the repository-local fallback and mark the result pending or unknown—never infer or invent results. Finish by updating the evidence log and handoff, then report changed files, checks run, blockers, and the next-day readiness status.",Not started,,,,,,"A pass/fail/unknown report for every redaction attack, with output artifacts excluded if they contain test content"
P01-D11,01,11,Decide the redaction release response,deep-research-phase-plan/phase-01-foundation-baseline/day-11.md,deep-research-phase-plan/phase-01-foundation-baseline.md,"Execute `deep-research-phase-plan/phase-01-foundation-baseline/day-11.md` exactly as written. Your goal is: Decide the redaction release response. Produce this outcome: An evidence-backed decision: verified secure, P0 remediation, or rename/warning proposal; no unsupported safety claim. Read `deep-research-phase-plan/phase-01-foundation-baseline.md` as the source of truth; review the brief’s prerequisites and the prior day’s handoff when one exists. Complete the ordered tasks, make only changes authorized by the brief, run every verification check, and record deliverables and evidence. If external console access or authoritative evidence is unavailable, complete the repository-local fallback and mark the result pending or unknown—never infer or invent results. Finish by updating the evidence log and handoff, then report changed files, checks run, blockers, and the next-day readiness status.",Not started,,,,,,"An evidence-backed decision: verified secure, P0 remediation, or rename/warning proposal; no unsupported safety claim"
P01-D12,01,12,Consolidate technical blockers,deep-research-phase-plan/phase-01-foundation-baseline/day-12.md,deep-research-phase-plan/phase-01-foundation-baseline.md,"Execute `deep-research-phase-plan/phase-01-foundation-baseline/day-12.md` exactly as written. Your goal is: Consolidate technical blockers. Produce this outcome: A deduplicated P0/P1/P2 register with owner, evidence, dependency, and next action. Read `deep-research-phase-plan/phase-01-foundation-baseline.md` as the source of truth; review the brief’s prerequisites and the prior day’s handoff when one exists. Complete the ordered tasks, make only changes authorized by the brief, run every verification check, and record deliverables and evidence. If external console access or authoritative evidence is unavailable, complete the repository-local fallback and mark the result pending or unknown—never infer or invent results. Finish by updating the evidence log and handoff, then report changed files, checks run, blockers, and the next-day readiness status.",Not started,,,,,,"A deduplicated P0/P1/P2 register with owner, evidence, dependency, and next action"
P01-D13,01,13,Recheck representative regressions,deep-research-phase-plan/phase-01-foundation-baseline/day-13.md,deep-research-phase-plan/phase-01-foundation-baseline.md,"Execute `deep-research-phase-plan/phase-01-foundation-baseline/day-13.md` exactly as written. Your goal is: Recheck representative regressions. Produce this outcome: A repeatable smoke-check result for status, canonical, robots, sitemap, links, and core tool loading. Read `deep-research-phase-plan/phase-01-foundation-baseline.md` as the source of truth; review the brief’s prerequisites and the prior day’s handoff when one exists. Complete the ordered tasks, make only changes authorized by the brief, run every verification check, and record deliverables and evidence. If external console access or authoritative evidence is unavailable, complete the repository-local fallback and mark the result pending or unknown—never infer or invent results. Finish by updating the evidence log and handoff, then report changed files, checks run, blockers, and the next-day readiness status.",Not started,,,,,,"A repeatable smoke-check result for status, canonical, robots, sitemap, links, and core tool loading"
P01-D14,01,14,Publish the Phase 01 baseline handoff,deep-research-phase-plan/phase-01-foundation-baseline/day-14.md,deep-research-phase-plan/phase-01-foundation-baseline.md,"Execute `deep-research-phase-plan/phase-01-foundation-baseline/day-14.md` exactly as written. Your goal is: Publish the Phase 01 baseline handoff. Produce this outcome: A signed-off baseline pack and explicit go/no-go conditions for Phase 02. Read `deep-research-phase-plan/phase-01-foundation-baseline.md` as the source of truth; review the brief’s prerequisites and the prior day’s handoff when one exists. Complete the ordered tasks, make only changes authorized by the brief, run every verification check, and record deliverables and evidence. If external console access or authoritative evidence is unavailable, complete the repository-local fallback and mark the result pending or unknown—never infer or invent results. Finish by updating the evidence log and handoff, then report changed files, checks run, blockers, and the next-day readiness status.",Not started,,,,,,A signed-off baseline pack and explicit go/no-go conditions for Phase 02
P02-D01,02,01,Map the current information architecture,deep-research-phase-plan/phase-02-architecture-internal-linking/day-01.md,deep-research-phase-plan/phase-02-architecture-internal-linking.md,"Execute `deep-research-phase-plan/phase-02-architecture-internal-linking/day-01.md` exactly as written. Your goal is: Map the current information architecture. Produce this outcome: A page-to-cluster inventory that preserves existing URLs and flags ambiguous ownership. Read `deep-research-phase-plan/phase-02-architecture-internal-linking.md` as the source of truth; review the brief’s prerequisites and the prior day’s handoff when one exists. Complete the ordered tasks, make only changes authorized by the brief, run every verification check, and record deliverables and evidence. If external console access or authoritative evidence is unavailable, complete the repository-local fallback and mark the result pending or unknown—never infer or invent results. Finish by updating the evidence log and handoff, then report changed files, checks run, blockers, and the next-day readiness status.",Not started,,,,,,A page-to-cluster inventory that preserves existing URLs and flags ambiguous ownership
P02-D02,02,02,Define cluster governance,deep-research-phase-plan/phase-02-architecture-internal-linking/day-02.md,deep-research-phase-plan/phase-02-architecture-internal-linking.md,"Execute `deep-research-phase-plan/phase-02-architecture-internal-linking/day-02.md` exactly as written. Your goal is: Define cluster governance. Produce this outcome: An approved classification rule for PDF, Developer/Data, Browser/Device, and secondary clusters. Read `deep-research-phase-plan/phase-02-architecture-internal-linking.md` as the source of truth; review the brief’s prerequisites and the prior day’s handoff when one exists. Complete the ordered tasks, make only changes authorized by the brief, run every verification check, and record deliverables and evidence. If external console access or authoritative evidence is unavailable, complete the repository-local fallback and mark the result pending or unknown—never infer or invent results. Finish by updating the evidence log and handoff, then report changed files, checks run, blockers, and the next-day readiness status.",Not started,,,,,,"An approved classification rule for PDF, Developer/Data, Browser/Device, and secondary clusters"
P02-D03,02,03,Audit the PDF hub,deep-research-phase-plan/phase-02-architecture-internal-linking/day-03.md,deep-research-phase-plan/phase-02-architecture-internal-linking.md,"Execute `deep-research-phase-plan/phase-02-architecture-internal-linking/day-03.md` exactly as written. Your goal is: Audit the PDF hub. Produce this outcome: A concrete PDF hub gap and linking specification. Read `deep-research-phase-plan/phase-02-architecture-internal-linking.md` as the source of truth; review the brief’s prerequisites and the prior day’s handoff when one exists. Complete the ordered tasks, make only changes authorized by the brief, run every verification check, and record deliverables and evidence. If external console access or authoritative evidence is unavailable, complete the repository-local fallback and mark the result pending or unknown—never infer or invent results. Finish by updating the evidence log and handoff, then report changed files, checks run, blockers, and the next-day readiness status.",Not started,,,,,,A concrete PDF hub gap and linking specification
P02-D04,02,04,Audit the Developer/Data hub,deep-research-phase-plan/phase-02-architecture-internal-linking/day-04.md,deep-research-phase-plan/phase-02-architecture-internal-linking.md,"Execute `deep-research-phase-plan/phase-02-architecture-internal-linking/day-04.md` exactly as written. Your goal is: Audit the Developer/Data hub. Produce this outcome: A concrete Developer/Data hub gap and linking specification. Read `deep-research-phase-plan/phase-02-architecture-internal-linking.md` as the source of truth; review the brief’s prerequisites and the prior day’s handoff when one exists. Complete the ordered tasks, make only changes authorized by the brief, run every verification check, and record deliverables and evidence. If external console access or authoritative evidence is unavailable, complete the repository-local fallback and mark the result pending or unknown—never infer or invent results. Finish by updating the evidence log and handoff, then report changed files, checks run, blockers, and the next-day readiness status.",Not started,,,,,,A concrete Developer/Data hub gap and linking specification
P02-D05,02,05,Specify the Browser/Device hub,deep-research-phase-plan/phase-02-architecture-internal-linking/day-05.md,deep-research-phase-plan/phase-02-architecture-internal-linking.md,"Execute `deep-research-phase-plan/phase-02-architecture-internal-linking/day-05.md` exactly as written. Your goal is: Specify the Browser/Device hub. Produce this outcome: A repository-ready specification for the missing or existing Browser/Device hub without choosing an unverified URL migration. Read `deep-research-phase-plan/phase-02-architecture-internal-linking.md` as the source of truth; review the brief’s prerequisites and the prior day’s handoff when one exists. Complete the ordered tasks, make only changes authorized by the brief, run every verification check, and record deliverables and evidence. If external console access or authoritative evidence is unavailable, complete the repository-local fallback and mark the result pending or unknown—never infer or invent results. Finish by updating the evidence log and handoff, then report changed files, checks run, blockers, and the next-day readiness status.",Not started,,,,,,A repository-ready specification for the missing or existing Browser/Device hub without choosing an unverified URL migration
P02-D06,02,06,Design breadcrumb semantics,deep-research-phase-plan/phase-02-architecture-internal-linking/day-06.md,deep-research-phase-plan/phase-02-architecture-internal-linking.md,"Execute `deep-research-phase-plan/phase-02-architecture-internal-linking/day-06.md` exactly as written. Your goal is: Design breadcrumb semantics. Produce this outcome: A page-level breadcrumb map and accessible markup contract. Read `deep-research-phase-plan/phase-02-architecture-internal-linking.md` as the source of truth; review the brief’s prerequisites and the prior day’s handoff when one exists. Complete the ordered tasks, make only changes authorized by the brief, run every verification check, and record deliverables and evidence. If external console access or authoritative evidence is unavailable, complete the repository-local fallback and mark the result pending or unknown—never infer or invent results. Finish by updating the evidence log and handoff, then report changed files, checks run, blockers, and the next-day readiness status.",Not started,,,,,,A page-level breadcrumb map and accessible markup contract
P02-D07,02,07,Build the internal-link graph,deep-research-phase-plan/phase-02-architecture-internal-linking/day-07.md,deep-research-phase-plan/phase-02-architecture-internal-linking.md,"Execute `deep-research-phase-plan/phase-02-architecture-internal-linking/day-07.md` exactly as written. Your goal is: Build the internal-link graph. Produce this outcome: A source-target-anchor-purpose matrix for all priority pages. Read `deep-research-phase-plan/phase-02-architecture-internal-linking.md` as the source of truth; review the brief’s prerequisites and the prior day’s handoff when one exists. Complete the ordered tasks, make only changes authorized by the brief, run every verification check, and record deliverables and evidence. If external console access or authoritative evidence is unavailable, complete the repository-local fallback and mark the result pending or unknown—never infer or invent results. Finish by updating the evidence log and handoff, then report changed files, checks run, blockers, and the next-day readiness status.",Not started,,,,,,A source-target-anchor-purpose matrix for all priority pages
P02-D08,02,08,Review homepage positioning,deep-research-phase-plan/phase-02-architecture-internal-linking/day-08.md,deep-research-phase-plan/phase-02-architecture-internal-linking.md,"Execute `deep-research-phase-plan/phase-02-architecture-internal-linking/day-08.md` exactly as written. Your goal is: Review homepage positioning. Produce this outcome: An evidence-constrained homepage copy and navigation proposal, not an automatic deployment. Read `deep-research-phase-plan/phase-02-architecture-internal-linking.md` as the source of truth; review the brief’s prerequisites and the prior day’s handoff when one exists. Complete the ordered tasks, make only changes authorized by the brief, run every verification check, and record deliverables and evidence. If external console access or authoritative evidence is unavailable, complete the repository-local fallback and mark the result pending or unknown—never infer or invent results. Finish by updating the evidence log and handoff, then report changed files, checks run, blockers, and the next-day readiness status.",Not started,,,,,,"An evidence-constrained homepage copy and navigation proposal, not an automatic deployment"
P02-D09,02,09,Create the URL preservation register,deep-research-phase-plan/phase-02-architecture-internal-linking/day-09.md,deep-research-phase-plan/phase-02-architecture-internal-linking.md,"Execute `deep-research-phase-plan/phase-02-architecture-internal-linking/day-09.md` exactly as written. Your goal is: Create the URL preservation register. Produce this outcome: A list of URLs that must not move and an approval checklist for any exception. Read `deep-research-phase-plan/phase-02-architecture-internal-linking.md` as the source of truth; review the brief’s prerequisites and the prior day’s handoff when one exists. Complete the ordered tasks, make only changes authorized by the brief, run every verification check, and record deliverables and evidence. If external console access or authoritative evidence is unavailable, complete the repository-local fallback and mark the result pending or unknown—never infer or invent results. Finish by updating the evidence log and handoff, then report changed files, checks run, blockers, and the next-day readiness status.",Not started,,,,,,A list of URLs that must not move and an approval checklist for any exception
P02-D10,02,10,Specify PDF hub implementation,deep-research-phase-plan/phase-02-architecture-internal-linking/day-10.md,deep-research-phase-plan/phase-02-architecture-internal-linking.md,"Execute `deep-research-phase-plan/phase-02-architecture-internal-linking/day-10.md` exactly as written. Your goal is: Specify PDF hub implementation. Produce this outcome: An ordered, file-specific change set for a later coding session. Read `deep-research-phase-plan/phase-02-architecture-internal-linking.md` as the source of truth; review the brief’s prerequisites and the prior day’s handoff when one exists. Complete the ordered tasks, make only changes authorized by the brief, run every verification check, and record deliverables and evidence. If external console access or authoritative evidence is unavailable, complete the repository-local fallback and mark the result pending or unknown—never infer or invent results. Finish by updating the evidence log and handoff, then report changed files, checks run, blockers, and the next-day readiness status.",Not started,,,,,,"An ordered, file-specific change set for a later coding session"
P02-D11,02,11,Specify Developer hub implementation,deep-research-phase-plan/phase-02-architecture-internal-linking/day-11.md,deep-research-phase-plan/phase-02-architecture-internal-linking.md,"Execute `deep-research-phase-plan/phase-02-architecture-internal-linking/day-11.md` exactly as written. Your goal is: Specify Developer hub implementation. Produce this outcome: An ordered, file-specific change set for a later coding session. Read `deep-research-phase-plan/phase-02-architecture-internal-linking.md` as the source of truth; review the brief’s prerequisites and the prior day’s handoff when one exists. Complete the ordered tasks, make only changes authorized by the brief, run every verification check, and record deliverables and evidence. If external console access or authoritative evidence is unavailable, complete the repository-local fallback and mark the result pending or unknown—never infer or invent results. Finish by updating the evidence log and handoff, then report changed files, checks run, blockers, and the next-day readiness status.",Not started,,,,,,"An ordered, file-specific change set for a later coding session"
P02-D12,02,12,Specify Browser hub implementation,deep-research-phase-plan/phase-02-architecture-internal-linking/day-12.md,deep-research-phase-plan/phase-02-architecture-internal-linking.md,"Execute `deep-research-phase-plan/phase-02-architecture-internal-linking/day-12.md` exactly as written. Your goal is: Specify Browser hub implementation. Produce this outcome: An approved implementation or hold decision with exact affected paths. Read `deep-research-phase-plan/phase-02-architecture-internal-linking.md` as the source of truth; review the brief’s prerequisites and the prior day’s handoff when one exists. Complete the ordered tasks, make only changes authorized by the brief, run every verification check, and record deliverables and evidence. If external console access or authoritative evidence is unavailable, complete the repository-local fallback and mark the result pending or unknown—never infer or invent results. Finish by updating the evidence log and handoff, then report changed files, checks run, blockers, and the next-day readiness status.",Not started,,,,,,An approved implementation or hold decision with exact affected paths
P02-D13,02,13,Validate the architecture plan,deep-research-phase-plan/phase-02-architecture-internal-linking/day-13.md,deep-research-phase-plan/phase-02-architecture-internal-linking.md,"Execute `deep-research-phase-plan/phase-02-architecture-internal-linking/day-13.md` exactly as written. Your goal is: Validate the architecture plan. Produce this outcome: A link-graph and UX review showing every priority page has a crawlable hub path and useful return path. Read `deep-research-phase-plan/phase-02-architecture-internal-linking.md` as the source of truth; review the brief’s prerequisites and the prior day’s handoff when one exists. Complete the ordered tasks, make only changes authorized by the brief, run every verification check, and record deliverables and evidence. If external console access or authoritative evidence is unavailable, complete the repository-local fallback and mark the result pending or unknown—never infer or invent results. Finish by updating the evidence log and handoff, then report changed files, checks run, blockers, and the next-day readiness status.",Not started,,,,,,A link-graph and UX review showing every priority page has a crawlable hub path and useful return path
P02-D14,02,14,Publish the Phase 02 handoff,deep-research-phase-plan/phase-02-architecture-internal-linking/day-14.md,deep-research-phase-plan/phase-02-architecture-internal-linking.md,"Execute `deep-research-phase-plan/phase-02-architecture-internal-linking/day-14.md` exactly as written. Your goal is: Publish the Phase 02 handoff. Produce this outcome: A frozen architecture packet that Phase 03 can use for contextual copy and links. Read `deep-research-phase-plan/phase-02-architecture-internal-linking.md` as the source of truth; review the brief’s prerequisites and the prior day’s handoff when one exists. Complete the ordered tasks, make only changes authorized by the brief, run every verification check, and record deliverables and evidence. If external console access or authoritative evidence is unavailable, complete the repository-local fallback and mark the result pending or unknown—never infer or invent results. Finish by updating the evidence log and handoff, then report changed files, checks run, blockers, and the next-day readiness status.",Not started,,,,,,A frozen architecture packet that Phase 03 can use for contextual copy and links
P03-D01,03,01,Inventory repeated content patterns,deep-research-phase-plan/phase-03-content-differentiation/day-01.md,deep-research-phase-plan/phase-03-content-differentiation.md,"Execute `deep-research-phase-plan/phase-03-content-differentiation/day-01.md` exactly as written. Your goal is: Inventory repeated content patterns. Produce this outcome: A quoted-and-located boilerplate inventory across priority PDF and developer pages. Read `deep-research-phase-plan/phase-03-content-differentiation.md` as the source of truth; review the brief’s prerequisites and the prior day’s handoff when one exists. Complete the ordered tasks, make only changes authorized by the brief, run every verification check, and record deliverables and evidence. If external console access or authoritative evidence is unavailable, complete the repository-local fallback and mark the result pending or unknown—never infer or invent results. Finish by updating the evidence log and handoff, then report changed files, checks run, blockers, and the next-day readiness status.",Not started,,,,,,A quoted-and-located boilerplate inventory across priority PDF and developer pages
P03-D02,03,02,Create the accuracy fact sheet,deep-research-phase-plan/phase-03-content-differentiation/day-02.md,deep-research-phase-plan/phase-03-content-differentiation.md,"Execute `deep-research-phase-plan/phase-03-content-differentiation/day-02.md` exactly as written. Your goal is: Create the accuracy fact sheet. Produce this outcome: A per-tool fact matrix for formats, limits, processing location, network behavior, and known errors. Read `deep-research-phase-plan/phase-03-content-differentiation.md` as the source of truth; review the brief’s prerequisites and the prior day’s handoff when one exists. Complete the ordered tasks, make only changes authorized by the brief, run every verification check, and record deliverables and evidence. If external console access or authoritative evidence is unavailable, complete the repository-local fallback and mark the result pending or unknown—never infer or invent results. Finish by updating the evidence log and handoff, then report changed files, checks run, blockers, and the next-day readiness status.",Not started,,,,,,"A per-tool fact matrix for formats, limits, processing location, network behavior, and known errors"
P03-D03,03,03,Prioritize the first 20 rewrites,deep-research-phase-plan/phase-03-content-differentiation/day-03.md,deep-research-phase-plan/phase-03-content-differentiation.md,"Execute `deep-research-phase-plan/phase-03-content-differentiation/day-03.md` exactly as written. Your goal is: Prioritize the first 20 rewrites. Produce this outcome: An evidence-ranked queue of up to ten PDF and ten developer pages. Read `deep-research-phase-plan/phase-03-content-differentiation.md` as the source of truth; review the brief’s prerequisites and the prior day’s handoff when one exists. Complete the ordered tasks, make only changes authorized by the brief, run every verification check, and record deliverables and evidence. If external console access or authoritative evidence is unavailable, complete the repository-local fallback and mark the result pending or unknown—never infer or invent results. Finish by updating the evidence log and handoff, then report changed files, checks run, blockers, and the next-day readiness status.",Not started,,,,,,An evidence-ranked queue of up to ten PDF and ten developer pages
P03-D04,03,04,Write the content component specification,deep-research-phase-plan/phase-03-content-differentiation/day-04.md,deep-research-phase-plan/phase-03-content-differentiation.md,"Execute `deep-research-phase-plan/phase-03-content-differentiation/day-04.md` exactly as written. Your goal is: Write the content component specification. Produce this outcome: A reusable but non-boilerplate brief for intro, example, mechanics, limits, privacy, errors, and next-step links. Read `deep-research-phase-plan/phase-03-content-differentiation.md` as the source of truth; review the brief’s prerequisites and the prior day’s handoff when one exists. Complete the ordered tasks, make only changes authorized by the brief, run every verification check, and record deliverables and evidence. If external console access or authoritative evidence is unavailable, complete the repository-local fallback and mark the result pending or unknown—never infer or invent results. Finish by updating the evidence log and handoff, then report changed files, checks run, blockers, and the next-day readiness status.",Not started,,,,,,"A reusable but non-boilerplate brief for intro, example, mechanics, limits, privacy, errors, and next-step links"
P03-D05,03,05,Brief PDF merge and split workflows,deep-research-phase-plan/phase-03-content-differentiation/day-05.md,deep-research-phase-plan/phase-03-content-differentiation.md,"Execute `deep-research-phase-plan/phase-03-content-differentiation/day-05.md` exactly as written. Your goal is: Brief PDF merge and split workflows. Produce this outcome: Implementation-ready briefs for Merge PDF and Split PDF with verified examples and constraints. Read `deep-research-phase-plan/phase-03-content-differentiation.md` as the source of truth; review the brief’s prerequisites and the prior day’s handoff when one exists. Complete the ordered tasks, make only changes authorized by the brief, run every verification check, and record deliverables and evidence. If external console access or authoritative evidence is unavailable, complete the repository-local fallback and mark the result pending or unknown—never infer or invent results. Finish by updating the evidence log and handoff, then report changed files, checks run, blockers, and the next-day readiness status.",Not started,,,,,,Implementation-ready briefs for Merge PDF and Split PDF with verified examples and constraints
P03-D06,03,06,Brief PDF compression and organization,deep-research-phase-plan/phase-03-content-differentiation/day-06.md,deep-research-phase-plan/phase-03-content-differentiation.md,"Execute `deep-research-phase-plan/phase-03-content-differentiation/day-06.md` exactly as written. Your goal is: Brief PDF compression and organization. Produce this outcome: Implementation-ready briefs for Compress/Optimize and Organize PDF without promising unmeasured savings. Read `deep-research-phase-plan/phase-03-content-differentiation.md` as the source of truth; review the brief’s prerequisites and the prior day’s handoff when one exists. Complete the ordered tasks, make only changes authorized by the brief, run every verification check, and record deliverables and evidence. If external console access or authoritative evidence is unavailable, complete the repository-local fallback and mark the result pending or unknown—never infer or invent results. Finish by updating the evidence log and handoff, then report changed files, checks run, blockers, and the next-day readiness status.",Not started,,,,,,Implementation-ready briefs for Compress/Optimize and Organize PDF without promising unmeasured savings
P03-D07,03,07,Brief PDF conversion workflows,deep-research-phase-plan/phase-03-content-differentiation/day-07.md,deep-research-phase-plan/phase-03-content-differentiation.md,"Execute `deep-research-phase-plan/phase-03-content-differentiation/day-07.md` exactly as written. Your goal is: Brief PDF conversion workflows. Produce this outcome: Implementation-ready briefs for JPG to PDF and PDF to JPG. Read `deep-research-phase-plan/phase-03-content-differentiation.md` as the source of truth; review the brief’s prerequisites and the prior day’s handoff when one exists. Complete the ordered tasks, make only changes authorized by the brief, run every verification check, and record deliverables and evidence. If external console access or authoritative evidence is unavailable, complete the repository-local fallback and mark the result pending or unknown—never infer or invent results. Finish by updating the evidence log and handoff, then report changed files, checks run, blockers, and the next-day readiness status.",Not started,,,,,,Implementation-ready briefs for JPG to PDF and PDF to JPG
P03-D08,03,08,Brief PDF trust-sensitive tools,deep-research-phase-plan/phase-03-content-differentiation/day-08.md,deep-research-phase-plan/phase-03-content-differentiation.md,"Execute `deep-research-phase-plan/phase-03-content-differentiation/day-08.md` exactly as written. Your goal is: Brief PDF trust-sensitive tools. Produce this outcome: Implementation-ready briefs for OCR, Redact/Blackout, and PDF Security using Phase 01 safety evidence. Read `deep-research-phase-plan/phase-03-content-differentiation.md` as the source of truth; review the brief’s prerequisites and the prior day’s handoff when one exists. Complete the ordered tasks, make only changes authorized by the brief, run every verification check, and record deliverables and evidence. If external console access or authoritative evidence is unavailable, complete the repository-local fallback and mark the result pending or unknown—never infer or invent results. Finish by updating the evidence log and handoff, then report changed files, checks run, blockers, and the next-day readiness status.",Not started,,,,,,"Implementation-ready briefs for OCR, Redact/Blackout, and PDF Security using Phase 01 safety evidence"
P03-D09,03,09,Brief JSON and CSV tools,deep-research-phase-plan/phase-03-content-differentiation/day-09.md,deep-research-phase-plan/phase-03-content-differentiation.md,"Execute `deep-research-phase-plan/phase-03-content-differentiation/day-09.md` exactly as written. Your goal is: Brief JSON and CSV tools. Produce this outcome: Implementation-ready briefs for JSON Formatter, CSV to SQL, and CSV Query. Read `deep-research-phase-plan/phase-03-content-differentiation.md` as the source of truth; review the brief’s prerequisites and the prior day’s handoff when one exists. Complete the ordered tasks, make only changes authorized by the brief, run every verification check, and record deliverables and evidence. If external console access or authoritative evidence is unavailable, complete the repository-local fallback and mark the result pending or unknown—never infer or invent results. Finish by updating the evidence log and handoff, then report changed files, checks run, blockers, and the next-day readiness status.",Not started,,,,,,"Implementation-ready briefs for JSON Formatter, CSV to SQL, and CSV Query"
P03-D10,03,10,Brief decoding and pattern tools,deep-research-phase-plan/phase-03-content-differentiation/day-10.md,deep-research-phase-plan/phase-03-content-differentiation.md,"Execute `deep-research-phase-plan/phase-03-content-differentiation/day-10.md` exactly as written. Your goal is: Brief decoding and pattern tools. Produce this outcome: Implementation-ready briefs for JWT Decoder, Regex Tester, Base64 Encoder, and URL Encoder. Read `deep-research-phase-plan/phase-03-content-differentiation.md` as the source of truth; review the brief’s prerequisites and the prior day’s handoff when one exists. Complete the ordered tasks, make only changes authorized by the brief, run every verification check, and record deliverables and evidence. If external console access or authoritative evidence is unavailable, complete the repository-local fallback and mark the result pending or unknown—never infer or invent results. Finish by updating the evidence log and handoff, then report changed files, checks run, blockers, and the next-day readiness status.",Not started,,,,,,"Implementation-ready briefs for JWT Decoder, Regex Tester, Base64 Encoder, and URL Encoder"
P03-D11,03,11,Brief hash and cron tools,deep-research-phase-plan/phase-03-content-differentiation/day-11.md,deep-research-phase-plan/phase-03-content-differentiation.md,"Execute `deep-research-phase-plan/phase-03-content-differentiation/day-11.md` exactly as written. Your goal is: Brief hash and cron tools. Produce this outcome: Implementation-ready briefs for Hash Generator and Cron Expression Parser. Read `deep-research-phase-plan/phase-03-content-differentiation.md` as the source of truth; review the brief’s prerequisites and the prior day’s handoff when one exists. Complete the ordered tasks, make only changes authorized by the brief, run every verification check, and record deliverables and evidence. If external console access or authoritative evidence is unavailable, complete the repository-local fallback and mark the result pending or unknown—never infer or invent results. Finish by updating the evidence log and handoff, then report changed files, checks run, blockers, and the next-day readiness status.",Not started,,,,,,Implementation-ready briefs for Hash Generator and Cron Expression Parser
P03-D12,03,12,"Review privacy, safety, and language",deep-research-phase-plan/phase-03-content-differentiation/day-12.md,deep-research-phase-plan/phase-03-content-differentiation.md,"Execute `deep-research-phase-plan/phase-03-content-differentiation/day-12.md` exactly as written. Your goal is: Review privacy, safety, and language. Produce this outcome: A review log resolving or blocking every factual and trust-sensitive claim. Read `deep-research-phase-plan/phase-03-content-differentiation.md` as the source of truth; review the brief’s prerequisites and the prior day’s handoff when one exists. Complete the ordered tasks, make only changes authorized by the brief, run every verification check, and record deliverables and evidence. If external console access or authoritative evidence is unavailable, complete the repository-local fallback and mark the result pending or unknown—never infer or invent results. Finish by updating the evidence log and handoff, then report changed files, checks run, blockers, and the next-day readiness status.",Not started,,,,,,A review log resolving or blocking every factual and trust-sensitive claim
P03-D13,03,13,Validate briefs against real UIs,deep-research-phase-plan/phase-03-content-differentiation/day-13.md,deep-research-phase-plan/phase-03-content-differentiation.md,"Execute `deep-research-phase-plan/phase-03-content-differentiation/day-13.md` exactly as written. Your goal is: Validate briefs against real UIs. Produce this outcome: A selector-level compatibility report and sample desktop/mobile walkthrough. Read `deep-research-phase-plan/phase-03-content-differentiation.md` as the source of truth; review the brief’s prerequisites and the prior day’s handoff when one exists. Complete the ordered tasks, make only changes authorized by the brief, run every verification check, and record deliverables and evidence. If external console access or authoritative evidence is unavailable, complete the repository-local fallback and mark the result pending or unknown—never infer or invent results. Finish by updating the evidence log and handoff, then report changed files, checks run, blockers, and the next-day readiness status.",Not started,,,,,,A selector-level compatibility report and sample desktop/mobile walkthrough
P03-D14,03,14,Publish the Phase 03 handoff,deep-research-phase-plan/phase-03-content-differentiation/day-14.md,deep-research-phase-plan/phase-03-content-differentiation.md,"Execute `deep-research-phase-plan/phase-03-content-differentiation/day-14.md` exactly as written. Your goal is: Publish the Phase 03 handoff. Produce this outcome: A prioritized, fact-checked rewrite packet with acceptance tests and unresolved facts. Read `deep-research-phase-plan/phase-03-content-differentiation.md` as the source of truth; review the brief’s prerequisites and the prior day’s handoff when one exists. Complete the ordered tasks, make only changes authorized by the brief, run every verification check, and record deliverables and evidence. If external console access or authoritative evidence is unavailable, complete the repository-local fallback and mark the result pending or unknown—never infer or invent results. Finish by updating the evidence log and handoff, then report changed files, checks run, blockers, and the next-day readiness status.",Not started,,,,,,"A prioritized, fact-checked rewrite packet with acceptance tests and unresolved facts"
P04-D01,04,01,Define measurement protocol,deep-research-phase-plan/phase-04-performance-privacy-release-gates/day-01.md,deep-research-phase-plan/phase-04-performance-privacy-release-gates.md,"Execute `deep-research-phase-plan/phase-04-performance-privacy-release-gates/day-01.md` exactly as written. Your goal is: Define measurement protocol. Produce this outcome: A repeatable lab/field measurement protocol with device, network, runs, URLs, and evidence rules. Read `deep-research-phase-plan/phase-04-performance-privacy-release-gates.md` as the source of truth; review the brief’s prerequisites and the prior day’s handoff when one exists. Complete the ordered tasks, make only changes authorized by the brief, run every verification check, and record deliverables and evidence. If external console access or authoritative evidence is unavailable, complete the repository-local fallback and mark the result pending or unknown—never infer or invent results. Finish by updating the evidence log and handoff, then report changed files, checks run, blockers, and the next-day readiness status.",Not started,,,,,,"A repeatable lab/field measurement protocol with device, network, runs, URLs, and evidence rules"
P04-D02,04,02,Capture repository-local performance baseline,deep-research-phase-plan/phase-04-performance-privacy-release-gates/day-02.md,deep-research-phase-plan/phase-04-performance-privacy-release-gates.md,"Execute `deep-research-phase-plan/phase-04-performance-privacy-release-gates/day-02.md` exactly as written. Your goal is: Capture repository-local performance baseline. Produce this outcome: A local baseline for the seven priority URLs, clearly not represented as production field performance. Read `deep-research-phase-plan/phase-04-performance-privacy-release-gates.md` as the source of truth; review the brief’s prerequisites and the prior day’s handoff when one exists. Complete the ordered tasks, make only changes authorized by the brief, run every verification check, and record deliverables and evidence. If external console access or authoritative evidence is unavailable, complete the repository-local fallback and mark the result pending or unknown—never infer or invent results. Finish by updating the evidence log and handoff, then report changed files, checks run, blockers, and the next-day readiness status.",Not started,,,,,,"A local baseline for the seven priority URLs, clearly not represented as production field performance"
P04-D03,04,03,Capture production and field evidence,deep-research-phase-plan/phase-04-performance-privacy-release-gates/day-03.md,deep-research-phase-plan/phase-04-performance-privacy-release-gates.md,"Execute `deep-research-phase-plan/phase-04-performance-privacy-release-gates/day-03.md` exactly as written. Your goal is: Capture production and field evidence. Produce this outcome: A production lab/field evidence log or a complete pending-access procedure. Read `deep-research-phase-plan/phase-04-performance-privacy-release-gates.md` as the source of truth; review the brief’s prerequisites and the prior day’s handoff when one exists. Complete the ordered tasks, make only changes authorized by the brief, run every verification check, and record deliverables and evidence. If external console access or authoritative evidence is unavailable, complete the repository-local fallback and mark the result pending or unknown—never infer or invent results. Finish by updating the evidence log and handoff, then report changed files, checks run, blockers, and the next-day readiness status.",Not started,,,,,,A production lab/field evidence log or a complete pending-access procedure
P04-D04,04,04,Audit heavy-library loading,deep-research-phase-plan/phase-04-performance-privacy-release-gates/day-04.md,deep-research-phase-plan/phase-04-performance-privacy-release-gates.md,"Execute `deep-research-phase-plan/phase-04-performance-privacy-release-gates/day-04.md` exactly as written. Your goal is: Audit heavy-library loading. Produce this outcome: A route-by-route matrix showing where PDF, OCR, image, and other heavy code loads. Read `deep-research-phase-plan/phase-04-performance-privacy-release-gates.md` as the source of truth; review the brief’s prerequisites and the prior day’s handoff when one exists. Complete the ordered tasks, make only changes authorized by the brief, run every verification check, and record deliverables and evidence. If external console access or authoritative evidence is unavailable, complete the repository-local fallback and mark the result pending or unknown—never infer or invent results. Finish by updating the evidence log and handoff, then report changed files, checks run, blockers, and the next-day readiness status.",Not started,,,,,,"A route-by-route matrix showing where PDF, OCR, image, and other heavy code loads"
P04-D05,04,05,Audit third-party requests,deep-research-phase-plan/phase-04-performance-privacy-release-gates/day-05.md,deep-research-phase-plan/phase-04-performance-privacy-release-gates.md,"Execute `deep-research-phase-plan/phase-04-performance-privacy-release-gates/day-05.md` exactly as written. Your goal is: Audit third-party requests. Produce this outcome: A request inventory with purpose, initiator, data class, consent requirement, and owner. Read `deep-research-phase-plan/phase-04-performance-privacy-release-gates.md` as the source of truth; review the brief’s prerequisites and the prior day’s handoff when one exists. Complete the ordered tasks, make only changes authorized by the brief, run every verification check, and record deliverables and evidence. If external console access or authoritative evidence is unavailable, complete the repository-local fallback and mark the result pending or unknown—never infer or invent results. Finish by updating the evidence log and handoff, then report changed files, checks run, blockers, and the next-day readiness status.",Not started,,,,,,"A request inventory with purpose, initiator, data class, consent requirement, and owner"
P04-D06,04,06,Map privacy claims to behavior,deep-research-phase-plan/phase-04-performance-privacy-release-gates/day-06.md,deep-research-phase-plan/phase-04-performance-privacy-release-gates.md,"Execute `deep-research-phase-plan/phase-04-performance-privacy-release-gates/day-06.md` exactly as written. Your goal is: Map privacy claims to behavior. Produce this outcome: A claim-to-evidence matrix and safer wording proposal for every network-capable priority tool. Read `deep-research-phase-plan/phase-04-performance-privacy-release-gates.md` as the source of truth; review the brief’s prerequisites and the prior day’s handoff when one exists. Complete the ordered tasks, make only changes authorized by the brief, run every verification check, and record deliverables and evidence. If external console access or authoritative evidence is unavailable, complete the repository-local fallback and mark the result pending or unknown—never infer or invent results. Finish by updating the evidence log and handoff, then report changed files, checks run, blockers, and the next-day readiness status.",Not started,,,,,,A claim-to-evidence matrix and safer wording proposal for every network-capable priority tool
P04-D07,04,07,Specify lazy-loading and code-splitting work,deep-research-phase-plan/phase-04-performance-privacy-release-gates/day-07.md,deep-research-phase-plan/phase-04-performance-privacy-release-gates.md,"Execute `deep-research-phase-plan/phase-04-performance-privacy-release-gates/day-07.md` exactly as written. Your goal is: Specify lazy-loading and code-splitting work. Produce this outcome: A route-specific implementation plan with expected measurement and rollback, not speculative savings. Read `deep-research-phase-plan/phase-04-performance-privacy-release-gates.md` as the source of truth; review the brief’s prerequisites and the prior day’s handoff when one exists. Complete the ordered tasks, make only changes authorized by the brief, run every verification check, and record deliverables and evidence. If external console access or authoritative evidence is unavailable, complete the repository-local fallback and mark the result pending or unknown—never infer or invent results. Finish by updating the evidence log and handoff, then report changed files, checks run, blockers, and the next-day readiness status.",Not started,,,,,,"A route-specific implementation plan with expected measurement and rollback, not speculative savings"
P04-D08,04,08,Define the SEO release gate,deep-research-phase-plan/phase-04-performance-privacy-release-gates/day-08.md,deep-research-phase-plan/phase-04-performance-privacy-release-gates.md,"Execute `deep-research-phase-plan/phase-04-performance-privacy-release-gates/day-08.md` exactly as written. Your goal is: Define the SEO release gate. Produce this outcome: An automatable gate for build, status, robots, sitemap, canonical, noindex, hreflang, and links. Read `deep-research-phase-plan/phase-04-performance-privacy-release-gates.md` as the source of truth; review the brief’s prerequisites and the prior day’s handoff when one exists. Complete the ordered tasks, make only changes authorized by the brief, run every verification check, and record deliverables and evidence. If external console access or authoritative evidence is unavailable, complete the repository-local fallback and mark the result pending or unknown—never infer or invent results. Finish by updating the evidence log and handoff, then report changed files, checks run, blockers, and the next-day readiness status.",Not started,,,,,,"An automatable gate for build, status, robots, sitemap, canonical, noindex, hreflang, and links"
P04-D09,04,09,Define the product and browser gate,deep-research-phase-plan/phase-04-performance-privacy-release-gates/day-09.md,deep-research-phase-plan/phase-04-performance-privacy-release-gates.md,"Execute `deep-research-phase-plan/phase-04-performance-privacy-release-gates/day-09.md` exactly as written. Your goal is: Define the product and browser gate. Produce this outcome: A repeatable smoke suite for core task success, console errors, mobile layout, and accessibility basics. Read `deep-research-phase-plan/phase-04-performance-privacy-release-gates.md` as the source of truth; review the brief’s prerequisites and the prior day’s handoff when one exists. Complete the ordered tasks, make only changes authorized by the brief, run every verification check, and record deliverables and evidence. If external console access or authoritative evidence is unavailable, complete the repository-local fallback and mark the result pending or unknown—never infer or invent results. Finish by updating the evidence log and handoff, then report changed files, checks run, blockers, and the next-day readiness status.",Not started,,,,,,"A repeatable smoke suite for core task success, console errors, mobile layout, and accessibility basics"
P04-D10,04,10,Define privacy-safe analytics,deep-research-phase-plan/phase-04-performance-privacy-release-gates/day-10.md,deep-research-phase-plan/phase-04-performance-privacy-release-gates.md,"Execute `deep-research-phase-plan/phase-04-performance-privacy-release-gates/day-10.md` exactly as written. Your goal is: Define privacy-safe analytics. Produce this outcome: An event/data dictionary for the nine approved events and four approved properties. Read `deep-research-phase-plan/phase-04-performance-privacy-release-gates.md` as the source of truth; review the brief’s prerequisites and the prior day’s handoff when one exists. Complete the ordered tasks, make only changes authorized by the brief, run every verification check, and record deliverables and evidence. If external console access or authoritative evidence is unavailable, complete the repository-local fallback and mark the result pending or unknown—never infer or invent results. Finish by updating the evidence log and handoff, then report changed files, checks run, blockers, and the next-day readiness status.",Not started,,,,,,An event/data dictionary for the nine approved events and four approved properties
P04-D11,04,11,Set budgets and decision thresholds,deep-research-phase-plan/phase-04-performance-privacy-release-gates/day-11.md,deep-research-phase-plan/phase-04-performance-privacy-release-gates.md,"Execute `deep-research-phase-plan/phase-04-performance-privacy-release-gates/day-11.md` exactly as written. Your goal is: Set budgets and decision thresholds. Produce this outcome: A signed-off budget table and regression policy tied to measurement uncertainty. Read `deep-research-phase-plan/phase-04-performance-privacy-release-gates.md` as the source of truth; review the brief’s prerequisites and the prior day’s handoff when one exists. Complete the ordered tasks, make only changes authorized by the brief, run every verification check, and record deliverables and evidence. If external console access or authoritative evidence is unavailable, complete the repository-local fallback and mark the result pending or unknown—never infer or invent results. Finish by updating the evidence log and handoff, then report changed files, checks run, blockers, and the next-day readiness status.",Not started,,,,,,A signed-off budget table and regression policy tied to measurement uncertainty
P04-D12,04,12,Write release and rollback runbook,deep-research-phase-plan/phase-04-performance-privacy-release-gates/day-12.md,deep-research-phase-plan/phase-04-performance-privacy-release-gates.md,"Execute `deep-research-phase-plan/phase-04-performance-privacy-release-gates/day-12.md` exactly as written. Your goal is: Write release and rollback runbook. Produce this outcome: A timed daytime-release checklist with owner, observation window, and rollback triggers. Read `deep-research-phase-plan/phase-04-performance-privacy-release-gates.md` as the source of truth; review the brief’s prerequisites and the prior day’s handoff when one exists. Complete the ordered tasks, make only changes authorized by the brief, run every verification check, and record deliverables and evidence. If external console access or authoritative evidence is unavailable, complete the repository-local fallback and mark the result pending or unknown—never infer or invent results. Finish by updating the evidence log and handoff, then report changed files, checks run, blockers, and the next-day readiness status.",Not started,,,,,,"A timed daytime-release checklist with owner, observation window, and rollback triggers"
P04-D13,04,13,Dry-run the gates without roadmap changes,deep-research-phase-plan/phase-04-performance-privacy-release-gates/day-13.md,deep-research-phase-plan/phase-04-performance-privacy-release-gates.md,"Execute `deep-research-phase-plan/phase-04-performance-privacy-release-gates/day-13.md` exactly as written. Your goal is: Dry-run the gates without roadmap changes. Produce this outcome: A dry-run report proving the checks execute and distinguishing existing failures from gate defects. Read `deep-research-phase-plan/phase-04-performance-privacy-release-gates.md` as the source of truth; review the brief’s prerequisites and the prior day’s handoff when one exists. Complete the ordered tasks, make only changes authorized by the brief, run every verification check, and record deliverables and evidence. If external console access or authoritative evidence is unavailable, complete the repository-local fallback and mark the result pending or unknown—never infer or invent results. Finish by updating the evidence log and handoff, then report changed files, checks run, blockers, and the next-day readiness status.",Not started,,,,,,A dry-run report proving the checks execute and distinguishing existing failures from gate defects
P04-D14,04,14,Publish the Phase 04 handoff,deep-research-phase-plan/phase-04-performance-privacy-release-gates/day-14.md,deep-research-phase-plan/phase-04-performance-privacy-release-gates.md,"Execute `deep-research-phase-plan/phase-04-performance-privacy-release-gates/day-14.md` exactly as written. Your goal is: Publish the Phase 04 handoff. Produce this outcome: A versioned release-gate packet and unresolved production/console dependencies for Phase 05. Read `deep-research-phase-plan/phase-04-performance-privacy-release-gates.md` as the source of truth; review the brief’s prerequisites and the prior day’s handoff when one exists. Complete the ordered tasks, make only changes authorized by the brief, run every verification check, and record deliverables and evidence. If external console access or authoritative evidence is unavailable, complete the repository-local fallback and mark the result pending or unknown—never infer or invent results. Finish by updating the evidence log and handoff, then report changed files, checks run, blockers, and the next-day readiness status.",Not started,,,,,,A versioned release-gate packet and unresolved production/console dependencies for Phase 05
P05-D01,05,01,Inventory localized URLs,deep-research-phase-plan/phase-05-international-seo/day-01.md,deep-research-phase-plan/phase-05-international-seo.md,"Execute `deep-research-phase-plan/phase-05-international-seo/day-01.md` exactly as written. Your goal is: Inventory localized URLs. Produce this outcome: A locale/path/content inventory beginning with Spanish and separating existing pages from planned pilots. Read `deep-research-phase-plan/phase-05-international-seo.md` as the source of truth; review the brief’s prerequisites and the prior day’s handoff when one exists. Complete the ordered tasks, make only changes authorized by the brief, run every verification check, and record deliverables and evidence. If external console access or authoritative evidence is unavailable, complete the repository-local fallback and mark the result pending or unknown—never infer or invent results. Finish by updating the evidence log and handoff, then report changed files, checks run, blockers, and the next-day readiness status.",Not started,,,,,,A locale/path/content inventory beginning with Spanish and separating existing pages from planned pilots
P05-D02,05,02,Measure English-Spanish parity,deep-research-phase-plan/phase-05-international-seo/day-02.md,deep-research-phase-plan/phase-05-international-seo.md,"Execute `deep-research-phase-plan/phase-05-international-seo/day-02.md` exactly as written. Your goal is: Measure English-Spanish parity. Produce this outcome: A page-and-feature parity matrix with justified gaps, not a demand claim. Read `deep-research-phase-plan/phase-05-international-seo.md` as the source of truth; review the brief’s prerequisites and the prior day’s handoff when one exists. Complete the ordered tasks, make only changes authorized by the brief, run every verification check, and record deliverables and evidence. If external console access or authoritative evidence is unavailable, complete the repository-local fallback and mark the result pending or unknown—never infer or invent results. Finish by updating the evidence log and handoff, then report changed files, checks run, blockers, and the next-day readiness status.",Not started,,,,,,"A page-and-feature parity matrix with justified gaps, not a demand claim"
P05-D03,05,03,Audit Spanish canonical signals,deep-research-phase-plan/phase-05-international-seo/day-03.md,deep-research-phase-plan/phase-05-international-seo.md,"Execute `deep-research-phase-plan/phase-05-international-seo/day-03.md` exactly as written. Your goal is: Audit Spanish canonical signals. Produce this outcome: A URL-level canonical/noindex/status report for every current Spanish page. Read `deep-research-phase-plan/phase-05-international-seo.md` as the source of truth; review the brief’s prerequisites and the prior day’s handoff when one exists. Complete the ordered tasks, make only changes authorized by the brief, run every verification check, and record deliverables and evidence. If external console access or authoritative evidence is unavailable, complete the repository-local fallback and mark the result pending or unknown—never infer or invent results. Finish by updating the evidence log and handoff, then report changed files, checks run, blockers, and the next-day readiness status.",Not started,,,,,,A URL-level canonical/noindex/status report for every current Spanish page
P05-D04,05,04,Audit hreflang clusters,deep-research-phase-plan/phase-05-international-seo/day-04.md,deep-research-phase-plan/phase-05-international-seo.md,"Execute `deep-research-phase-plan/phase-05-international-seo/day-04.md` exactly as written. Your goal is: Audit hreflang clusters. Produce this outcome: A reciprocal, self-reference, code, x-default, status, and canonical validation report. Read `deep-research-phase-plan/phase-05-international-seo.md` as the source of truth; review the brief’s prerequisites and the prior day’s handoff when one exists. Complete the ordered tasks, make only changes authorized by the brief, run every verification check, and record deliverables and evidence. If external console access or authoritative evidence is unavailable, complete the repository-local fallback and mark the result pending or unknown—never infer or invent results. Finish by updating the evidence log and handoff, then report changed files, checks run, blockers, and the next-day readiness status.",Not started,,,,,,"A reciprocal, self-reference, code, x-default, status, and canonical validation report"
P05-D05,05,05,Audit Spanish content quality,deep-research-phase-plan/phase-05-international-seo/day-05.md,deep-research-phase-plan/phase-05-international-seo.md,"Execute `deep-research-phase-plan/phase-05-international-seo/day-05.md` exactly as written. Your goal is: Audit Spanish content quality. Produce this outcome: A native-review queue covering UI, headings, examples, anchors, and tool-specific body copy. Read `deep-research-phase-plan/phase-05-international-seo.md` as the source of truth; review the brief’s prerequisites and the prior day’s handoff when one exists. Complete the ordered tasks, make only changes authorized by the brief, run every verification check, and record deliverables and evidence. If external console access or authoritative evidence is unavailable, complete the repository-local fallback and mark the result pending or unknown—never infer or invent results. Finish by updating the evidence log and handoff, then report changed files, checks run, blockers, and the next-day readiness status.",Not started,,,,,,"A native-review queue covering UI, headings, examples, anchors, and tool-specific body copy"
P05-D06,05,06,Research Spanish search intent,deep-research-phase-plan/phase-05-international-seo/day-06.md,deep-research-phase-plan/phase-05-international-seo.md,"Execute `deep-research-phase-plan/phase-05-international-seo/day-06.md` exactly as written. Your goal is: Research Spanish search intent. Produce this outcome: A sourced query-language decision log or an explicit no-access/pending record. Read `deep-research-phase-plan/phase-05-international-seo.md` as the source of truth; review the brief’s prerequisites and the prior day’s handoff when one exists. Complete the ordered tasks, make only changes authorized by the brief, run every verification check, and record deliverables and evidence. If external console access or authoritative evidence is unavailable, complete the repository-local fallback and mark the result pending or unknown—never infer or invent results. Finish by updating the evidence log and handoff, then report changed files, checks run, blockers, and the next-day readiness status.",Not started,,,,,,A sourced query-language decision log or an explicit no-access/pending record
P05-D07,05,07,Specify Spanish remediation,deep-research-phase-plan/phase-05-international-seo/day-07.md,deep-research-phase-plan/phase-05-international-seo.md,"Execute `deep-research-phase-plan/phase-05-international-seo/day-07.md` exactly as written. Your goal is: Specify Spanish remediation. Produce this outcome: An ordered repository change plan for canonical, hreflang, translation, examples, and links. Read `deep-research-phase-plan/phase-05-international-seo.md` as the source of truth; review the brief’s prerequisites and the prior day’s handoff when one exists. Complete the ordered tasks, make only changes authorized by the brief, run every verification check, and record deliverables and evidence. If external console access or authoritative evidence is unavailable, complete the repository-local fallback and mark the result pending or unknown—never infer or invent results. Finish by updating the evidence log and handoff, then report changed files, checks run, blockers, and the next-day readiness status.",Not started,,,,,,"An ordered repository change plan for canonical, hreflang, translation, examples, and links"
P05-D08,05,08,Define German and French pilot gates,deep-research-phase-plan/phase-05-international-seo/day-08.md,deep-research-phase-plan/phase-05-international-seo.md,"Execute `deep-research-phase-plan/phase-05-international-seo/day-08.md` exactly as written. Your goal is: Define German and French pilot gates. Produce this outcome: A go/hold rubric and candidate list capped at 10–15 tools per language. Read `deep-research-phase-plan/phase-05-international-seo.md` as the source of truth; review the brief’s prerequisites and the prior day’s handoff when one exists. Complete the ordered tasks, make only changes authorized by the brief, run every verification check, and record deliverables and evidence. If external console access or authoritative evidence is unavailable, complete the repository-local fallback and mark the result pending or unknown—never infer or invent results. Finish by updating the evidence log and handoff, then report changed files, checks run, blockers, and the next-day readiness status.",Not started,,,,,,A go/hold rubric and candidate list capped at 10–15 tools per language
P05-D09,05,09,Define Portuguese pilot gates,deep-research-phase-plan/phase-05-international-seo/day-09.md,deep-research-phase-plan/phase-05-international-seo.md,"Execute `deep-research-phase-plan/phase-05-international-seo/day-09.md` exactly as written. Your goal is: Define Portuguese pilot gates. Produce this outcome: A Brazil-aware go/hold rubric and candidate list capped at 10–15 tools. Read `deep-research-phase-plan/phase-05-international-seo.md` as the source of truth; review the brief’s prerequisites and the prior day’s handoff when one exists. Complete the ordered tasks, make only changes authorized by the brief, run every verification check, and record deliverables and evidence. If external console access or authoritative evidence is unavailable, complete the repository-local fallback and mark the result pending or unknown—never infer or invent results. Finish by updating the evidence log and handoff, then report changed files, checks run, blockers, and the next-day readiness status.",Not started,,,,,,A Brazil-aware go/hold rubric and candidate list capped at 10–15 tools
P05-D10,05,10,Assess Arabic RTL readiness,deep-research-phase-plan/phase-05-international-seo/day-10.md,deep-research-phase-plan/phase-05-international-seo.md,"Execute `deep-research-phase-plan/phase-05-international-seo/day-10.md` exactly as written. Your goal is: Assess Arabic RTL readiness. Produce this outcome: A component-level RTL test report and launch blocking list; no claim of translation quality without native review. Read `deep-research-phase-plan/phase-05-international-seo.md` as the source of truth; review the brief’s prerequisites and the prior day’s handoff when one exists. Complete the ordered tasks, make only changes authorized by the brief, run every verification check, and record deliverables and evidence. If external console access or authoritative evidence is unavailable, complete the repository-local fallback and mark the result pending or unknown—never infer or invent results. Finish by updating the evidence log and handoff, then report changed files, checks run, blockers, and the next-day readiness status.",Not started,,,,,,A component-level RTL test report and launch blocking list; no claim of translation quality without native review
P05-D11,05,11,Assess Urdu demand and RTL readiness,deep-research-phase-plan/phase-05-international-seo/day-11.md,deep-research-phase-plan/phase-05-international-seo.md,"Execute `deep-research-phase-plan/phase-05-international-seo/day-11.md` exactly as written. Your goal is: Assess Urdu demand and RTL readiness. Produce this outcome: A separate Urdu go/hold decision that does not inherit Arabic or Hindi assumptions. Read `deep-research-phase-plan/phase-05-international-seo.md` as the source of truth; review the brief’s prerequisites and the prior day’s handoff when one exists. Complete the ordered tasks, make only changes authorized by the brief, run every verification check, and record deliverables and evidence. If external console access or authoritative evidence is unavailable, complete the repository-local fallback and mark the result pending or unknown—never infer or invent results. Finish by updating the evidence log and handoff, then report changed files, checks run, blockers, and the next-day readiness status.",Not started,,,,,,A separate Urdu go/hold decision that does not inherit Arabic or Hindi assumptions
P05-D12,05,12,Design locale release gates,deep-research-phase-plan/phase-05-international-seo/day-12.md,deep-research-phase-plan/phase-05-international-seo.md,"Execute `deep-research-phase-plan/phase-05-international-seo/day-12.md` exactly as written. Your goal is: Design locale release gates. Produce this outcome: A locale-specific extension to Phase 04 covering lang/dir, canonical, hreflang, parity, and native review. Read `deep-research-phase-plan/phase-05-international-seo.md` as the source of truth; review the brief’s prerequisites and the prior day’s handoff when one exists. Complete the ordered tasks, make only changes authorized by the brief, run every verification check, and record deliverables and evidence. If external console access or authoritative evidence is unavailable, complete the repository-local fallback and mark the result pending or unknown—never infer or invent results. Finish by updating the evidence log and handoff, then report changed files, checks run, blockers, and the next-day readiness status.",Not started,,,,,,"A locale-specific extension to Phase 04 covering lang/dir, canonical, hreflang, parity, and native review"
P05-D13,05,13,Validate one pilot specification,deep-research-phase-plan/phase-05-international-seo/day-13.md,deep-research-phase-plan/phase-05-international-seo.md,"Execute `deep-research-phase-plan/phase-05-international-seo/day-13.md` exactly as written. Your goal is: Validate one pilot specification. Produce this outcome: A dry-run validation of a proposed locale/tool cluster without publishing pages. Read `deep-research-phase-plan/phase-05-international-seo.md` as the source of truth; review the brief’s prerequisites and the prior day’s handoff when one exists. Complete the ordered tasks, make only changes authorized by the brief, run every verification check, and record deliverables and evidence. If external console access or authoritative evidence is unavailable, complete the repository-local fallback and mark the result pending or unknown—never infer or invent results. Finish by updating the evidence log and handoff, then report changed files, checks run, blockers, and the next-day readiness status.",Not started,,,,,,A dry-run validation of a proposed locale/tool cluster without publishing pages
P05-D14,05,14,Publish the Phase 05 handoff,deep-research-phase-plan/phase-05-international-seo/day-14.md,deep-research-phase-plan/phase-05-international-seo.md,"Execute `deep-research-phase-plan/phase-05-international-seo/day-14.md` exactly as written. Your goal is: Publish the Phase 05 handoff. Produce this outcome: A staged international decision log with Spanish remediation, approved pilots, holds, and unknowns. Read `deep-research-phase-plan/phase-05-international-seo.md` as the source of truth; review the brief’s prerequisites and the prior day’s handoff when one exists. Complete the ordered tasks, make only changes authorized by the brief, run every verification check, and record deliverables and evidence. If external console access or authoritative evidence is unavailable, complete the repository-local fallback and mark the result pending or unknown—never infer or invent results. Finish by updating the evidence log and handoff, then report changed files, checks run, blockers, and the next-day readiness status.",Not started,,,,,,"A staged international decision log with Spanish remediation, approved pilots, holds, and unknowns"
P06-D01,06,01,Create the five-gate scoring rubric,deep-research-phase-plan/phase-06-product-expansion-authority/day-01.md,deep-research-phase-plan/phase-06-product-expansion-authority.md,"Execute `deep-research-phase-plan/phase-06-product-expansion-authority/day-01.md` exactly as written. Your goal is: Create the five-gate scoring rubric. Produce this outcome: A weighted, evidence-cited rubric for search intent, competition, cluster fit, frontend feasibility, and differentiation. Read `deep-research-phase-plan/phase-06-product-expansion-authority.md` as the source of truth; review the brief’s prerequisites and the prior day’s handoff when one exists. Complete the ordered tasks, make only changes authorized by the brief, run every verification check, and record deliverables and evidence. If external console access or authoritative evidence is unavailable, complete the repository-local fallback and mark the result pending or unknown—never infer or invent results. Finish by updating the evidence log and handoff, then report changed files, checks run, blockers, and the next-day readiness status.",Not started,,,,,,"A weighted, evidence-cited rubric for search intent, competition, cluster fit, frontend feasibility, and differentiation"
P06-D02,06,02,Inventory cluster gaps,deep-research-phase-plan/phase-06-product-expansion-authority/day-02.md,deep-research-phase-plan/phase-06-product-expansion-authority.md,"Execute `deep-research-phase-plan/phase-06-product-expansion-authority/day-02.md` exactly as written. Your goal is: Inventory cluster gaps. Produce this outcome: A current-capability versus candidate matrix for the three core clusters. Read `deep-research-phase-plan/phase-06-product-expansion-authority.md` as the source of truth; review the brief’s prerequisites and the prior day’s handoff when one exists. Complete the ordered tasks, make only changes authorized by the brief, run every verification check, and record deliverables and evidence. If external console access or authoritative evidence is unavailable, complete the repository-local fallback and mark the result pending or unknown—never infer or invent results. Finish by updating the evidence log and handoff, then report changed files, checks run, blockers, and the next-day readiness status.",Not started,,,,,,A current-capability versus candidate matrix for the three core clusters
P06-D03,06,03,Research EXIF and PDF metadata tools,deep-research-phase-plan/phase-06-product-expansion-authority/day-03.md,deep-research-phase-plan/phase-06-product-expansion-authority.md,"Execute `deep-research-phase-plan/phase-06-product-expansion-authority/day-03.md` exactly as written. Your goal is: Research EXIF and PDF metadata tools. Produce this outcome: An evidence pack and score for EXIF viewer/remover and PDF metadata remover. Read `deep-research-phase-plan/phase-06-product-expansion-authority.md` as the source of truth; review the brief’s prerequisites and the prior day’s handoff when one exists. Complete the ordered tasks, make only changes authorized by the brief, run every verification check, and record deliverables and evidence. If external console access or authoritative evidence is unavailable, complete the repository-local fallback and mark the result pending or unknown—never infer or invent results. Finish by updating the evidence log and handoff, then report changed files, checks run, blockers, and the next-day readiness status.",Not started,,,,,,An evidence pack and score for EXIF viewer/remover and PDF metadata remover
P06-D04,06,04,Research HAR analyzer,deep-research-phase-plan/phase-06-product-expansion-authority/day-04.md,deep-research-phase-plan/phase-06-product-expansion-authority.md,"Execute `deep-research-phase-plan/phase-06-product-expansion-authority/day-04.md` exactly as written. Your goal is: Research HAR analyzer. Produce this outcome: An evidence pack and score for a client-side HAR analyzer with an explicit sensitive-data threat model. Read `deep-research-phase-plan/phase-06-product-expansion-authority.md` as the source of truth; review the brief’s prerequisites and the prior day’s handoff when one exists. Complete the ordered tasks, make only changes authorized by the brief, run every verification check, and record deliverables and evidence. If external console access or authoritative evidence is unavailable, complete the repository-local fallback and mark the result pending or unknown—never infer or invent results. Finish by updating the evidence log and handoff, then report changed files, checks run, blockers, and the next-day readiness status.",Not started,,,,,,An evidence pack and score for a client-side HAR analyzer with an explicit sensitive-data threat model
P06-D05,06,05,Research JSON-to-types and CSV diagnostics,deep-research-phase-plan/phase-06-product-expansion-authority/day-05.md,deep-research-phase-plan/phase-06-product-expansion-authority.md,"Execute `deep-research-phase-plan/phase-06-product-expansion-authority/day-05.md` exactly as written. Your goal is: Research JSON-to-types and CSV diagnostics. Produce this outcome: Evidence packs and scores for JSON to TypeScript/Zod and CSV diagnostics. Read `deep-research-phase-plan/phase-06-product-expansion-authority.md` as the source of truth; review the brief’s prerequisites and the prior day’s handoff when one exists. Complete the ordered tasks, make only changes authorized by the brief, run every verification check, and record deliverables and evidence. If external console access or authoritative evidence is unavailable, complete the repository-local fallback and mark the result pending or unknown—never infer or invent results. Finish by updating the evidence log and handoff, then report changed files, checks run, blockers, and the next-day readiness status.",Not started,,,,,,Evidence packs and scores for JSON to TypeScript/Zod and CSV diagnostics
P06-D06,06,06,Research Unicode and cron candidates,deep-research-phase-plan/phase-06-product-expansion-authority/day-06.md,deep-research-phase-plan/phase-06-product-expansion-authority.md,"Execute `deep-research-phase-plan/phase-06-product-expansion-authority/day-06.md` exactly as written. Your goal is: Research Unicode and cron candidates. Produce this outcome: Evidence packs and scores for Unicode inspector/normalizer and Cron visualizer. Read `deep-research-phase-plan/phase-06-product-expansion-authority.md` as the source of truth; review the brief’s prerequisites and the prior day’s handoff when one exists. Complete the ordered tasks, make only changes authorized by the brief, run every verification check, and record deliverables and evidence. If external console access or authoritative evidence is unavailable, complete the repository-local fallback and mark the result pending or unknown—never infer or invent results. Finish by updating the evidence log and handoff, then report changed files, checks run, blockers, and the next-day readiness status.",Not started,,,,,,Evidence packs and scores for Unicode inspector/normalizer and Cron visualizer
P06-D07,06,07,Select or hold the first candidate,deep-research-phase-plan/phase-06-product-expansion-authority/day-07.md,deep-research-phase-plan/phase-06-product-expansion-authority.md,"Execute `deep-research-phase-plan/phase-06-product-expansion-authority/day-07.md` exactly as written. Your goal is: Select or hold the first candidate. Produce this outcome: A transparent go/hold decision and runner-up, with no build authorized unless every gate passes. Read `deep-research-phase-plan/phase-06-product-expansion-authority.md` as the source of truth; review the brief’s prerequisites and the prior day’s handoff when one exists. Complete the ordered tasks, make only changes authorized by the brief, run every verification check, and record deliverables and evidence. If external console access or authoritative evidence is unavailable, complete the repository-local fallback and mark the result pending or unknown—never infer or invent results. Finish by updating the evidence log and handoff, then report changed files, checks run, blockers, and the next-day readiness status.",Not started,,,,,,"A transparent go/hold decision and runner-up, with no build authorized unless every gate passes"
P06-D08,06,08,Write the selected tool product brief,deep-research-phase-plan/phase-06-product-expansion-authority/day-08.md,deep-research-phase-plan/phase-06-product-expansion-authority.md,"Execute `deep-research-phase-plan/phase-06-product-expansion-authority/day-08.md` exactly as written. Your goal is: Write the selected tool product brief. Produce this outcome: An implementation-ready product brief or a hold-resolution plan if no candidate passed. Read `deep-research-phase-plan/phase-06-product-expansion-authority.md` as the source of truth; review the brief’s prerequisites and the prior day’s handoff when one exists. Complete the ordered tasks, make only changes authorized by the brief, run every verification check, and record deliverables and evidence. If external console access or authoritative evidence is unavailable, complete the repository-local fallback and mark the result pending or unknown—never infer or invent results. Finish by updating the evidence log and handoff, then report changed files, checks run, blockers, and the next-day readiness status.",Not started,,,,,,An implementation-ready product brief or a hold-resolution plan if no candidate passed
P06-D09,06,09,Write the technical and test design,deep-research-phase-plan/phase-06-product-expansion-authority/day-09.md,deep-research-phase-plan/phase-06-product-expansion-authority.md,"Execute `deep-research-phase-plan/phase-06-product-expansion-authority/day-09.md` exactly as written. Your goal is: Write the technical and test design. Produce this outcome: A module/dependency plan, synthetic fixture set, performance budget, and rollback strategy. Read `deep-research-phase-plan/phase-06-product-expansion-authority.md` as the source of truth; review the brief’s prerequisites and the prior day’s handoff when one exists. Complete the ordered tasks, make only changes authorized by the brief, run every verification check, and record deliverables and evidence. If external console access or authoritative evidence is unavailable, complete the repository-local fallback and mark the result pending or unknown—never infer or invent results. Finish by updating the evidence log and handoff, then report changed files, checks run, blockers, and the next-day readiness status.",Not started,,,,,,"A module/dependency plan, synthetic fixture set, performance budget, and rollback strategy"
P06-D10,06,10,Design integration and launch paths,deep-research-phase-plan/phase-06-product-expansion-authority/day-10.md,deep-research-phase-plan/phase-06-product-expansion-authority.md,"Execute `deep-research-phase-plan/phase-06-product-expansion-authority/day-10.md` exactly as written. Your goal is: Design integration and launch paths. Produce this outcome: A sitemap, canonical, hub-link, related-link, content, and measurement specification. Read `deep-research-phase-plan/phase-06-product-expansion-authority.md` as the source of truth; review the brief’s prerequisites and the prior day’s handoff when one exists. Complete the ordered tasks, make only changes authorized by the brief, run every verification check, and record deliverables and evidence. If external console access or authoritative evidence is unavailable, complete the repository-local fallback and mark the result pending or unknown—never infer or invent results. Finish by updating the evidence log and handoff, then report changed files, checks run, blockers, and the next-day readiness status.",Not started,,,,,,"A sitemap, canonical, hub-link, related-link, content, and measurement specification"
P06-D11,06,11,Define the linkable asset thesis,deep-research-phase-plan/phase-06-product-expansion-authority/day-11.md,deep-research-phase-plan/phase-06-product-expansion-authority.md,"Execute `deep-research-phase-plan/phase-06-product-expansion-authority/day-11.md` exactly as written. Your goal is: Define the linkable asset thesis. Produce this outcome: An evidence-backed outline for one technically useful privacy/local-processing asset. Read `deep-research-phase-plan/phase-06-product-expansion-authority.md` as the source of truth; review the brief’s prerequisites and the prior day’s handoff when one exists. Complete the ordered tasks, make only changes authorized by the brief, run every verification check, and record deliverables and evidence. If external console access or authoritative evidence is unavailable, complete the repository-local fallback and mark the result pending or unknown—never infer or invent results. Finish by updating the evidence log and handoff, then report changed files, checks run, blockers, and the next-day readiness status.",Not started,,,,,,An evidence-backed outline for one technically useful privacy/local-processing asset
P06-D12,06,12,Research editorial audiences,deep-research-phase-plan/phase-06-product-expansion-authority/day-12.md,deep-research-phase-plan/phase-06-product-expansion-authority.md,"Execute `deep-research-phase-plan/phase-06-product-expansion-authority/day-12.md` exactly as written. Your goal is: Research editorial audiences. Produce this outcome: A relevance-qualified prospecting procedure and seed list with source/date, not outreach outcomes. Read `deep-research-phase-plan/phase-06-product-expansion-authority.md` as the source of truth; review the brief’s prerequisites and the prior day’s handoff when one exists. Complete the ordered tasks, make only changes authorized by the brief, run every verification check, and record deliverables and evidence. If external console access or authoritative evidence is unavailable, complete the repository-local fallback and mark the result pending or unknown—never infer or invent results. Finish by updating the evidence log and handoff, then report changed files, checks run, blockers, and the next-day readiness status.",Not started,,,,,,"A relevance-qualified prospecting procedure and seed list with source/date, not outreach outcomes"
P06-D13,06,13,Write outreach and measurement protocol,deep-research-phase-plan/phase-06-product-expansion-authority/day-13.md,deep-research-phase-plan/phase-06-product-expansion-authority.md,"Execute `deep-research-phase-plan/phase-06-product-expansion-authority/day-13.md` exactly as written. Your goal is: Write outreach and measurement protocol. Produce this outcome: A reviewed outreach template set, contact log schema, and ethical stop rules. Read `deep-research-phase-plan/phase-06-product-expansion-authority.md` as the source of truth; review the brief’s prerequisites and the prior day’s handoff when one exists. Complete the ordered tasks, make only changes authorized by the brief, run every verification check, and record deliverables and evidence. If external console access or authoritative evidence is unavailable, complete the repository-local fallback and mark the result pending or unknown—never infer or invent results. Finish by updating the evidence log and handoff, then report changed files, checks run, blockers, and the next-day readiness status.",Not started,,,,,,"A reviewed outreach template set, contact log schema, and ethical stop rules"
P06-D14,06,14,Publish the Phase 06 handoff,deep-research-phase-plan/phase-06-product-expansion-authority/day-14.md,deep-research-phase-plan/phase-06-product-expansion-authority.md,"Execute `deep-research-phase-plan/phase-06-product-expansion-authority/day-14.md` exactly as written. Your goal is: Publish the Phase 06 handoff. Produce this outcome: A go/hold product packet plus asset/outreach plan, with all unobserved outcomes marked pending. Read `deep-research-phase-plan/phase-06-product-expansion-authority.md` as the source of truth; review the brief’s prerequisites and the prior day’s handoff when one exists. Complete the ordered tasks, make only changes authorized by the brief, run every verification check, and record deliverables and evidence. If external console access or authoritative evidence is unavailable, complete the repository-local fallback and mark the result pending or unknown—never infer or invent results. Finish by updating the evidence log and handoff, then report changed files, checks run, blockers, and the next-day readiness status.",Not started,,,,,,"A go/hold product packet plus asset/outreach plan, with all unobserved outcomes marked pending"
P07-D01,07,01,Define KPI dictionary,deep-research-phase-plan/phase-07-measurement-experiments-quarter-review/day-01.md,deep-research-phase-plan/phase-07-measurement-experiments-quarter-review.md,"Execute `deep-research-phase-plan/phase-07-measurement-experiments-quarter-review/day-01.md` exactly as written. Your goal is: Define KPI dictionary. Produce this outcome: A versioned definition for every roadmap KPI, including formula, source, dimensions, and unavailable-data behavior. Read `deep-research-phase-plan/phase-07-measurement-experiments-quarter-review.md` as the source of truth; review the brief’s prerequisites and the prior day’s handoff when one exists. Complete the ordered tasks, make only changes authorized by the brief, run every verification check, and record deliverables and evidence. If external console access or authoritative evidence is unavailable, complete the repository-local fallback and mark the result pending or unknown—never infer or invent results. Finish by updating the evidence log and handoff, then report changed files, checks run, blockers, and the next-day readiness status.",Not started,,,,,,"A versioned definition for every roadmap KPI, including formula, source, dimensions, and unavailable-data behavior"
P07-D02,07,02,Build the weekly evidence log,deep-research-phase-plan/phase-07-measurement-experiments-quarter-review/day-02.md,deep-research-phase-plan/phase-07-measurement-experiments-quarter-review.md,"Execute `deep-research-phase-plan/phase-07-measurement-experiments-quarter-review/day-02.md` exactly as written. Your goal is: Build the weekly evidence log. Produce this outcome: A reusable Monday reporting sheet with raw-export references and unknown/pending states. Read `deep-research-phase-plan/phase-07-measurement-experiments-quarter-review.md` as the source of truth; review the brief’s prerequisites and the prior day’s handoff when one exists. Complete the ordered tasks, make only changes authorized by the brief, run every verification check, and record deliverables and evidence. If external console access or authoritative evidence is unavailable, complete the repository-local fallback and mark the result pending or unknown—never infer or invent results. Finish by updating the evidence log and handoff, then report changed files, checks run, blockers, and the next-day readiness status.",Not started,,,,,,A reusable Monday reporting sheet with raw-export references and unknown/pending states
P07-D03,07,03,Specify GSC weekly review,deep-research-phase-plan/phase-07-measurement-experiments-quarter-review/day-03.md,deep-research-phase-plan/phase-07-measurement-experiments-quarter-review.md,"Execute `deep-research-phase-plan/phase-07-measurement-experiments-quarter-review/day-03.md` exactly as written. Your goal is: Specify GSC weekly review. Produce this outcome: An exact console/export runbook for indexation, sitemaps, performance, devices, countries, and crawl stats. Read `deep-research-phase-plan/phase-07-measurement-experiments-quarter-review.md` as the source of truth; review the brief’s prerequisites and the prior day’s handoff when one exists. Complete the ordered tasks, make only changes authorized by the brief, run every verification check, and record deliverables and evidence. If external console access or authoritative evidence is unavailable, complete the repository-local fallback and mark the result pending or unknown—never infer or invent results. Finish by updating the evidence log and handoff, then report changed files, checks run, blockers, and the next-day readiness status.",Not started,,,,,,"An exact console/export runbook for indexation, sitemaps, performance, devices, countries, and crawl stats"
P07-D04,07,04,Specify product analytics review,deep-research-phase-plan/phase-07-measurement-experiments-quarter-review/day-04.md,deep-research-phase-plan/phase-07-measurement-experiments-quarter-review.md,"Execute `deep-research-phase-plan/phase-07-measurement-experiments-quarter-review/day-04.md` exactly as written. Your goal is: Specify product analytics review. Produce this outcome: A privacy-safe runbook for starts, completions, errors, downloads/copies, and returning use. Read `deep-research-phase-plan/phase-07-measurement-experiments-quarter-review.md` as the source of truth; review the brief’s prerequisites and the prior day’s handoff when one exists. Complete the ordered tasks, make only changes authorized by the brief, run every verification check, and record deliverables and evidence. If external console access or authoritative evidence is unavailable, complete the repository-local fallback and mark the result pending or unknown—never infer or invent results. Finish by updating the evidence log and handoff, then report changed files, checks run, blockers, and the next-day readiness status.",Not started,,,,,,"A privacy-safe runbook for starts, completions, errors, downloads/copies, and returning use"
P07-D05,07,05,Specify CWV and crawl review,deep-research-phase-plan/phase-07-measurement-experiments-quarter-review/day-05.md,deep-research-phase-plan/phase-07-measurement-experiments-quarter-review.md,"Execute `deep-research-phase-plan/phase-07-measurement-experiments-quarter-review/day-05.md` exactly as written. Your goal is: Specify CWV and crawl review. Produce this outcome: A joined but non-conflated procedure for field CWV, lab diagnostics, and regression crawl findings. Read `deep-research-phase-plan/phase-07-measurement-experiments-quarter-review.md` as the source of truth; review the brief’s prerequisites and the prior day’s handoff when one exists. Complete the ordered tasks, make only changes authorized by the brief, run every verification check, and record deliverables and evidence. If external console access or authoritative evidence is unavailable, complete the repository-local fallback and mark the result pending or unknown—never infer or invent results. Finish by updating the evidence log and handoff, then report changed files, checks run, blockers, and the next-day readiness status.",Not started,,,,,,"A joined but non-conflated procedure for field CWV, lab diagnostics, and regression crawl findings"
P07-D06,07,06,Create the experiment register,deep-research-phase-plan/phase-07-measurement-experiments-quarter-review/day-06.md,deep-research-phase-plan/phase-07-measurement-experiments-quarter-review.md,"Execute `deep-research-phase-plan/phase-07-measurement-experiments-quarter-review/day-06.md` exactly as written. Your goal is: Create the experiment register. Produce this outcome: A governance-ready register with hypothesis, control, variant, primary metric, guardrails, window, and status. Read `deep-research-phase-plan/phase-07-measurement-experiments-quarter-review.md` as the source of truth; review the brief’s prerequisites and the prior day’s handoff when one exists. Complete the ordered tasks, make only changes authorized by the brief, run every verification check, and record deliverables and evidence. If external console access or authoritative evidence is unavailable, complete the repository-local fallback and mark the result pending or unknown—never infer or invent results. Finish by updating the evidence log and handoff, then report changed files, checks run, blockers, and the next-day readiness status.",Not started,,,,,,"A governance-ready register with hypothesis, control, variant, primary metric, guardrails, window, and status"
P07-D07,07,07,Prioritize experiments from evidence,deep-research-phase-plan/phase-07-measurement-experiments-quarter-review/day-07.md,deep-research-phase-plan/phase-07-measurement-experiments-quarter-review.md,"Execute `deep-research-phase-plan/phase-07-measurement-experiments-quarter-review/day-07.md` exactly as written. Your goal is: Prioritize experiments from evidence. Produce this outcome: A ranked launch/hold queue; low-data pages remain held rather than forced into tests. Read `deep-research-phase-plan/phase-07-measurement-experiments-quarter-review.md` as the source of truth; review the brief’s prerequisites and the prior day’s handoff when one exists. Complete the ordered tasks, make only changes authorized by the brief, run every verification check, and record deliverables and evidence. If external console access or authoritative evidence is unavailable, complete the repository-local fallback and mark the result pending or unknown—never infer or invent results. Finish by updating the evidence log and handoff, then report changed files, checks run, blockers, and the next-day readiness status.",Not started,,,,,,A ranked launch/hold queue; low-data pages remain held rather than forced into tests
P07-D08,07,08,Define privacy-title experiment,deep-research-phase-plan/phase-07-measurement-experiments-quarter-review/day-08.md,deep-research-phase-plan/phase-07-measurement-experiments-quarter-review.md,"Execute `deep-research-phase-plan/phase-07-measurement-experiments-quarter-review/day-08.md` exactly as written. Your goal is: Define privacy-title experiment. Produce this outcome: A deployable test protocol for generic versus privacy-specific titles without unverified claims. Read `deep-research-phase-plan/phase-07-measurement-experiments-quarter-review.md` as the source of truth; review the brief’s prerequisites and the prior day’s handoff when one exists. Complete the ordered tasks, make only changes authorized by the brief, run every verification check, and record deliverables and evidence. If external console access or authoritative evidence is unavailable, complete the repository-local fallback and mark the result pending or unknown—never infer or invent results. Finish by updating the evidence log and handoff, then report changed files, checks run, blockers, and the next-day readiness status.",Not started,,,,,,A deployable test protocol for generic versus privacy-specific titles without unverified claims
P07-D09,07,09,Define content-block experiment,deep-research-phase-plan/phase-07-measurement-experiments-quarter-review/day-09.md,deep-research-phase-plan/phase-07-measurement-experiments-quarter-review.md,"Execute `deep-research-phase-plan/phase-07-measurement-experiments-quarter-review/day-09.md` exactly as written. Your goal is: Define content-block experiment. Produce this outcome: A deployable protocol for example or troubleshooting content with tool-start and long-tail metrics. Read `deep-research-phase-plan/phase-07-measurement-experiments-quarter-review.md` as the source of truth; review the brief’s prerequisites and the prior day’s handoff when one exists. Complete the ordered tasks, make only changes authorized by the brief, run every verification check, and record deliverables and evidence. If external console access or authoritative evidence is unavailable, complete the repository-local fallback and mark the result pending or unknown—never infer or invent results. Finish by updating the evidence log and handoff, then report changed files, checks run, blockers, and the next-day readiness status.",Not started,,,,,,A deployable protocol for example or troubleshooting content with tool-start and long-tail metrics
P07-D10,07,10,Define internal-link experiment,deep-research-phase-plan/phase-07-measurement-experiments-quarter-review/day-10.md,deep-research-phase-plan/phase-07-measurement-experiments-quarter-review.md,"Execute `deep-research-phase-plan/phase-07-measurement-experiments-quarter-review/day-10.md` exactly as written. Your goal is: Define internal-link experiment. Produce this outcome: A deployable protocol for contextual workflow links with click and crawl/impression outcomes. Read `deep-research-phase-plan/phase-07-measurement-experiments-quarter-review.md` as the source of truth; review the brief’s prerequisites and the prior day’s handoff when one exists. Complete the ordered tasks, make only changes authorized by the brief, run every verification check, and record deliverables and evidence. If external console access or authoritative evidence is unavailable, complete the repository-local fallback and mark the result pending or unknown—never infer or invent results. Finish by updating the evidence log and handoff, then report changed files, checks run, blockers, and the next-day readiness status.",Not started,,,,,,A deployable protocol for contextual workflow links with click and crawl/impression outcomes
P07-D11,07,11,Prepare the Week 12 regression crawl,deep-research-phase-plan/phase-07-measurement-experiments-quarter-review/day-11.md,deep-research-phase-plan/phase-07-measurement-experiments-quarter-review.md,"Execute `deep-research-phase-plan/phase-07-measurement-experiments-quarter-review/day-11.md` exactly as written. Your goal is: Prepare the Week 12 regression crawl. Produce this outcome: An exact crawl configuration, canonical/indexability comparison method, and artifact directory convention. Read `deep-research-phase-plan/phase-07-measurement-experiments-quarter-review.md` as the source of truth; review the brief’s prerequisites and the prior day’s handoff when one exists. Complete the ordered tasks, make only changes authorized by the brief, run every verification check, and record deliverables and evidence. If external console access or authoritative evidence is unavailable, complete the repository-local fallback and mark the result pending or unknown—never infer or invent results. Finish by updating the evidence log and handoff, then report changed files, checks run, blockers, and the next-day readiness status.",Not started,,,,,,"An exact crawl configuration, canonical/indexability comparison method, and artifact directory convention"
P07-D12,07,12,Prepare cannibalization and opportunity review,deep-research-phase-plan/phase-07-measurement-experiments-quarter-review/day-12.md,deep-research-phase-plan/phase-07-measurement-experiments-quarter-review.md,"Execute `deep-research-phase-plan/phase-07-measurement-experiments-quarter-review/day-12.md` exactly as written. Your goal is: Prepare cannibalization and opportunity review. Produce this outcome: A query-page analysis method for competing URLs, weak CTR, and positions 11–20 without declaring causes prematurely. Read `deep-research-phase-plan/phase-07-measurement-experiments-quarter-review.md` as the source of truth; review the brief’s prerequisites and the prior day’s handoff when one exists. Complete the ordered tasks, make only changes authorized by the brief, run every verification check, and record deliverables and evidence. If external console access or authoritative evidence is unavailable, complete the repository-local fallback and mark the result pending or unknown—never infer or invent results. Finish by updating the evidence log and handoff, then report changed files, checks run, blockers, and the next-day readiness status.",Not started,,,,,,"A query-page analysis method for competing URLs, weak CTR, and positions 11–20 without declaring causes prematurely"
P07-D13,07,13,Run or rehearse quarter decision meeting,deep-research-phase-plan/phase-07-measurement-experiments-quarter-review/day-13.md,deep-research-phase-plan/phase-07-measurement-experiments-quarter-review.md,"Execute `deep-research-phase-plan/phase-07-measurement-experiments-quarter-review/day-13.md` exactly as written. Your goal is: Run or rehearse quarter decision meeting. Produce this outcome: A decision packet populated only with available evidence and explicit unknowns. Read `deep-research-phase-plan/phase-07-measurement-experiments-quarter-review.md` as the source of truth; review the brief’s prerequisites and the prior day’s handoff when one exists. Complete the ordered tasks, make only changes authorized by the brief, run every verification check, and record deliverables and evidence. If external console access or authoritative evidence is unavailable, complete the repository-local fallback and mark the result pending or unknown—never infer or invent results. Finish by updating the evidence log and handoff, then report changed files, checks run, blockers, and the next-day readiness status.",Not started,,,,,,A decision packet populated only with available evidence and explicit unknowns
P07-D14,07,14,Publish next-quarter handoff,deep-research-phase-plan/phase-07-measurement-experiments-quarter-review/day-14.md,deep-research-phase-plan/phase-07-measurement-experiments-quarter-review.md,"Execute `deep-research-phase-plan/phase-07-measurement-experiments-quarter-review/day-14.md` exactly as written. Your goal is: Publish next-quarter handoff. Produce this outcome: An evidence-linked roadmap recommendation with owners, dependencies, held bets, and no ranking promises. Read `deep-research-phase-plan/phase-07-measurement-experiments-quarter-review.md` as the source of truth; review the brief’s prerequisites and the prior day’s handoff when one exists. Complete the ordered tasks, make only changes authorized by the brief, run every verification check, and record deliverables and evidence. If external console access or authoritative evidence is unavailable, complete the repository-local fallback and mark the result pending or unknown—never infer or invent results. Finish by updating the evidence log and handoff, then report changed files, checks run, blockers, and the next-day readiness status.",Not started,,,,,,"An evidence-linked roadmap recommendation with owners, dependencies, held bets, and no ranking promises"
