priority,url,file,language,page_family,gsc_clicks,gsc_impressions,gsc_position,current_title,current_h1,word_count,primary_keyword,secondary_keywords,serp_pattern_found,example_competitors,online_sources_used,recommended_change
P1,https://anyconverter.io/discount-calculator/,discount-calculator\index.html,en,calculator,0,506,30.39,Discount Calculator Online Free | AnyConverter,Discount Calculator,570,discount calculator,sale price calculator; percent off calculator; price after discount,"Calculator SERPs reward pages with visible formulas, worked examples, definitions, country/unit variations, and trustworthy explanations around the calculator.","Calculator.net, Omni Calculator, Mayo Clinic, CDC/NHLBI, Bankrate, Investor.gov, Wise, Zoho, Moneysmart, Nordea",https://www.calculator.net/ | https://www.omnicalculator.com/ | https://www.mayoclinic.org/healthy-lifestyle/weight-loss/in-depth/calorie-calculator/itt-20402304 | https://www.cdc.gov/bmi/adult-calculator/index.html | https://www.investor.gov/financial-tools-calculators/calculators/compound-interest-calculator | https://www.bankrate.com/calculators.aspx | https://wise.com/us/currency-converter/ | https://www.zoho.com/books/gst-calculator/ | https://moneysmart.gov.au/budgeting/compound-interest-calculator,"Create a concise SEO block with examples, use cases, limitations, FAQs, and related-tool links. Keep the tool UI unchanged, but align title/H1/meta copy with the primary keyword. Current visible content is thin for a competitive calculator query. GSC already shows impressions, so prioritize CTR testing and request indexing after deployment. Add variants such as ""discount calculator online"" and ""discount calculator formula"" only where natural."
P1,https://anyconverter.io/es/tip-calculator/,es\tip-calculator\index.html,es,calculator,0,67,28.01,Calculadora de Propinas Online Gratis | AnyConverter,Calculadora de Propinas,598,calculadora de propinas,calcular propina; calculadora propina restaurante; dividir cuenta,"Calculator SERPs reward pages with visible formulas, worked examples, definitions, country/unit variations, and trustworthy explanations around the calculator.","Calculator.net, Omni Calculator, Mayo Clinic, CDC/NHLBI, Bankrate, Investor.gov, Wise, Zoho, Moneysmart, Nordea",https://www.calculator.net/ | https://www.omnicalculator.com/ | https://www.mayoclinic.org/healthy-lifestyle/weight-loss/in-depth/calorie-calculator/itt-20402304 | https://www.cdc.gov/bmi/adult-calculator/index.html | https://www.investor.gov/financial-tools-calculators/calculators/compound-interest-calculator | https://www.bankrate.com/calculators.aspx | https://wise.com/us/currency-converter/ | https://www.zoho.com/books/gst-calculator/ | https://moneysmart.gov.au/budgeting/compound-interest-calculator,"Create a localized SEO block with intent-specific examples, common use cases, limitations, and links to closely related tools. Keep the tool UI unchanged, but align title/H1/meta copy with the primary keyword. Current visible content is thin for a competitive calculator query. GSC already shows impressions, so prioritize CTR testing and request indexing after deployment. Add variants such as ""calculadora de propinas online"" and ""calculadora de propinas formula"" only where natural."
P1,https://anyconverter.io/es/sticky-notes/,es\sticky-notes\index.html,es,productivity,0,43,14.16,Notas Adhesivas Online Gratis | AnyConverter,Notas Adhesivas Online,357,notas adhesivas online,post it online; notas virtuales; notas rapidas online,"Productivity SERPs emphasize immediate use, saved state, focus/timer workflows, templates, reminders, and low-friction task capture.","Pomofocus, PomodoroTimer.online, TomatoTimers, vClock, Online Stopwatch, Habi, HabitBox, Structured, Canva, Any.do, Microsoft To Do, Todoist",https://pomofocus.io/ | https://www.pomodorotimer.online/ | https://www.tomatotimers.com/ | https://vclock.com/timer/ | https://vclock.com/stopwatch/ | https://www.online-stopwatch.com/ | https://habi.app/ | https://habitbox.app/ | https://structured.app/daily-planner | https://www.canva.com/planners/templates/daily/ | https://todoist.com/ | https://to-do.office.com/tasks/,"Create a localized SEO block with intent-specific examples, common use cases, limitations, and links to closely related tools. Keep the tool UI unchanged, but align title/H1/meta copy with the primary keyword. Current visible content is thin for a competitive productivity query. GSC already shows impressions, so prioritize CTR testing and request indexing after deployment. Add variants such as ""notas adhesivas online"" and ""notas adhesivas online gratis"" only where natural."
P1,https://anyconverter.io/tip-calculator/,tip-calculator\index.html,en,calculator,0,41,27.15,Tip Calculator Online Free | AnyConverter,Tip Calculator,542,tip calculator,gratuity calculator; split bill calculator; restaurant tip calculator,"Calculator SERPs reward pages with visible formulas, worked examples, definitions, country/unit variations, and trustworthy explanations around the calculator.","Calculator.net, Omni Calculator, Mayo Clinic, CDC/NHLBI, Bankrate, Investor.gov, Wise, Zoho, Moneysmart, Nordea",https://www.calculator.net/ | https://www.omnicalculator.com/ | https://www.mayoclinic.org/healthy-lifestyle/weight-loss/in-depth/calorie-calculator/itt-20402304 | https://www.cdc.gov/bmi/adult-calculator/index.html | https://www.investor.gov/financial-tools-calculators/calculators/compound-interest-calculator | https://www.bankrate.com/calculators.aspx | https://wise.com/us/currency-converter/ | https://www.zoho.com/books/gst-calculator/ | https://moneysmart.gov.au/budgeting/compound-interest-calculator,"Create a concise SEO block with examples, use cases, limitations, FAQs, and related-tool links. Keep the tool UI unchanged, but align title/H1/meta copy with the primary keyword. Current visible content is thin for a competitive calculator query. GSC already shows impressions, so prioritize CTR testing and request indexing after deployment. Add variants such as ""tip calculator online"" and ""tip calculator formula"" only where natural."
P1,https://anyconverter.io/da/todo-list/,da\todo-list\index.html,da,productivity,0,38,21.16,Opgaveliste Online Gratis | AnyConverter,Opgaveliste Online,323,to do liste online,opgaveliste online; gratis to do liste; online opgavestyring,"Productivity SERPs emphasize immediate use, saved state, focus/timer workflows, templates, reminders, and low-friction task capture.","Pomofocus, PomodoroTimer.online, TomatoTimers, vClock, Online Stopwatch, Habi, HabitBox, Structured, Canva, Any.do, Microsoft To Do, Todoist",https://pomofocus.io/ | https://www.pomodorotimer.online/ | https://www.tomatotimers.com/ | https://vclock.com/timer/ | https://vclock.com/stopwatch/ | https://www.online-stopwatch.com/ | https://habi.app/ | https://habitbox.app/ | https://structured.app/daily-planner | https://www.canva.com/planners/templates/daily/ | https://todoist.com/ | https://to-do.office.com/tasks/,"Create a localized SEO block with examples, common use cases, limitations, and links to related tools. Keep the tool UI unchanged, but align title/H1/meta copy with the primary keyword. Current visible content is thin for a competitive productivity query. GSC already shows impressions, so prioritize CTR testing and request indexing after deployment. Add variants such as ""to do liste online"" and ""to do liste online gratis"" only where natural."
P1,https://anyconverter.io/da/mortgage-calculator/,da\mortgage-calculator\index.html,da,calculator,0,34,24.88,Realkreditberegner Online Gratis | AnyConverter,Realkreditberegner,480,boliglan beregner,realkredit beregner; laneberegner bolig; beregn boliglan,"Calculator SERPs reward pages with visible formulas, worked examples, definitions, country/unit variations, and trustworthy explanations around the calculator.","Calculator.net, Omni Calculator, Mayo Clinic, CDC/NHLBI, Bankrate, Investor.gov, Wise, Zoho, Moneysmart, Nordea",https://www.calculator.net/ | https://www.omnicalculator.com/ | https://www.mayoclinic.org/healthy-lifestyle/weight-loss/in-depth/calorie-calculator/itt-20402304 | https://www.cdc.gov/bmi/adult-calculator/index.html | https://www.investor.gov/financial-tools-calculators/calculators/compound-interest-calculator | https://www.bankrate.com/calculators.aspx | https://wise.com/us/currency-converter/ | https://www.zoho.com/books/gst-calculator/ | https://moneysmart.gov.au/budgeting/compound-interest-calculator,"Create a localized SEO block with examples, common use cases, limitations, and links to related tools. Keep the tool UI unchanged, but align title/H1/meta copy with the primary keyword. Current visible content is thin for a competitive calculator query. GSC already shows impressions, so prioritize CTR testing and request indexing after deployment. Add variants such as ""boliglan beregner online"" and ""boliglan beregner formel"" only where natural."
P1,https://anyconverter.io/da/age-calculator/,da\age-calculator\index.html,da,calculator,0,31,11.55,Aldersberegner Online Gratis | AnyConverter,Aldersberegner,453,alder beregner,beregn alder; hvor gammel er jeg; fodselsdato beregner,"Calculator SERPs reward pages with visible formulas, worked examples, definitions, country/unit variations, and trustworthy explanations around the calculator.","Calculator.net, Omni Calculator, Mayo Clinic, CDC/NHLBI, Bankrate, Investor.gov, Wise, Zoho, Moneysmart, Nordea",https://www.calculator.net/ | https://www.omnicalculator.com/ | https://www.mayoclinic.org/healthy-lifestyle/weight-loss/in-depth/calorie-calculator/itt-20402304 | https://www.cdc.gov/bmi/adult-calculator/index.html | https://www.investor.gov/financial-tools-calculators/calculators/compound-interest-calculator | https://www.bankrate.com/calculators.aspx | https://wise.com/us/currency-converter/ | https://www.zoho.com/books/gst-calculator/ | https://moneysmart.gov.au/budgeting/compound-interest-calculator,"Create a localized SEO block with examples, common use cases, limitations, and links to related tools. Keep the tool UI unchanged, but align title/H1/meta copy with the primary keyword. Current visible content is thin for a competitive calculator query. GSC already shows impressions, so prioritize CTR testing and request indexing after deployment. Add variants such as ""alder beregner online"" and ""alder beregner formel"" only where natural."
P1,https://anyconverter.io/da/countdown-timer/,da\countdown-timer\index.html,da,productivity,0,21,39.24,Nedtællingstimer Online Gratis | AnyConverter,Nedtællingstimer Online,313,nedtaelling online,timer online; stopur online; nedtaellingsur,"Productivity SERPs emphasize immediate use, saved state, focus/timer workflows, templates, reminders, and low-friction task capture.","Pomofocus, PomodoroTimer.online, TomatoTimers, vClock, Online Stopwatch, Habi, HabitBox, Structured, Canva, Any.do, Microsoft To Do, Todoist",https://pomofocus.io/ | https://www.pomodorotimer.online/ | https://www.tomatotimers.com/ | https://vclock.com/timer/ | https://vclock.com/stopwatch/ | https://www.online-stopwatch.com/ | https://habi.app/ | https://habitbox.app/ | https://structured.app/daily-planner | https://www.canva.com/planners/templates/daily/ | https://todoist.com/ | https://to-do.office.com/tasks/,"Create a localized SEO block with examples, common use cases, limitations, and links to related tools. Keep the tool UI unchanged, but align title/H1/meta copy with the primary keyword. Current visible content is thin for a competitive productivity query. GSC already shows impressions, so prioritize CTR testing and request indexing after deployment. Add variants such as ""nedtaelling online"" and ""nedtaelling online gratis"" only where natural."
P1,https://anyconverter.io/da/coin-flip/,da\coin-flip\index.html,da,random,0,19,13.11,Møntskast Online Gratis — Plat eller Krone | AnyConverter,Møntskast Online,296,plat eller krone online,kast en mont; coin flip; tilfaeldig montkast,"Randomizer SERPs favor playful but instant tools with probability/fairness notes, shareable results, list import/export, and task-specific variants.","Random.org, Calculator.net, Picker Wheel, Wheel of Names, Roll a Die, FlipSimu, AppSorteos, DnD Dice Roller",https://www.random.org/ | https://www.calculator.net/random-number-generator.html | https://pickerwheel.com/ | https://wheelofnames.com/ | https://rolladie.net/ | https://flipsimu.com/ | https://app-sorteos.com/en,"Create a localized SEO block with examples, common use cases, limitations, and links to related tools. Keep the tool UI unchanged, but align title/H1/meta copy with the primary keyword. Current visible content is thin for a competitive random query. GSC already shows impressions, so prioritize CTR testing and request indexing after deployment. Add variants such as ""plat eller krone online"" and ""plat eller krone online tilfaeldig"" only where natural."
P1,https://anyconverter.io/roman-numeral-converter/,roman-numeral-converter\index.html,en,text,0,15,27,Roman Numeral Converter Online Free | AnyConverter,Roman Numeral Converter,438,roman numeral converter,convert roman numerals; roman numbers converter; roman numeral calculator,"Text-tool SERPs rank pages that show the input box immediately, explain accepted formats, include examples, and use ""counter/converter/generator/checker"" intent words.","WordCounter.net, CharacterCountTool, Grammarly, WordCounter.io, ConvertCase, TitleCaseConverter, Diffchecker, Text-Compare",https://wordcounter.net/ | https://charactercounttool.com/ | https://www.grammarly.com/character-counter | https://convertcase.net/ | https://titlecaseconverter.com/ | https://www.diffchecker.com/text-compare/ | https://www.text-compare.com/,"Create a concise SEO block with examples, use cases, limitations, FAQs, and related-tool links. Keep the tool UI unchanged, but align title/H1/meta copy with the primary keyword. Current visible content is thin for a competitive text query. GSC already shows impressions, so prioritize CTR testing and request indexing after deployment. Add variants such as ""roman numeral converter online"" and ""roman numeral converter free"" only where natural."
P1,https://anyconverter.io/da/random-number-generator/,da\random-number-generator\index.html,da,random,0,11,7.82,Tilfældig Tal Generator Online Gratis | AnyConverter,Tilfældig Tal Generator,418,Tilfældig Tal Generator,Tilfældig Tal Generator online; Tilfældig Tal Generator tilfaeldig; Tilfældig Tal Generator retfaerdigt resultat,"Randomizer SERPs favor playful but instant tools with probability/fairness notes, shareable results, list import/export, and task-specific variants.","Random.org, Calculator.net, Picker Wheel, Wheel of Names, Roll a Die, FlipSimu, AppSorteos, DnD Dice Roller",https://www.random.org/ | https://www.calculator.net/random-number-generator.html | https://pickerwheel.com/ | https://wheelofnames.com/ | https://rolladie.net/ | https://flipsimu.com/ | https://app-sorteos.com/en,"Create a localized SEO block with examples, common use cases, limitations, and links to related tools. Keep the tool UI unchanged, but align title/H1/meta copy with the primary keyword. Current visible content is thin for a competitive random query. GSC already shows impressions, so prioritize CTR testing and request indexing after deployment. Add variants such as ""Tilfældig Tal Generator online"" and ""Tilfældig Tal Generator tilfaeldig"" only where natural."
P1,https://anyconverter.io/habit-tracker/,habit-tracker\index.html,en,productivity,0,10,21.9,Habit Tracker Online Free | AnyConverter,Habit Tracker Online,342,habit tracker online,habit tracker online; habit tracker online free; habit tracker online planner,"Productivity SERPs emphasize immediate use, saved state, focus/timer workflows, templates, reminders, and low-friction task capture.","Pomofocus, PomodoroTimer.online, TomatoTimers, vClock, Online Stopwatch, Habi, HabitBox, Structured, Canva, Any.do, Microsoft To Do, Todoist",https://pomofocus.io/ | https://www.pomodorotimer.online/ | https://www.tomatotimers.com/ | https://vclock.com/timer/ | https://vclock.com/stopwatch/ | https://www.online-stopwatch.com/ | https://habi.app/ | https://habitbox.app/ | https://structured.app/daily-planner | https://www.canva.com/planners/templates/daily/ | https://todoist.com/ | https://to-do.office.com/tasks/,"Create a concise SEO block with examples, use cases, limitations, FAQs, and related-tool links. Keep the tool UI unchanged, but align title/H1/meta copy with the primary keyword. Current visible content is thin for a competitive productivity query. GSC already shows impressions, so prioritize CTR testing and request indexing after deployment. Add variants such as ""habit tracker online"" and ""habit tracker online free"" only where natural."
P1,https://anyconverter.io/es/compound-interest-calculator/,es\compound-interest-calculator\index.html,es,calculator,0,8,8.62,Calculadora de Interés Compuesto Online Gratis | AnyConverter,Calculadora de Interés Compuesto,606,Calculadora de Interés Compuesto,Calculadora de Interés Compuesto online; Calculadora de Interés Compuesto formula; Calculadora de Interés Compuesto ejemplo,"Calculator SERPs reward pages with visible formulas, worked examples, definitions, country/unit variations, and trustworthy explanations around the calculator.","Calculator.net, Omni Calculator, Mayo Clinic, CDC/NHLBI, Bankrate, Investor.gov, Wise, Zoho, Moneysmart, Nordea",https://www.calculator.net/ | https://www.omnicalculator.com/ | https://www.mayoclinic.org/healthy-lifestyle/weight-loss/in-depth/calorie-calculator/itt-20402304 | https://www.cdc.gov/bmi/adult-calculator/index.html | https://www.investor.gov/financial-tools-calculators/calculators/compound-interest-calculator | https://www.bankrate.com/calculators.aspx | https://wise.com/us/currency-converter/ | https://www.zoho.com/books/gst-calculator/ | https://moneysmart.gov.au/budgeting/compound-interest-calculator,"Create a localized SEO block with intent-specific examples, common use cases, limitations, and links to closely related tools. Keep the tool UI unchanged, but align title/H1/meta copy with the primary keyword. Current visible content is thin for a competitive calculator query. GSC already shows impressions, so prioritize CTR testing and request indexing after deployment. Add variants such as ""Calculadora de Interés Compuesto online"" and ""Calculadora de Interés Compuesto formula"" only where natural."
P1,https://anyconverter.io/da/screen-resolution/,da\screen-resolution\index.html,da,device,1,6,25.17,Skærmopløsning Checker Online Gratis | AnyConverter,Skærmopløsning Checker,250,screen resolution checker,screen resolution checker online; screen resolution checker test; screen resolution checker tjekker,"Device/test SERPs rank tools that run checks instantly, explain permissions/privacy, show clear pass/fail states, and include troubleshooting guidance.","OnlineMicTest, WebcamMicTest, Loom, EIZO, DeadPixelTest.org, WhatIsMyViewport, mdigi, Typing.com, TypingTest.com, LiveChat",https://www.onlinemictest.com/ | https://webcammictest.com/ | https://www.loom.com/webcam-test | https://www.eizo.be/monitor-test/ | https://deadpixeltest.org/ | https://whatismyviewport.com/ | https://typing.com/student/typing-test | https://www.typingtest.com/ | https://www.livechat.com/typing-speed-test/,"Create a localized SEO block with examples, common use cases, limitations, and links to related tools. Keep the tool UI unchanged, but align title/H1/meta copy with the primary keyword. Current visible content is thin for a competitive device query. GSC already shows impressions, so prioritize CTR testing and request indexing after deployment. Add variants such as ""screen resolution checker online"" and ""screen resolution checker test"" only where natural."
P1,https://anyconverter.io/es/dead-pixel-checker/,es\dead-pixel-checker\index.html,es,device,0,6,9.67,Comprobador de Píxeles Muertos Online Gratis | AnyConverter,Comprobador de Píxeles Muertos,320,online dead pixel test,online dead pixel test; online dead pixel test prueba; online dead pixel test verificador,"Device/test SERPs rank tools that run checks instantly, explain permissions/privacy, show clear pass/fail states, and include troubleshooting guidance.","OnlineMicTest, WebcamMicTest, Loom, EIZO, DeadPixelTest.org, WhatIsMyViewport, mdigi, Typing.com, TypingTest.com, LiveChat",https://www.onlinemictest.com/ | https://webcammictest.com/ | https://www.loom.com/webcam-test | https://www.eizo.be/monitor-test/ | https://deadpixeltest.org/ | https://whatismyviewport.com/ | https://typing.com/student/typing-test | https://www.typingtest.com/ | https://www.livechat.com/typing-speed-test/,"Create a localized SEO block with intent-specific examples, common use cases, limitations, and links to closely related tools. Keep the tool UI unchanged, but align title/H1/meta copy with the primary keyword. Current visible content is thin for a competitive device query. GSC already shows impressions, so prioritize CTR testing and request indexing after deployment. Add variants such as ""online dead pixel test"" and ""online dead pixel test prueba"" only where natural."
P1,https://anyconverter.io/es/habit-tracker/,es\habit-tracker\index.html,es,productivity,0,6,9,Seguimiento de Hábitos Online Gratis | AnyConverter,Seguimiento de Hábitos Online,270,habit tracker online,habit tracker online; habit tracker online gratis; habit tracker online planificador,"Productivity SERPs emphasize immediate use, saved state, focus/timer workflows, templates, reminders, and low-friction task capture.","Pomofocus, PomodoroTimer.online, TomatoTimers, vClock, Online Stopwatch, Habi, HabitBox, Structured, Canva, Any.do, Microsoft To Do, Todoist",https://pomofocus.io/ | https://www.pomodorotimer.online/ | https://www.tomatotimers.com/ | https://vclock.com/timer/ | https://vclock.com/stopwatch/ | https://www.online-stopwatch.com/ | https://habi.app/ | https://habitbox.app/ | https://structured.app/daily-planner | https://www.canva.com/planners/templates/daily/ | https://todoist.com/ | https://to-do.office.com/tasks/,"Create a localized SEO block with intent-specific examples, common use cases, limitations, and links to closely related tools. Keep the tool UI unchanged, but align title/H1/meta copy with the primary keyword. Current visible content is thin for a competitive productivity query. GSC already shows impressions, so prioritize CTR testing and request indexing after deployment. Add variants such as ""habit tracker online"" and ""habit tracker online gratis"" only where natural."
P1,https://anyconverter.io/press/,press\index.html,en,support,0,6,10.5,Press Kit — AnyConverter,Press Kit,373,AnyConverter press kit,AnyConverter media resources; AnyConverter brand assets; AnyConverter news,"Trust/support pages should reinforce crawl clarity, brand trust, privacy, and internal links to high-value tools rather than target competitive tool keywords.","Google Search Central guidance, high-performing tool directories, SaaS trust/legal pages",https://developers.google.com/search/docs/fundamentals/creating-helpful-content | https://developers.google.com/search/docs/crawling-indexing/sitemaps/overview | https://developers.google.com/search/docs/appearance/title-link | https://developers.google.com/search/docs/appearance/snippet,"Create a concise SEO block with examples, use cases, limitations, FAQs, and related-tool links. Keep the tool UI unchanged, but align title/H1/meta copy with the primary keyword. Current visible content is thin for a competitive support query. GSC already shows impressions, so prioritize CTR testing and request indexing after deployment. Add variants such as ""AnyConverter press kit"" and ""AnyConverter press kit free tools"" only where natural."
P1,https://anyconverter.io/random-picker/,random-picker\index.html,en,random,0,6,25.67,Random Picker Online Free — Pick Random Items | AnyConverter,Random Picker Online,262,Random Picker,Random Picker online; Random Picker; Random Picker fair results,"Randomizer SERPs favor playful but instant tools with probability/fairness notes, shareable results, list import/export, and task-specific variants.","Random.org, Calculator.net, Picker Wheel, Wheel of Names, Roll a Die, FlipSimu, AppSorteos, DnD Dice Roller",https://www.random.org/ | https://www.calculator.net/random-number-generator.html | https://pickerwheel.com/ | https://wheelofnames.com/ | https://rolladie.net/ | https://flipsimu.com/ | https://app-sorteos.com/en,"Create a concise SEO block with examples, use cases, limitations, FAQs, and related-tool links. Keep the tool UI unchanged, but align title/H1/meta copy with the primary keyword. Current visible content is thin for a competitive random query. GSC already shows impressions, so prioritize CTR testing and request indexing after deployment. Add variants such as ""Random Picker online"" and ""Random Picker"" only where natural."
P1,https://anyconverter.io/da/password-generator/,da\password-generator\index.html,da,device,0,5,39.2,Adgangskodegenerator Online Gratis | AnyConverter,Adgangskodegenerator,407,password generator,random password generator; strong password generator; secure password,"Device/test SERPs rank tools that run checks instantly, explain permissions/privacy, show clear pass/fail states, and include troubleshooting guidance.","OnlineMicTest, WebcamMicTest, Loom, EIZO, DeadPixelTest.org, WhatIsMyViewport, mdigi, Typing.com, TypingTest.com, LiveChat",https://www.onlinemictest.com/ | https://webcammictest.com/ | https://www.loom.com/webcam-test | https://www.eizo.be/monitor-test/ | https://deadpixeltest.org/ | https://whatismyviewport.com/ | https://typing.com/student/typing-test | https://www.typingtest.com/ | https://www.livechat.com/typing-speed-test/,"Create a localized SEO block with examples, common use cases, limitations, and links to related tools. Keep the tool UI unchanged, but align title/H1/meta copy with the primary keyword. Current visible content is thin for a competitive device query. GSC already shows impressions, so prioritize CTR testing and request indexing after deployment. Add variants such as ""password generator online"" and ""password generator test"" only where natural."
P1,https://anyconverter.io/es/meeting-timer/,es\meeting-timer\index.html,es,productivity,0,5,8,Temporizador de Reuniones — Agenda con Tiempo | AnyConverter,Temporizador de Reuniones Online,313,Temporizador de Reuniones Online,Temporizador de Reuniones Online; Temporizador de Reuniones Online gratis; Temporizador de Reuniones Online planificador,"Productivity SERPs emphasize immediate use, saved state, focus/timer workflows, templates, reminders, and low-friction task capture.","Pomofocus, PomodoroTimer.online, TomatoTimers, vClock, Online Stopwatch, Habi, HabitBox, Structured, Canva, Any.do, Microsoft To Do, Todoist",https://pomofocus.io/ | https://www.pomodorotimer.online/ | https://www.tomatotimers.com/ | https://vclock.com/timer/ | https://vclock.com/stopwatch/ | https://www.online-stopwatch.com/ | https://habi.app/ | https://habitbox.app/ | https://structured.app/daily-planner | https://www.canva.com/planners/templates/daily/ | https://todoist.com/ | https://to-do.office.com/tasks/,"Create a localized SEO block with intent-specific examples, common use cases, limitations, and links to closely related tools. Keep the tool UI unchanged, but align title/H1/meta copy with the primary keyword. Current visible content is thin for a competitive productivity query. GSC already shows impressions, so prioritize CTR testing and request indexing after deployment. Add variants such as ""Temporizador de Reuniones Online"" and ""Temporizador de Reuniones Online gratis"" only where natural."
P1,https://anyconverter.io/es/scan-to-pdf/,es\scan-to-pdf\index.html,es,pdf,0,5,18,Escanear a PDF — Imágenes a PDF Online Gratis | AnyConverter,Escanear a PDF,330,escanear imagen a pdf,escanear imagen a pdf online; escanear imagen a pdf gratis; escanear imagen a pdf en el navegador,"Top PDF SERPs lead with the exact task, privacy/free/browser language, clear upload controls, adjacent PDF actions, and short step-by-step copy.","Adobe Acrobat, iLovePDF, Smallpdf, PDF24, Sejda, PDF2Go, PDFChef, FreeConvert, PDFgear",https://www.adobe.com/acrobat/online.html | https://www.ilovepdf.com/ | https://smallpdf.com/pdf-tools | https://tools.pdf24.org/en/ | https://www.sejda.com/ | https://www.pdf2go.com/ | https://www.freeconvert.com/pdf-tools,"Create a localized SEO block with intent-specific examples, common use cases, limitations, and links to closely related tools. Keep the tool UI unchanged, but align title/H1/meta copy with the primary keyword. Current visible content is thin for a competitive pdf query. GSC already shows impressions, so prioritize CTR testing and request indexing after deployment. Add variants such as ""escanear imagen a pdf online"" and ""escanear imagen a pdf gratis"" only where natural."
P1,https://anyconverter.io/age-calculator/,age-calculator\index.html,en,calculator,0,4,25.75,Age Calculator Online Free | AnyConverter,Age Calculator,435,Age Calculator,Age Calculator online; Age Calculator formula; Age Calculator example,"Calculator SERPs reward pages with visible formulas, worked examples, definitions, country/unit variations, and trustworthy explanations around the calculator.","Calculator.net, Omni Calculator, Mayo Clinic, CDC/NHLBI, Bankrate, Investor.gov, Wise, Zoho, Moneysmart, Nordea",https://www.calculator.net/ | https://www.omnicalculator.com/ | https://www.mayoclinic.org/healthy-lifestyle/weight-loss/in-depth/calorie-calculator/itt-20402304 | https://www.cdc.gov/bmi/adult-calculator/index.html | https://www.investor.gov/financial-tools-calculators/calculators/compound-interest-calculator | https://www.bankrate.com/calculators.aspx | https://wise.com/us/currency-converter/ | https://www.zoho.com/books/gst-calculator/ | https://moneysmart.gov.au/budgeting/compound-interest-calculator,"Create a concise SEO block with examples, use cases, limitations, FAQs, and related-tool links. Keep the tool UI unchanged, but align title/H1/meta copy with the primary keyword. Current visible content is thin for a competitive calculator query. GSC already shows impressions, so prioritize CTR testing and request indexing after deployment. Add variants such as ""Age Calculator online"" and ""Age Calculator formula"" only where natural."
P1,https://anyconverter.io/es/fancy-text-generator/,es\fancy-text-generator\index.html,es,text,0,4,8,Generador de Texto Elegante Online Gratis | AnyConverter,Generador de Texto Elegante,405,Generador de Texto Elegante,Generador de Texto Elegante online; Generador de Texto Elegante gratis; Generador de Texto Elegante,"Text-tool SERPs rank pages that show the input box immediately, explain accepted formats, include examples, and use ""counter/converter/generator/checker"" intent words.","WordCounter.net, CharacterCountTool, Grammarly, WordCounter.io, ConvertCase, TitleCaseConverter, Diffchecker, Text-Compare",https://wordcounter.net/ | https://charactercounttool.com/ | https://www.grammarly.com/character-counter | https://convertcase.net/ | https://titlecaseconverter.com/ | https://www.diffchecker.com/text-compare/ | https://www.text-compare.com/,"Create a localized SEO block with intent-specific examples, common use cases, limitations, and links to closely related tools. Keep the tool UI unchanged, but align title/H1/meta copy with the primary keyword. Current visible content is thin for a competitive text query. GSC already shows impressions, so prioritize CTR testing and request indexing after deployment. Add variants such as ""Generador de Texto Elegante online"" and ""Generador de Texto Elegante gratis"" only where natural."
P1,https://anyconverter.io/security/,security\index.html,en,support,0,4,4.75,Security — AnyConverter,Security at AnyConverter,460,AnyConverter security,privacy-first online tools; browser-based file processing; secure PDF tools,"Trust/support pages should reinforce crawl clarity, brand trust, privacy, and internal links to high-value tools rather than target competitive tool keywords.","Google Search Central guidance, high-performing tool directories, SaaS trust/legal pages",https://developers.google.com/search/docs/fundamentals/creating-helpful-content | https://developers.google.com/search/docs/crawling-indexing/sitemaps/overview | https://developers.google.com/search/docs/appearance/title-link | https://developers.google.com/search/docs/appearance/snippet,"Create a concise SEO block with examples, use cases, limitations, FAQs, and related-tool links. Keep the tool UI unchanged, but align title/H1/meta copy with the primary keyword. Current visible content is thin for a competitive support query. GSC already shows impressions, so prioritize CTR testing and request indexing after deployment. Add variants such as ""AnyConverter security"" and ""AnyConverter security free tools"" only where natural."
P1,https://anyconverter.io/da/monitor-color-test/,da\monitor-color-test\index.html,da,device,0,3,17.33,Skærm Farvetest Online Gratis | AnyConverter,Skærm Farvetest,242,monitor color test,monitor color test online; monitor color test; monitor color test tjekker,"Device/test SERPs rank tools that run checks instantly, explain permissions/privacy, show clear pass/fail states, and include troubleshooting guidance.","OnlineMicTest, WebcamMicTest, Loom, EIZO, DeadPixelTest.org, WhatIsMyViewport, mdigi, Typing.com, TypingTest.com, LiveChat",https://www.onlinemictest.com/ | https://webcammictest.com/ | https://www.loom.com/webcam-test | https://www.eizo.be/monitor-test/ | https://deadpixeltest.org/ | https://whatismyviewport.com/ | https://typing.com/student/typing-test | https://www.typingtest.com/ | https://www.livechat.com/typing-speed-test/,"Create a localized SEO block with examples, common use cases, limitations, and links to related tools. Keep the tool UI unchanged, but align title/H1/meta copy with the primary keyword. Current visible content is thin for a competitive device query. GSC already shows impressions, so prioritize CTR testing and request indexing after deployment. Add variants such as ""monitor color test online"" and ""monitor color test"" only where natural."
P1,https://anyconverter.io/da/number-to-words/,da\number-to-words\index.html,da,text,0,3,8.33,Tal til Ord Konverter Online Gratis | AnyConverter,Tal til Ord Konverter,290,Tal til Ord Konverter,Tal til Ord Konverter online; Tal til Ord Konverter gratis; Tal til Ord Konverter generator,"Text-tool SERPs rank pages that show the input box immediately, explain accepted formats, include examples, and use ""counter/converter/generator/checker"" intent words.","WordCounter.net, CharacterCountTool, Grammarly, WordCounter.io, ConvertCase, TitleCaseConverter, Diffchecker, Text-Compare",https://wordcounter.net/ | https://charactercounttool.com/ | https://www.grammarly.com/character-counter | https://convertcase.net/ | https://titlecaseconverter.com/ | https://www.diffchecker.com/text-compare/ | https://www.text-compare.com/,"Create a localized SEO block with examples, common use cases, limitations, and links to related tools. Keep the tool UI unchanged, but align title/H1/meta copy with the primary keyword. Current visible content is thin for a competitive text query. GSC already shows impressions, so prioritize CTR testing and request indexing after deployment. Add variants such as ""Tal til Ord Konverter online"" and ""Tal til Ord Konverter gratis"" only where natural."
P1,https://anyconverter.io/da/tip-calculator/,da\tip-calculator\index.html,da,calculator,0,3,7.67,Drikkepenge Beregner Online Gratis | AnyConverter,Drikkepenge Beregner,383,tip calculator,gratuity calculator; split bill calculator; restaurant tip calculator,"Calculator SERPs reward pages with visible formulas, worked examples, definitions, country/unit variations, and trustworthy explanations around the calculator.","Calculator.net, Omni Calculator, Mayo Clinic, CDC/NHLBI, Bankrate, Investor.gov, Wise, Zoho, Moneysmart, Nordea",https://www.calculator.net/ | https://www.omnicalculator.com/ | https://www.mayoclinic.org/healthy-lifestyle/weight-loss/in-depth/calorie-calculator/itt-20402304 | https://www.cdc.gov/bmi/adult-calculator/index.html | https://www.investor.gov/financial-tools-calculators/calculators/compound-interest-calculator | https://www.bankrate.com/calculators.aspx | https://wise.com/us/currency-converter/ | https://www.zoho.com/books/gst-calculator/ | https://moneysmart.gov.au/budgeting/compound-interest-calculator,"Create a localized SEO block with examples, common use cases, limitations, and links to related tools. Keep the tool UI unchanged, but align title/H1/meta copy with the primary keyword. Current visible content is thin for a competitive calculator query. GSC already shows impressions, so prioritize CTR testing and request indexing after deployment. Add variants such as ""tip calculator online"" and ""tip calculator formel"" only where natural."
P1,https://anyconverter.io/lorem-ipsum-generator/,lorem-ipsum-generator\index.html,en,text,0,3,40,Lorem Ipsum Generator Online Free | AnyConverter,Lorem Ipsum Generator,412,Lorem Ipsum Generator,Lorem Ipsum Generator online; Lorem Ipsum Generator free; Lorem Ipsum Generator,"Text-tool SERPs rank pages that show the input box immediately, explain accepted formats, include examples, and use ""counter/converter/generator/checker"" intent words.","WordCounter.net, CharacterCountTool, Grammarly, WordCounter.io, ConvertCase, TitleCaseConverter, Diffchecker, Text-Compare",https://wordcounter.net/ | https://charactercounttool.com/ | https://www.grammarly.com/character-counter | https://convertcase.net/ | https://titlecaseconverter.com/ | https://www.diffchecker.com/text-compare/ | https://www.text-compare.com/,"Create a concise SEO block with examples, use cases, limitations, FAQs, and related-tool links. Keep the tool UI unchanged, but align title/H1/meta copy with the primary keyword. Current visible content is thin for a competitive text query. GSC already shows impressions, so prioritize CTR testing and request indexing after deployment. Add variants such as ""Lorem Ipsum Generator online"" and ""Lorem Ipsum Generator free"" only where natural."
P1,https://anyconverter.io/terms/,terms\index.html,en,support,0,3,2.33,Terms of Service — AnyConverter,Terms of Service,608,Terms of Service,Terms of Service AnyConverter; Terms of Service free tools; Terms of Service privacy-first tools,"Trust/support pages should reinforce crawl clarity, brand trust, privacy, and internal links to high-value tools rather than target competitive tool keywords.","Google Search Central guidance, high-performing tool directories, SaaS trust/legal pages",https://developers.google.com/search/docs/fundamentals/creating-helpful-content | https://developers.google.com/search/docs/crawling-indexing/sitemaps/overview | https://developers.google.com/search/docs/appearance/title-link | https://developers.google.com/search/docs/appearance/snippet,"Create a concise SEO block with examples, use cases, limitations, FAQs, and related-tool links. Keep the tool UI unchanged, but align title/H1/meta copy with the primary keyword. Current visible content is thin for a competitive support query. GSC already shows impressions, so prioritize CTR testing and request indexing after deployment. Add variants such as ""Terms of Service AnyConverter"" and ""Terms of Service free tools"" only where natural."
P1,https://anyconverter.io/blog/,blog\index.html,en,support,0,2,5.5,"Blog — Tips, Guides &amp; Updates | AnyConverter","Tips, Guides &amp; Updates",273,Blog,Blog AnyConverter; Blog free tools; Blog privacy-first tools,"Trust/support pages should reinforce crawl clarity, brand trust, privacy, and internal links to high-value tools rather than target competitive tool keywords.","Google Search Central guidance, high-performing tool directories, SaaS trust/legal pages",https://developers.google.com/search/docs/fundamentals/creating-helpful-content | https://developers.google.com/search/docs/crawling-indexing/sitemaps/overview | https://developers.google.com/search/docs/appearance/title-link | https://developers.google.com/search/docs/appearance/snippet,"Create a concise SEO block with examples, use cases, limitations, FAQs, and related-tool links. Keep the tool UI unchanged, but align title/H1/meta copy with the primary keyword. Current visible content is thin for a competitive support query. GSC already shows impressions, so prioritize CTR testing and request indexing after deployment. Add variants such as ""Blog AnyConverter"" and ""Blog free tools"" only where natural."
P1,https://anyconverter.io/da/ascii-art-generator/,da\ascii-art-generator\index.html,da,text,0,2,4,ASCII Kunst Generator Online Gratis | AnyConverter,ASCII Kunst Generator,336,ASCII Kunst Generator,ASCII Kunst Generator online; ASCII Kunst Generator gratis; ASCII Kunst Generator,"Text-tool SERPs rank pages that show the input box immediately, explain accepted formats, include examples, and use ""counter/converter/generator/checker"" intent words.","WordCounter.net, CharacterCountTool, Grammarly, WordCounter.io, ConvertCase, TitleCaseConverter, Diffchecker, Text-Compare",https://wordcounter.net/ | https://charactercounttool.com/ | https://www.grammarly.com/character-counter | https://convertcase.net/ | https://titlecaseconverter.com/ | https://www.diffchecker.com/text-compare/ | https://www.text-compare.com/,"Create a localized SEO block with examples, common use cases, limitations, and links to related tools. Keep the tool UI unchanged, but align title/H1/meta copy with the primary keyword. Current visible content is thin for a competitive text query. GSC already shows impressions, so prioritize CTR testing and request indexing after deployment. Add variants such as ""ASCII Kunst Generator online"" and ""ASCII Kunst Generator gratis"" only where natural."
P1,https://anyconverter.io/da/daily-planner/,da\daily-planner\index.html,da,productivity,0,2,26,Daglig Planlægger Online Gratis | AnyConverter,Daglig Planlægger Online,236,planner daily online,planner daily online; planner daily online gratis; planner daily online planlaegger,"Productivity SERPs emphasize immediate use, saved state, focus/timer workflows, templates, reminders, and low-friction task capture.","Pomofocus, PomodoroTimer.online, TomatoTimers, vClock, Online Stopwatch, Habi, HabitBox, Structured, Canva, Any.do, Microsoft To Do, Todoist",https://pomofocus.io/ | https://www.pomodorotimer.online/ | https://www.tomatotimers.com/ | https://vclock.com/timer/ | https://vclock.com/stopwatch/ | https://www.online-stopwatch.com/ | https://habi.app/ | https://habitbox.app/ | https://structured.app/daily-planner | https://www.canva.com/planners/templates/daily/ | https://todoist.com/ | https://to-do.office.com/tasks/,"Create a localized SEO block with examples, common use cases, limitations, and links to related tools. Keep the tool UI unchanged, but align title/H1/meta copy with the primary keyword. Current visible content is thin for a competitive productivity query. GSC already shows impressions, so prioritize CTR testing and request indexing after deployment. Add variants such as ""planner daily online"" and ""planner daily online gratis"" only where natural."
P1,https://anyconverter.io/da/fancy-text-generator/,da\fancy-text-generator\index.html,da,text,0,2,7,Fancy Tekst Generator Online Gratis | AnyConverter,Fancy Tekst Generator,339,Fancy Tekst Generator,Fancy Tekst Generator online; Fancy Tekst Generator gratis; Fancy Tekst Generator,"Text-tool SERPs rank pages that show the input box immediately, explain accepted formats, include examples, and use ""counter/converter/generator/checker"" intent words.","WordCounter.net, CharacterCountTool, Grammarly, WordCounter.io, ConvertCase, TitleCaseConverter, Diffchecker, Text-Compare",https://wordcounter.net/ | https://charactercounttool.com/ | https://www.grammarly.com/character-counter | https://convertcase.net/ | https://titlecaseconverter.com/ | https://www.diffchecker.com/text-compare/ | https://www.text-compare.com/,"Create a localized SEO block with examples, common use cases, limitations, and links to related tools. Keep the tool UI unchanged, but align title/H1/meta copy with the primary keyword. Current visible content is thin for a competitive text query. GSC already shows impressions, so prioritize CTR testing and request indexing after deployment. Add variants such as ""Fancy Tekst Generator online"" and ""Fancy Tekst Generator gratis"" only where natural."
P1,https://anyconverter.io/da/text-repeater/,da\text-repeater\index.html,da,text,0,2,5,Tekstgentagelse Online Gratis | AnyConverter,Tekstgentagelse,258,text repeater online,text repeater online; text repeater online gratis; text repeater online generator,"Text-tool SERPs rank pages that show the input box immediately, explain accepted formats, include examples, and use ""counter/converter/generator/checker"" intent words.","WordCounter.net, CharacterCountTool, Grammarly, WordCounter.io, ConvertCase, TitleCaseConverter, Diffchecker, Text-Compare",https://wordcounter.net/ | https://charactercounttool.com/ | https://www.grammarly.com/character-counter | https://convertcase.net/ | https://titlecaseconverter.com/ | https://www.diffchecker.com/text-compare/ | https://www.text-compare.com/,"Create a localized SEO block with examples, common use cases, limitations, and links to related tools. Keep the tool UI unchanged, but align title/H1/meta copy with the primary keyword. Current visible content is thin for a competitive text query. GSC already shows impressions, so prioritize CTR testing and request indexing after deployment. Add variants such as ""text repeater online"" and ""text repeater online gratis"" only where natural."
P1,https://anyconverter.io/es/internet-speed-test/,es\internet-speed-test\index.html,es,device,0,2,6.5,Prueba de Velocidad de Internet Online Gratis | AnyConverter,Prueba de Velocidad de Internet,333,internet speed test,WiFi speed test; broadband speed test; test download speed,"Device/test SERPs rank tools that run checks instantly, explain permissions/privacy, show clear pass/fail states, and include troubleshooting guidance.","OnlineMicTest, WebcamMicTest, Loom, EIZO, DeadPixelTest.org, WhatIsMyViewport, mdigi, Typing.com, TypingTest.com, LiveChat",https://www.onlinemictest.com/ | https://webcammictest.com/ | https://www.loom.com/webcam-test | https://www.eizo.be/monitor-test/ | https://deadpixeltest.org/ | https://whatismyviewport.com/ | https://typing.com/student/typing-test | https://www.typingtest.com/ | https://www.livechat.com/typing-speed-test/,"Create a localized SEO block with intent-specific examples, common use cases, limitations, and links to closely related tools. Keep the tool UI unchanged, but align title/H1/meta copy with the primary keyword. Current visible content is thin for a competitive device query. GSC already shows impressions, so prioritize CTR testing and request indexing after deployment. Add variants such as ""internet speed test online"" and ""internet speed test prueba"" only where natural."
P1,https://anyconverter.io/es/morse-code-converter/,es\morse-code-converter\index.html,es,dev,0,2,4.5,Convertidor de Código Morse Online Gratis | AnyConverter,Convertidor de Código Morse,410,Convertidor de Código Morse,Convertidor de Código Morse online; Convertidor de Código Morse validador; Convertidor de Código Morse formateador,"Developer-tool SERPs favor exact utility names, example input/output, validation/error states, copy/download buttons, and ""formatter/validator/converter/parser"" modifiers.","JSONFormatter.org, CodeBeautify, JSONLint, regex101, RegExr, Base64Decode.org, emn178, KeyCDN, MD5file",https://jsonformatter.org/ | https://codebeautify.org/ | https://jsonlint.com/ | https://regex101.com/ | https://regexr.com/ | https://www.base64decode.org/ | https://emn178.github.io/online-tools/ | https://tools.keycdn.com/,"Create a localized SEO block with intent-specific examples, common use cases, limitations, and links to closely related tools. Keep the tool UI unchanged, but align title/H1/meta copy with the primary keyword. Current visible content is thin for a competitive dev query. GSC already shows impressions, so prioritize CTR testing and request indexing after deployment. Add variants such as ""Convertidor de Código Morse online"" and ""Convertidor de Código Morse validador"" only where natural."
P1,https://anyconverter.io/es/password-generator/,es\password-generator\index.html,es,device,0,2,5,Generador de Contraseñas Online Gratis | AnyConverter,Generador de Contraseñas,448,password generator,random password generator; strong password generator; secure password,"Device/test SERPs rank tools that run checks instantly, explain permissions/privacy, show clear pass/fail states, and include troubleshooting guidance.","OnlineMicTest, WebcamMicTest, Loom, EIZO, DeadPixelTest.org, WhatIsMyViewport, mdigi, Typing.com, TypingTest.com, LiveChat",https://www.onlinemictest.com/ | https://webcammictest.com/ | https://www.loom.com/webcam-test | https://www.eizo.be/monitor-test/ | https://deadpixeltest.org/ | https://whatismyviewport.com/ | https://typing.com/student/typing-test | https://www.typingtest.com/ | https://www.livechat.com/typing-speed-test/,"Create a localized SEO block with intent-specific examples, common use cases, limitations, and links to closely related tools. Keep the tool UI unchanged, but align title/H1/meta copy with the primary keyword. Current visible content is thin for a competitive device query. GSC already shows impressions, so prioritize CTR testing and request indexing after deployment. Add variants such as ""password generator online"" and ""password generator prueba"" only where natural."
P1,https://anyconverter.io/es/screen-resolution/,es\screen-resolution\index.html,es,device,0,2,7,Comprobador de Resolución de Pantalla | AnyConverter,Comprobador de Resolución de Pantalla,343,screen resolution checker,screen resolution checker online; screen resolution checker prueba; screen resolution checker verificador,"Device/test SERPs rank tools that run checks instantly, explain permissions/privacy, show clear pass/fail states, and include troubleshooting guidance.","OnlineMicTest, WebcamMicTest, Loom, EIZO, DeadPixelTest.org, WhatIsMyViewport, mdigi, Typing.com, TypingTest.com, LiveChat",https://www.onlinemictest.com/ | https://webcammictest.com/ | https://www.loom.com/webcam-test | https://www.eizo.be/monitor-test/ | https://deadpixeltest.org/ | https://whatismyviewport.com/ | https://typing.com/student/typing-test | https://www.typingtest.com/ | https://www.livechat.com/typing-speed-test/,"Create a localized SEO block with intent-specific examples, common use cases, limitations, and links to closely related tools. Keep the tool UI unchanged, but align title/H1/meta copy with the primary keyword. Current visible content is thin for a competitive device query. GSC already shows impressions, so prioritize CTR testing and request indexing after deployment. Add variants such as ""screen resolution checker online"" and ""screen resolution checker prueba"" only where natural."
P1,https://anyconverter.io/password-generator/,password-generator\index.html,en,device,0,2,37.5,Password Generator Online Free | AnyConverter,Password Generator,441,password generator,random password generator; strong password generator; secure password,"Device/test SERPs rank tools that run checks instantly, explain permissions/privacy, show clear pass/fail states, and include troubleshooting guidance.","OnlineMicTest, WebcamMicTest, Loom, EIZO, DeadPixelTest.org, WhatIsMyViewport, mdigi, Typing.com, TypingTest.com, LiveChat",https://www.onlinemictest.com/ | https://webcammictest.com/ | https://www.loom.com/webcam-test | https://www.eizo.be/monitor-test/ | https://deadpixeltest.org/ | https://whatismyviewport.com/ | https://typing.com/student/typing-test | https://www.typingtest.com/ | https://www.livechat.com/typing-speed-test/,"Create a concise SEO block with examples, use cases, limitations, FAQs, and related-tool links. Keep the tool UI unchanged, but align title/H1/meta copy with the primary keyword. Current visible content is thin for a competitive device query. GSC already shows impressions, so prioritize CTR testing and request indexing after deployment. Add variants such as ""password generator online"" and ""password generator test"" only where natural."
P1,https://anyconverter.io/privacy/,privacy\index.html,en,support,0,2,5.5,Privacy Policy — AnyConverter,Privacy Policy,682,Privacy Policy,Privacy Policy AnyConverter; Privacy Policy free tools; Privacy Policy privacy-first tools,"Trust/support pages should reinforce crawl clarity, brand trust, privacy, and internal links to high-value tools rather than target competitive tool keywords.","Google Search Central guidance, high-performing tool directories, SaaS trust/legal pages",https://developers.google.com/search/docs/fundamentals/creating-helpful-content | https://developers.google.com/search/docs/crawling-indexing/sitemaps/overview | https://developers.google.com/search/docs/appearance/title-link | https://developers.google.com/search/docs/appearance/snippet,"Create a concise SEO block with examples, use cases, limitations, FAQs, and related-tool links. Keep the tool UI unchanged, but align title/H1/meta copy with the primary keyword. GSC already shows impressions, so prioritize CTR testing and request indexing after deployment. Add variants such as ""Privacy Policy AnyConverter"" and ""Privacy Policy free tools"" only where natural."
P1,https://anyconverter.io/about/,about\index.html,en,support,0,1,6,About Us — AnyConverter | Free Online Tools,Built for Everyone. Free Forever.,407,AnyConverter,free online tools; PDF converters; calculators and utilities,"Trust/support pages should reinforce crawl clarity, brand trust, privacy, and internal links to high-value tools rather than target competitive tool keywords.","Google Search Central guidance, high-performing tool directories, SaaS trust/legal pages",https://developers.google.com/search/docs/fundamentals/creating-helpful-content | https://developers.google.com/search/docs/crawling-indexing/sitemaps/overview | https://developers.google.com/search/docs/appearance/title-link | https://developers.google.com/search/docs/appearance/snippet,"Create a concise SEO block with examples, use cases, limitations, FAQs, and related-tool links. Keep the tool UI unchanged, but align title/H1/meta copy with the primary keyword. Current visible content is thin for a competitive support query. GSC already shows impressions, so prioritize CTR testing and request indexing after deployment. Add variants such as ""AnyConverter"" and ""AnyConverter free tools"" only where natural."
P1,https://anyconverter.io/countdown-timer/,countdown-timer\index.html,en,productivity,0,1,1,Countdown Timer Online Free | AnyConverter,Countdown Timer Online,271,Countdown Timer,Countdown Timer online; Countdown Timer free; Countdown Timer planner,"Productivity SERPs emphasize immediate use, saved state, focus/timer workflows, templates, reminders, and low-friction task capture.","Pomofocus, PomodoroTimer.online, TomatoTimers, vClock, Online Stopwatch, Habi, HabitBox, Structured, Canva, Any.do, Microsoft To Do, Todoist",https://pomofocus.io/ | https://www.pomodorotimer.online/ | https://www.tomatotimers.com/ | https://vclock.com/timer/ | https://vclock.com/stopwatch/ | https://www.online-stopwatch.com/ | https://habi.app/ | https://habitbox.app/ | https://structured.app/daily-planner | https://www.canva.com/planners/templates/daily/ | https://todoist.com/ | https://to-do.office.com/tasks/,"Create a concise SEO block with examples, use cases, limitations, FAQs, and related-tool links. Keep the tool UI unchanged, but align title/H1/meta copy with the primary keyword. Current visible content is thin for a competitive productivity query. GSC already shows impressions, so prioritize CTR testing and request indexing after deployment. Add variants such as ""Countdown Timer online"" and ""Countdown Timer free"" only where natural."
P1,https://anyconverter.io/da/css-gradient-generator/,da\css-gradient-generator\index.html,da,dev,0,1,11,CSS Gradient Generator Online Gratis | AnyConverter,CSS Gradient Generator,317,CSS Gradient Generator,CSS Gradient Generator online; CSS Gradient Generator validator; CSS Gradient Generator formatter,"Developer-tool SERPs favor exact utility names, example input/output, validation/error states, copy/download buttons, and ""formatter/validator/converter/parser"" modifiers.","JSONFormatter.org, CodeBeautify, JSONLint, regex101, RegExr, Base64Decode.org, emn178, KeyCDN, MD5file",https://jsonformatter.org/ | https://codebeautify.org/ | https://jsonlint.com/ | https://regex101.com/ | https://regexr.com/ | https://www.base64decode.org/ | https://emn178.github.io/online-tools/ | https://tools.keycdn.com/,"Create a localized SEO block with examples, common use cases, limitations, and links to related tools. Keep the tool UI unchanged, but align title/H1/meta copy with the primary keyword. Current visible content is thin for a competitive dev query. GSC already shows impressions, so prioritize CTR testing and request indexing after deployment. Add variants such as ""CSS Gradient Generator online"" and ""CSS Gradient Generator validator"" only where natural."
P1,https://anyconverter.io/da/mouse-tester/,da\mouse-tester\index.html,da,device,0,1,6,Musetest Online Gratis | AnyConverter,Musetest,195,Musetest,Musetest online; Musetest; Musetest tjekker,"Device/test SERPs rank tools that run checks instantly, explain permissions/privacy, show clear pass/fail states, and include troubleshooting guidance.","OnlineMicTest, WebcamMicTest, Loom, EIZO, DeadPixelTest.org, WhatIsMyViewport, mdigi, Typing.com, TypingTest.com, LiveChat",https://www.onlinemictest.com/ | https://webcammictest.com/ | https://www.loom.com/webcam-test | https://www.eizo.be/monitor-test/ | https://deadpixeltest.org/ | https://whatismyviewport.com/ | https://typing.com/student/typing-test | https://www.typingtest.com/ | https://www.livechat.com/typing-speed-test/,"Create a localized SEO block with examples, common use cases, limitations, and links to related tools. Keep the tool UI unchanged, but align title/H1/meta copy with the primary keyword. Current visible content is thin for a competitive device query. GSC already shows impressions, so prioritize CTR testing and request indexing after deployment. Add variants such as ""Musetest online"" and ""Musetest"" only where natural."
P1,https://anyconverter.io/da/password-strength-checker/,da\password-strength-checker\index.html,da,device,0,1,8,Adgangskode Styrke Tjekker Online Gratis | AnyConverter,Adgangskode Styrke Tjekker,355,password strength checker,password strength checker online; password strength checker test; password strength checker tjekker,"Device/test SERPs rank tools that run checks instantly, explain permissions/privacy, show clear pass/fail states, and include troubleshooting guidance.","OnlineMicTest, WebcamMicTest, Loom, EIZO, DeadPixelTest.org, WhatIsMyViewport, mdigi, Typing.com, TypingTest.com, LiveChat",https://www.onlinemictest.com/ | https://webcammictest.com/ | https://www.loom.com/webcam-test | https://www.eizo.be/monitor-test/ | https://deadpixeltest.org/ | https://whatismyviewport.com/ | https://typing.com/student/typing-test | https://www.typingtest.com/ | https://www.livechat.com/typing-speed-test/,"Create a localized SEO block with examples, common use cases, limitations, and links to related tools. Keep the tool UI unchanged, but align title/H1/meta copy with the primary keyword. Current visible content is thin for a competitive device query. GSC already shows impressions, so prioritize CTR testing and request indexing after deployment. Add variants such as ""password strength checker online"" and ""password strength checker test"" only where natural."
P1,https://anyconverter.io/da/text-case-converter/,da\text-case-converter\index.html,da,text,0,1,10,Tekst Store/Små Bogstaver Konverter Online Gratis | AnyConverter,Tekst Store/Små Bogstaver Konverter,379,Tekst Store/Små Bogstaver Konverter,Tekst Store/Små Bogstaver Konverter online; Tekst Store/Små Bogstaver Konverter gratis; Tekst Store/Små Bogstaver Konverter generator,"Text-tool SERPs rank pages that show the input box immediately, explain accepted formats, include examples, and use ""counter/converter/generator/checker"" intent words.","WordCounter.net, CharacterCountTool, Grammarly, WordCounter.io, ConvertCase, TitleCaseConverter, Diffchecker, Text-Compare",https://wordcounter.net/ | https://charactercounttool.com/ | https://www.grammarly.com/character-counter | https://convertcase.net/ | https://titlecaseconverter.com/ | https://www.diffchecker.com/text-compare/ | https://www.text-compare.com/,"Create a localized SEO block with examples, common use cases, limitations, and links to related tools. Keep the tool UI unchanged, but align title/H1/meta copy with the primary keyword. Current visible content is thin for a competitive text query. GSC already shows impressions, so prioritize CTR testing and request indexing after deployment. Add variants such as ""Tekst Store/Små Bogstaver Konverter online"" and ""Tekst Store/Små Bogstaver Konverter gratis"" only where natural."
P1,https://anyconverter.io/es/about/,es\about\index.html,es,support,0,1,26,Sobre Nosotros — AnyConverter | Herramientas Online Gratuitas,Construido para Todos. Gratis para Siempre.,447,AnyConverter,free online tools; PDF converters; calculators and utilities,"Trust/support pages should reinforce crawl clarity, brand trust, privacy, and internal links to high-value tools rather than target competitive tool keywords.","Google Search Central guidance, high-performing tool directories, SaaS trust/legal pages",https://developers.google.com/search/docs/fundamentals/creating-helpful-content | https://developers.google.com/search/docs/crawling-indexing/sitemaps/overview | https://developers.google.com/search/docs/appearance/title-link | https://developers.google.com/search/docs/appearance/snippet,"Create a localized SEO block with intent-specific examples, common use cases, limitations, and links to closely related tools. Keep the tool UI unchanged, but align title/H1/meta copy with the primary keyword. Current visible content is thin for a competitive support query. GSC already shows impressions, so prioritize CTR testing and request indexing after deployment. Add variants such as ""AnyConverter"" and ""AnyConverter herramientas gratis"" only where natural."
P1,https://anyconverter.io/es/decision-maker/,es\decision-maker\index.html,es,random,0,1,7,Tomador de Decisiones — ¿No Puedes Decidir? | AnyConverter,Tomador de Decisiones Online,271,decision maker generator,decision maker generator online; decision maker generator aleatorio; decision maker generator resultado justo,"Randomizer SERPs favor playful but instant tools with probability/fairness notes, shareable results, list import/export, and task-specific variants.","Random.org, Calculator.net, Picker Wheel, Wheel of Names, Roll a Die, FlipSimu, AppSorteos, DnD Dice Roller",https://www.random.org/ | https://www.calculator.net/random-number-generator.html | https://pickerwheel.com/ | https://wheelofnames.com/ | https://rolladie.net/ | https://flipsimu.com/ | https://app-sorteos.com/en,"Create a localized SEO block with intent-specific examples, common use cases, limitations, and links to closely related tools. Keep the tool UI unchanged, but align title/H1/meta copy with the primary keyword. Current visible content is thin for a competitive random query. GSC already shows impressions, so prioritize CTR testing and request indexing after deployment. Add variants such as ""decision maker generator online"" and ""decision maker generator aleatorio"" only where natural."
P1,https://anyconverter.io/es/loan-calculator/,es\loan-calculator\index.html,es,calculator,0,1,5,Calculadora de Préstamos y EMI Online Gratis | AnyConverter,Calculadora de Préstamos / EMI,497,Calculadora de Préstamos / EMI,Calculadora de Préstamos / EMI online; Calculadora de Préstamos / EMI formula; Calculadora de Préstamos / EMI ejemplo,"Calculator SERPs reward pages with visible formulas, worked examples, definitions, country/unit variations, and trustworthy explanations around the calculator.","Calculator.net, Omni Calculator, Mayo Clinic, CDC/NHLBI, Bankrate, Investor.gov, Wise, Zoho, Moneysmart, Nordea",https://www.calculator.net/ | https://www.omnicalculator.com/ | https://www.mayoclinic.org/healthy-lifestyle/weight-loss/in-depth/calorie-calculator/itt-20402304 | https://www.cdc.gov/bmi/adult-calculator/index.html | https://www.investor.gov/financial-tools-calculators/calculators/compound-interest-calculator | https://www.bankrate.com/calculators.aspx | https://wise.com/us/currency-converter/ | https://www.zoho.com/books/gst-calculator/ | https://moneysmart.gov.au/budgeting/compound-interest-calculator,"Create a localized SEO block with intent-specific examples, common use cases, limitations, and links to closely related tools. Keep the tool UI unchanged, but align title/H1/meta copy with the primary keyword. Current visible content is thin for a competitive calculator query. GSC already shows impressions, so prioritize CTR testing and request indexing after deployment. Add variants such as ""Calculadora de Préstamos / EMI online"" and ""Calculadora de Préstamos / EMI formula"" only where natural."
P1,https://anyconverter.io/es/stopwatch/,es\stopwatch\index.html,es,productivity,0,1,10,Cronómetro Online Gratis | AnyConverter,Cronómetro Online,268,Cronómetro Online,Cronómetro Online; Cronómetro Online gratis; Cronómetro Online planificador,"Productivity SERPs emphasize immediate use, saved state, focus/timer workflows, templates, reminders, and low-friction task capture.","Pomofocus, PomodoroTimer.online, TomatoTimers, vClock, Online Stopwatch, Habi, HabitBox, Structured, Canva, Any.do, Microsoft To Do, Todoist",https://pomofocus.io/ | https://www.pomodorotimer.online/ | https://www.tomatotimers.com/ | https://vclock.com/timer/ | https://vclock.com/stopwatch/ | https://www.online-stopwatch.com/ | https://habi.app/ | https://habitbox.app/ | https://structured.app/daily-planner | https://www.canva.com/planners/templates/daily/ | https://todoist.com/ | https://to-do.office.com/tasks/,"Create a localized SEO block with intent-specific examples, common use cases, limitations, and links to closely related tools. Keep the tool UI unchanged, but align title/H1/meta copy with the primary keyword. Current visible content is thin for a competitive productivity query. GSC already shows impressions, so prioritize CTR testing and request indexing after deployment. Add variants such as ""Cronómetro Online"" and ""Cronómetro Online gratis"" only where natural."
P1,https://anyconverter.io/es/viewport-size/,es\viewport-size\index.html,es,device,0,1,7,Comprobador de Tamaño de Ventana Online Gratis | AnyConverter,Comprobador de Tamaño de Ventana,334,viewport size,viewport size online; viewport size prueba; viewport size verificador,"Device/test SERPs rank tools that run checks instantly, explain permissions/privacy, show clear pass/fail states, and include troubleshooting guidance.","OnlineMicTest, WebcamMicTest, Loom, EIZO, DeadPixelTest.org, WhatIsMyViewport, mdigi, Typing.com, TypingTest.com, LiveChat",https://www.onlinemictest.com/ | https://webcammictest.com/ | https://www.loom.com/webcam-test | https://www.eizo.be/monitor-test/ | https://deadpixeltest.org/ | https://whatismyviewport.com/ | https://typing.com/student/typing-test | https://www.typingtest.com/ | https://www.livechat.com/typing-speed-test/,"Create a localized SEO block with intent-specific examples, common use cases, limitations, and links to closely related tools. Keep the tool UI unchanged, but align title/H1/meta copy with the primary keyword. Current visible content is thin for a competitive device query. GSC already shows impressions, so prioritize CTR testing and request indexing after deployment. Add variants such as ""viewport size online"" and ""viewport size prueba"" only where natural."
P1,https://anyconverter.io/fancy-text-generator/,fancy-text-generator\index.html,en,text,0,1,6,Fancy Text Generator Online Free | AnyConverter,Fancy Text Generator,362,Fancy Text Generator,Fancy Text Generator online; Fancy Text Generator free; Fancy Text Generator,"Text-tool SERPs rank pages that show the input box immediately, explain accepted formats, include examples, and use ""counter/converter/generator/checker"" intent words.","WordCounter.net, CharacterCountTool, Grammarly, WordCounter.io, ConvertCase, TitleCaseConverter, Diffchecker, Text-Compare",https://wordcounter.net/ | https://charactercounttool.com/ | https://www.grammarly.com/character-counter | https://convertcase.net/ | https://titlecaseconverter.com/ | https://www.diffchecker.com/text-compare/ | https://www.text-compare.com/,"Create a concise SEO block with examples, use cases, limitations, FAQs, and related-tool links. Keep the tool UI unchanged, but align title/H1/meta copy with the primary keyword. Current visible content is thin for a competitive text query. GSC already shows impressions, so prioritize CTR testing and request indexing after deployment. Add variants such as ""Fancy Text Generator online"" and ""Fancy Text Generator free"" only where natural."
P1,https://anyconverter.io/stopwatch/,stopwatch\index.html,en,productivity,0,1,9,Stopwatch Online Free | AnyConverter,Stopwatch Online,237,Stopwatch,Stopwatch online; Stopwatch free; Stopwatch planner,"Productivity SERPs emphasize immediate use, saved state, focus/timer workflows, templates, reminders, and low-friction task capture.","Pomofocus, PomodoroTimer.online, TomatoTimers, vClock, Online Stopwatch, Habi, HabitBox, Structured, Canva, Any.do, Microsoft To Do, Todoist",https://pomofocus.io/ | https://www.pomodorotimer.online/ | https://www.tomatotimers.com/ | https://vclock.com/timer/ | https://vclock.com/stopwatch/ | https://www.online-stopwatch.com/ | https://habi.app/ | https://habitbox.app/ | https://structured.app/daily-planner | https://www.canva.com/planners/templates/daily/ | https://todoist.com/ | https://to-do.office.com/tasks/,"Create a concise SEO block with examples, use cases, limitations, FAQs, and related-tool links. Keep the tool UI unchanged, but align title/H1/meta copy with the primary keyword. Current visible content is thin for a competitive productivity query. GSC already shows impressions, so prioritize CTR testing and request indexing after deployment. Add variants such as ""Stopwatch online"" and ""Stopwatch free"" only where natural."
P1,https://anyconverter.io/text-diff-checker/,text-diff-checker\index.html,en,text,0,1,11,Text Diff Checker Online Free | AnyConverter,Text Diff Checker,446,text diff checker,compare text online; text comparison; diff checker,"Text-tool SERPs rank pages that show the input box immediately, explain accepted formats, include examples, and use ""counter/converter/generator/checker"" intent words.","WordCounter.net, CharacterCountTool, Grammarly, WordCounter.io, ConvertCase, TitleCaseConverter, Diffchecker, Text-Compare",https://wordcounter.net/ | https://charactercounttool.com/ | https://www.grammarly.com/character-counter | https://convertcase.net/ | https://titlecaseconverter.com/ | https://www.diffchecker.com/text-compare/ | https://www.text-compare.com/,"Create a concise SEO block with examples, use cases, limitations, FAQs, and related-tool links. Keep the tool UI unchanged, but align title/H1/meta copy with the primary keyword. Current visible content is thin for a competitive text query. GSC already shows impressions, so prioritize CTR testing and request indexing after deployment. Add variants such as ""text diff checker online"" and ""text diff checker free"" only where natural."
P1,https://anyconverter.io/unlock-pdf/,unlock-pdf\index.html,en,pdf,0,1,8,Unlock PDF — Remove Password Online Free | AnyConverter,Unlock PDF — Remove Password,240,Unlock PDF,Unlock PDF online; Unlock PDF free; Unlock PDF browser-based,"Top PDF SERPs lead with the exact task, privacy/free/browser language, clear upload controls, adjacent PDF actions, and short step-by-step copy.","Adobe Acrobat, iLovePDF, Smallpdf, PDF24, Sejda, PDF2Go, PDFChef, FreeConvert, PDFgear",https://www.adobe.com/acrobat/online.html | https://www.ilovepdf.com/ | https://smallpdf.com/pdf-tools | https://tools.pdf24.org/en/ | https://www.sejda.com/ | https://www.pdf2go.com/ | https://www.freeconvert.com/pdf-tools,"Create a concise SEO block with examples, use cases, limitations, FAQs, and related-tool links. Keep the tool UI unchanged, but align title/H1/meta copy with the primary keyword. Current visible content is thin for a competitive pdf query. GSC already shows impressions, so prioritize CTR testing and request indexing after deployment. Add variants such as ""Unlock PDF online"" and ""Unlock PDF free"" only where natural."
P2,https://anyconverter.io/internet-speed-test/,internet-speed-test\index.html,en,device,0,393,79.63,Internet Speed Test Online Free | AnyConverter,Internet Speed Test,308,internet speed test,WiFi speed test; broadband speed test; test download speed,"Device/test SERPs rank tools that run checks instantly, explain permissions/privacy, show clear pass/fail states, and include troubleshooting guidance.","OnlineMicTest, WebcamMicTest, Loom, EIZO, DeadPixelTest.org, WhatIsMyViewport, mdigi, Typing.com, TypingTest.com, LiveChat",https://www.onlinemictest.com/ | https://webcammictest.com/ | https://www.loom.com/webcam-test | https://www.eizo.be/monitor-test/ | https://deadpixeltest.org/ | https://whatismyviewport.com/ | https://typing.com/student/typing-test | https://www.typingtest.com/ | https://www.livechat.com/typing-speed-test/,"Create a concise SEO block with examples, use cases, limitations, FAQs, and related-tool links. Keep the tool UI unchanged, but align title/H1/meta copy with the primary keyword. Current visible content is thin for a competitive device query. GSC already shows impressions, so prioritize CTR testing and request indexing after deployment. Add variants such as ""internet speed test online"" and ""internet speed test"" only where natural."
P2,https://anyconverter.io/pdf-forms/,pdf-forms\index.html,en,pdf,0,372,81.19,Fill PDF Forms Online Free | AnyConverter,Fill PDF Forms Online,276,fill PDF forms online,PDF form filler; create fillable PDF; free PDF forms,"Top PDF SERPs lead with the exact task, privacy/free/browser language, clear upload controls, adjacent PDF actions, and short step-by-step copy.","Adobe Acrobat, iLovePDF, Smallpdf, PDF24, Sejda, PDF2Go, PDFChef, FreeConvert, PDFgear",https://www.adobe.com/acrobat/online.html | https://www.ilovepdf.com/ | https://smallpdf.com/pdf-tools | https://tools.pdf24.org/en/ | https://www.sejda.com/ | https://www.pdf2go.com/ | https://www.freeconvert.com/pdf-tools,"Create a concise SEO block with examples, use cases, limitations, FAQs, and related-tool links. Keep the tool UI unchanged, but align title/H1/meta copy with the primary keyword. Current visible content is thin for a competitive pdf query. GSC already shows impressions, so prioritize CTR testing and request indexing after deployment. Add variants such as ""fill PDF forms online"" and ""fill PDF forms online free"" only where natural."
P2,https://anyconverter.io/es/remove-pdf-pages/,es\remove-pdf-pages\index.html,es,pdf,0,334,85.17,Eliminar Páginas de PDF Online Gratis | AnyConverter,Eliminar Páginas de PDF,253,eliminar paginas de PDF,borrar paginas PDF; quitar paginas PDF; eliminar hojas PDF,"Top PDF SERPs lead with the exact task, privacy/free/browser language, clear upload controls, adjacent PDF actions, and short step-by-step copy.","Adobe Acrobat, iLovePDF, Smallpdf, PDF24, Sejda, PDF2Go, PDFChef, FreeConvert, PDFgear",https://www.adobe.com/acrobat/online.html | https://www.ilovepdf.com/ | https://smallpdf.com/pdf-tools | https://tools.pdf24.org/en/ | https://www.sejda.com/ | https://www.pdf2go.com/ | https://www.freeconvert.com/pdf-tools,"Create a localized SEO block with intent-specific examples, common use cases, limitations, and links to closely related tools. Keep the tool UI unchanged, but align title/H1/meta copy with the primary keyword. Current visible content is thin for a competitive pdf query. GSC already shows impressions, so prioritize CTR testing and request indexing after deployment. Add variants such as ""eliminar paginas de PDF online"" and ""eliminar paginas de PDF gratis"" only where natural."
P2,https://anyconverter.io/es/pdf-merge/,es\pdf-merge\index.html,es,pdf,1,312,75.61,Unir PDF Online Gratis — Combinar Archivos PDF | AnyConverter,Unir Archivos PDF Online,328,unir PDF online,combinar PDF; juntar PDF; unir archivos PDF,"Top PDF SERPs lead with the exact task, privacy/free/browser language, clear upload controls, adjacent PDF actions, and short step-by-step copy.","Adobe Acrobat, iLovePDF, Smallpdf, PDF24, Sejda, PDF2Go, PDFChef, FreeConvert, PDFgear",https://www.adobe.com/acrobat/online.html | https://www.ilovepdf.com/ | https://smallpdf.com/pdf-tools | https://tools.pdf24.org/en/ | https://www.sejda.com/ | https://www.pdf2go.com/ | https://www.freeconvert.com/pdf-tools,"Create a localized SEO block with intent-specific examples, common use cases, limitations, and links to closely related tools. Keep the tool UI unchanged, but align title/H1/meta copy with the primary keyword. Current visible content is thin for a competitive pdf query. GSC already shows impressions, so prioritize CTR testing and request indexing after deployment. Add variants such as ""unir PDF online"" and ""unir PDF online gratis"" only where natural."
P2,https://anyconverter.io/da/internet-speed-test/,da\internet-speed-test\index.html,da,device,0,284,70.25,Internethastighed Test Online Gratis | AnyConverter,Internethastighed Test,246,internet speed test,WiFi speed test; broadband speed test; test download speed,"Device/test SERPs rank tools that run checks instantly, explain permissions/privacy, show clear pass/fail states, and include troubleshooting guidance.","OnlineMicTest, WebcamMicTest, Loom, EIZO, DeadPixelTest.org, WhatIsMyViewport, mdigi, Typing.com, TypingTest.com, LiveChat",https://www.onlinemictest.com/ | https://webcammictest.com/ | https://www.loom.com/webcam-test | https://www.eizo.be/monitor-test/ | https://deadpixeltest.org/ | https://whatismyviewport.com/ | https://typing.com/student/typing-test | https://www.typingtest.com/ | https://www.livechat.com/typing-speed-test/,"Create a localized SEO block with examples, common use cases, limitations, and links to related tools. Keep the tool UI unchanged, but align title/H1/meta copy with the primary keyword. Current visible content is thin for a competitive device query. GSC already shows impressions, so prioritize CTR testing and request indexing after deployment. Add variants such as ""internet speed test online"" and ""internet speed test"" only where natural."
P2,https://anyconverter.io/es/edit-pdf/,es\edit-pdf\index.html,es,pdf,0,206,78.29,"Editar PDF — Agregar Texto, Formas y Resaltados | AnyConverter",Editar PDF — Agregar Texto y Formas,342,edit PDF online,free PDF editor; annotate PDF; add text to PDF,"Top PDF SERPs lead with the exact task, privacy/free/browser language, clear upload controls, adjacent PDF actions, and short step-by-step copy.","Adobe Acrobat, iLovePDF, Smallpdf, PDF24, Sejda, PDF2Go, PDFChef, FreeConvert, PDFgear",https://www.adobe.com/acrobat/online.html | https://www.ilovepdf.com/ | https://smallpdf.com/pdf-tools | https://tools.pdf24.org/en/ | https://www.sejda.com/ | https://www.pdf2go.com/ | https://www.freeconvert.com/pdf-tools,"Create a localized SEO block with intent-specific examples, common use cases, limitations, and links to closely related tools. Keep the tool UI unchanged, but align title/H1/meta copy with the primary keyword. Current visible content is thin for a competitive pdf query. GSC already shows impressions, so prioritize CTR testing and request indexing after deployment. Add variants such as ""edit PDF online"" and ""edit PDF online gratis"" only where natural."
P2,https://anyconverter.io/extract-pdf-pages/,extract-pdf-pages\index.html,en,pdf,0,175,83.47,Extract PDF Pages Online Free | AnyConverter,Extract PDF Pages,262,extract pdf pages free,extract pdf pages free online; extract pdf pages free; extract pdf pages free browser-based,"Top PDF SERPs lead with the exact task, privacy/free/browser language, clear upload controls, adjacent PDF actions, and short step-by-step copy.","Adobe Acrobat, iLovePDF, Smallpdf, PDF24, Sejda, PDF2Go, PDFChef, FreeConvert, PDFgear",https://www.adobe.com/acrobat/online.html | https://www.ilovepdf.com/ | https://smallpdf.com/pdf-tools | https://tools.pdf24.org/en/ | https://www.sejda.com/ | https://www.pdf2go.com/ | https://www.freeconvert.com/pdf-tools,"Create a concise SEO block with examples, use cases, limitations, FAQs, and related-tool links. Keep the tool UI unchanged, but align title/H1/meta copy with the primary keyword. Current visible content is thin for a competitive pdf query. GSC already shows impressions, so prioritize CTR testing and request indexing after deployment. Add variants such as ""extract pdf pages free online"" and ""extract pdf pages free"" only where natural."
P2,https://anyconverter.io/es/ocr-pdf/,es\ocr-pdf\index.html,es,pdf,0,168,71.39,OCR PDF — Extraer Texto de PDF Escaneado | AnyConverter,OCR PDF — Extraer Texto de Escaneos,331,pdf ocr,pdf ocr online; pdf ocr gratis; pdf ocr en el navegador,"Top PDF SERPs lead with the exact task, privacy/free/browser language, clear upload controls, adjacent PDF actions, and short step-by-step copy.","Adobe Acrobat, iLovePDF, Smallpdf, PDF24, Sejda, PDF2Go, PDFChef, FreeConvert, PDFgear",https://www.adobe.com/acrobat/online.html | https://www.ilovepdf.com/ | https://smallpdf.com/pdf-tools | https://tools.pdf24.org/en/ | https://www.sejda.com/ | https://www.pdf2go.com/ | https://www.freeconvert.com/pdf-tools,"Create a localized SEO block with intent-specific examples, common use cases, limitations, and links to closely related tools. Keep the tool UI unchanged, but align title/H1/meta copy with the primary keyword. Current visible content is thin for a competitive pdf query. GSC already shows impressions, so prioritize CTR testing and request indexing after deployment. Add variants such as ""pdf ocr online"" and ""pdf ocr gratis"" only where natural."
P2,https://anyconverter.io/pdf-merge/,pdf-merge\index.html,en,pdf,0,145,70.79,Merge PDF Files Online — Free PDF Combiner | AnyConverter,Merge PDF Files Online,403,merge PDF online,combine PDF files; free PDF merger; merge PDFs in browser,"Top PDF SERPs lead with the exact task, privacy/free/browser language, clear upload controls, adjacent PDF actions, and short step-by-step copy.","Adobe Acrobat, iLovePDF, Smallpdf, PDF24, Sejda, PDF2Go, PDFChef, FreeConvert, PDFgear",https://www.adobe.com/acrobat/online.html | https://www.ilovepdf.com/ | https://smallpdf.com/pdf-tools | https://tools.pdf24.org/en/ | https://www.sejda.com/ | https://www.pdf2go.com/ | https://www.freeconvert.com/pdf-tools,"Create a concise SEO block with examples, use cases, limitations, FAQs, and related-tool links. Keep the tool UI unchanged, but align title/H1/meta copy with the primary keyword. Current visible content is thin for a competitive pdf query. GSC already shows impressions, so prioritize CTR testing and request indexing after deployment. Add variants such as ""merge PDF online"" and ""merge PDF online free"" only where natural."
P2,https://anyconverter.io/es/qr-code-generator/,es\qr-code-generator\index.html,es,image,0,132,84.27,Generador de Códigos QR Online Gratis | AnyConverter,Generador de Códigos QR,473,QR code generator,free QR code generator; create QR code; QR code maker,"Image/QR SERPs favor exact task pages with compression/conversion settings, supported formats, file-size expectations, and device-friendly download/share actions.","TinyPNG, ImageCompressor.com, iLoveIMG, FreeConvert, Img2Go, toWebP.io, CloudConvert, Picflow, QR Code Generator",https://tinypng.com/ | https://imagecompressor.com/ | https://www.iloveimg.com/ | https://www.freeconvert.com/image-converter | https://www.img2go.com/ | https://towebp.io/ | https://cloudconvert.com/ | https://www.qr-code-generator.com/,"Create a localized SEO block with intent-specific examples, common use cases, limitations, and links to closely related tools. Keep the tool UI unchanged, but align title/H1/meta copy with the primary keyword. Current visible content is thin for a competitive image query. GSC already shows impressions, so prioritize CTR testing and request indexing after deployment. Add variants such as ""QR code generator online"" and ""QR code generator gratis"" only where natural."
P2,https://anyconverter.io/es/extract-pdf-pages/,es\extract-pdf-pages\index.html,es,pdf,0,105,85.96,Extraer Páginas de PDF Online Gratis | AnyConverter,Extraer Páginas de PDF,268,extract pdf pages free,extract pdf pages free online; extract pdf pages free gratis; extract pdf pages free en el navegador,"Top PDF SERPs lead with the exact task, privacy/free/browser language, clear upload controls, adjacent PDF actions, and short step-by-step copy.","Adobe Acrobat, iLovePDF, Smallpdf, PDF24, Sejda, PDF2Go, PDFChef, FreeConvert, PDFgear",https://www.adobe.com/acrobat/online.html | https://www.ilovepdf.com/ | https://smallpdf.com/pdf-tools | https://tools.pdf24.org/en/ | https://www.sejda.com/ | https://www.pdf2go.com/ | https://www.freeconvert.com/pdf-tools,"Create a localized SEO block with intent-specific examples, common use cases, limitations, and links to closely related tools. Keep the tool UI unchanged, but align title/H1/meta copy with the primary keyword. Current visible content is thin for a competitive pdf query. GSC already shows impressions, so prioritize CTR testing and request indexing after deployment. Add variants such as ""extract pdf pages free online"" and ""extract pdf pages free gratis"" only where natural."
P2,https://anyconverter.io/es/rotate-pdf/,es\rotate-pdf\index.html,es,pdf,0,99,82.23,Rotar Páginas de PDF Online Gratis | AnyConverter,Rotar Páginas de PDF,306,rotate PDF online,rotate PDF pages; change PDF orientation; PDF rotator,"Top PDF SERPs lead with the exact task, privacy/free/browser language, clear upload controls, adjacent PDF actions, and short step-by-step copy.","Adobe Acrobat, iLovePDF, Smallpdf, PDF24, Sejda, PDF2Go, PDFChef, FreeConvert, PDFgear",https://www.adobe.com/acrobat/online.html | https://www.ilovepdf.com/ | https://smallpdf.com/pdf-tools | https://tools.pdf24.org/en/ | https://www.sejda.com/ | https://www.pdf2go.com/ | https://www.freeconvert.com/pdf-tools,"Create a localized SEO block with intent-specific examples, common use cases, limitations, and links to closely related tools. Keep the tool UI unchanged, but align title/H1/meta copy with the primary keyword. Current visible content is thin for a competitive pdf query. GSC already shows impressions, so prioritize CTR testing and request indexing after deployment. Add variants such as ""rotate PDF online"" and ""rotate PDF online gratis"" only where natural."
P2,https://anyconverter.io/keyboard-tester/,keyboard-tester\index.html,en,device,0,99,83.67,Keyboard Tester Online Free | AnyConverter,Keyboard Tester,257,keyboard tester online,keyboard tester online; keyboard tester online checker,"Device/test SERPs rank tools that run checks instantly, explain permissions/privacy, show clear pass/fail states, and include troubleshooting guidance.","OnlineMicTest, WebcamMicTest, Loom, EIZO, DeadPixelTest.org, WhatIsMyViewport, mdigi, Typing.com, TypingTest.com, LiveChat",https://www.onlinemictest.com/ | https://webcammictest.com/ | https://www.loom.com/webcam-test | https://www.eizo.be/monitor-test/ | https://deadpixeltest.org/ | https://whatismyviewport.com/ | https://typing.com/student/typing-test | https://www.typingtest.com/ | https://www.livechat.com/typing-speed-test/,"Create a concise SEO block with examples, use cases, limitations, FAQs, and related-tool links. Keep the tool UI unchanged, but align title/H1/meta copy with the primary keyword. Current visible content is thin for a competitive device query. GSC already shows impressions, so prioritize CTR testing and request indexing after deployment. Add variants such as ""keyboard tester online"" and ""keyboard tester online checker"" only where natural."
P2,https://anyconverter.io/gst-vat-calculator/,gst-vat-calculator\index.html,en,calculator,0,81,47.16,GST &amp; VAT Calculator Online Free | AnyConverter,GST / VAT Calculator,532,calculate gst,calculate gst online; calculate gst formula; calculate gst example,"Calculator SERPs reward pages with visible formulas, worked examples, definitions, country/unit variations, and trustworthy explanations around the calculator.","Calculator.net, Omni Calculator, Mayo Clinic, CDC/NHLBI, Bankrate, Investor.gov, Wise, Zoho, Moneysmart, Nordea",https://www.calculator.net/ | https://www.omnicalculator.com/ | https://www.mayoclinic.org/healthy-lifestyle/weight-loss/in-depth/calorie-calculator/itt-20402304 | https://www.cdc.gov/bmi/adult-calculator/index.html | https://www.investor.gov/financial-tools-calculators/calculators/compound-interest-calculator | https://www.bankrate.com/calculators.aspx | https://wise.com/us/currency-converter/ | https://www.zoho.com/books/gst-calculator/ | https://moneysmart.gov.au/budgeting/compound-interest-calculator,"Create a concise SEO block with examples, use cases, limitations, FAQs, and related-tool links. Keep the tool UI unchanged, but align title/H1/meta copy with the primary keyword. Current visible content is thin for a competitive calculator query. GSC already shows impressions, so prioritize CTR testing and request indexing after deployment. Add variants such as ""calculate gst online"" and ""calculate gst formula"" only where natural."
P2,https://anyconverter.io/add-watermark/,add-watermark\index.html,en,pdf,0,80,76.92,Add Watermark to PDF Online Free | AnyConverter,Add Watermark to PDF,241,add watermark,add watermark online; add watermark free; add watermark browser-based,"Top PDF SERPs lead with the exact task, privacy/free/browser language, clear upload controls, adjacent PDF actions, and short step-by-step copy.","Adobe Acrobat, iLovePDF, Smallpdf, PDF24, Sejda, PDF2Go, PDFChef, FreeConvert, PDFgear",https://www.adobe.com/acrobat/online.html | https://www.ilovepdf.com/ | https://smallpdf.com/pdf-tools | https://tools.pdf24.org/en/ | https://www.sejda.com/ | https://www.pdf2go.com/ | https://www.freeconvert.com/pdf-tools,"Create a concise SEO block with examples, use cases, limitations, FAQs, and related-tool links. Keep the tool UI unchanged, but align title/H1/meta copy with the primary keyword. Current visible content is thin for a competitive pdf query. GSC already shows impressions, so prioritize CTR testing and request indexing after deployment. Add variants such as ""add watermark online"" and ""add watermark free"" only where natural."
P2,https://anyconverter.io/uuid-generator/,uuid-generator\index.html,en,dev,0,80,76.25,UUID Generator Online Free | AnyConverter,UUID / GUID Generator,448,uuid generator,uuid generator online; uuid generator validator; uuid generator formatter,"Developer-tool SERPs favor exact utility names, example input/output, validation/error states, copy/download buttons, and ""formatter/validator/converter/parser"" modifiers.","JSONFormatter.org, CodeBeautify, JSONLint, regex101, RegExr, Base64Decode.org, emn178, KeyCDN, MD5file",https://jsonformatter.org/ | https://codebeautify.org/ | https://jsonlint.com/ | https://regex101.com/ | https://regexr.com/ | https://www.base64decode.org/ | https://emn178.github.io/online-tools/ | https://tools.keycdn.com/,"Create a concise SEO block with examples, use cases, limitations, FAQs, and related-tool links. Keep the tool UI unchanged, but align title/H1/meta copy with the primary keyword. Current visible content is thin for a competitive dev query. GSC already shows impressions, so prioritize CTR testing and request indexing after deployment. Add variants such as ""uuid generator online"" and ""uuid generator validator"" only where natural."
P2,https://anyconverter.io/es/pdf-compress/,es\pdf-compress\index.html,es,pdf,0,79,78.04,Comprimir PDF Online Gratis — Reducir Tamaño | AnyConverter,Comprimir PDF Online,310,comprimir PDF online,reducir tamano PDF; compresor PDF; comprimir PDF gratis,"Top PDF SERPs lead with the exact task, privacy/free/browser language, clear upload controls, adjacent PDF actions, and short step-by-step copy.","Adobe Acrobat, iLovePDF, Smallpdf, PDF24, Sejda, PDF2Go, PDFChef, FreeConvert, PDFgear",https://www.adobe.com/acrobat/online.html | https://www.ilovepdf.com/ | https://smallpdf.com/pdf-tools | https://tools.pdf24.org/en/ | https://www.sejda.com/ | https://www.pdf2go.com/ | https://www.freeconvert.com/pdf-tools,"Create a localized SEO block with intent-specific examples, common use cases, limitations, and links to closely related tools. Keep the tool UI unchanged, but align title/H1/meta copy with the primary keyword. Current visible content is thin for a competitive pdf query. GSC already shows impressions, so prioritize CTR testing and request indexing after deployment. Add variants such as ""comprimir PDF online"" and ""comprimir PDF online gratis"" only where natural."
P2,https://anyconverter.io/es/pdf-split/,es\pdf-split\index.html,es,pdf,0,79,87.24,Dividir PDF Online — Extraer Páginas Gratis | AnyConverter,Dividir PDF — Extraer Páginas Online,435,dividir PDF online,separar PDF; extraer paginas PDF; cortar PDF,"Top PDF SERPs lead with the exact task, privacy/free/browser language, clear upload controls, adjacent PDF actions, and short step-by-step copy.","Adobe Acrobat, iLovePDF, Smallpdf, PDF24, Sejda, PDF2Go, PDFChef, FreeConvert, PDFgear",https://www.adobe.com/acrobat/online.html | https://www.ilovepdf.com/ | https://smallpdf.com/pdf-tools | https://tools.pdf24.org/en/ | https://www.sejda.com/ | https://www.pdf2go.com/ | https://www.freeconvert.com/pdf-tools,"Create a localized SEO block with intent-specific examples, common use cases, limitations, and links to closely related tools. Keep the tool UI unchanged, but align title/H1/meta copy with the primary keyword. Current visible content is thin for a competitive pdf query. GSC already shows impressions, so prioritize CTR testing and request indexing after deployment. Add variants such as ""dividir PDF online"" and ""dividir PDF online gratis"" only where natural."
P2,https://anyconverter.io/,index.html,en,support,2,77,41.87,"Free Converter Tools — JSON, PDF, Image &amp; More | AnyConverter","Free Online Tools — Convert, Calculate &amp; Create",1876,free online tools,PDF tools; calculators; converters; browser tools,"Trust/support pages should reinforce crawl clarity, brand trust, privacy, and internal links to high-value tools rather than target competitive tool keywords.","Google Search Central guidance, high-performing tool directories, SaaS trust/legal pages",https://developers.google.com/search/docs/fundamentals/creating-helpful-content | https://developers.google.com/search/docs/crawling-indexing/sitemaps/overview | https://developers.google.com/search/docs/appearance/title-link | https://developers.google.com/search/docs/appearance/snippet,"Create a concise SEO block with examples, use cases, limitations, FAQs, and related-tool links. Keep the tool UI unchanged, but align title/H1/meta copy with the primary keyword. GSC already shows impressions, so prioritize CTR testing and request indexing after deployment. Add variants such as ""free online tools AnyConverter"" and ""free online tools free tools"" only where natural."
P2,https://anyconverter.io/da/bmi-calculator/,da\bmi-calculator\index.html,da,calculator,0,75,86.71,BMI Beregner Online Gratis | AnyConverter,BMI Beregner,393,bmi beregner,bmi beregner online; bmi beregner formel; bmi beregner eksempel,"Calculator SERPs reward pages with visible formulas, worked examples, definitions, country/unit variations, and trustworthy explanations around the calculator.","Calculator.net, Omni Calculator, Mayo Clinic, CDC/NHLBI, Bankrate, Investor.gov, Wise, Zoho, Moneysmart, Nordea",https://www.calculator.net/ | https://www.omnicalculator.com/ | https://www.mayoclinic.org/healthy-lifestyle/weight-loss/in-depth/calorie-calculator/itt-20402304 | https://www.cdc.gov/bmi/adult-calculator/index.html | https://www.investor.gov/financial-tools-calculators/calculators/compound-interest-calculator | https://www.bankrate.com/calculators.aspx | https://wise.com/us/currency-converter/ | https://www.zoho.com/books/gst-calculator/ | https://moneysmart.gov.au/budgeting/compound-interest-calculator,"Create a localized SEO block with examples, common use cases, limitations, and links to related tools. Keep the tool UI unchanged, but align title/H1/meta copy with the primary keyword. Current visible content is thin for a competitive calculator query. GSC already shows impressions, so prioritize CTR testing and request indexing after deployment. Add variants such as ""bmi beregner online"" and ""bmi beregner formel"" only where natural."
P2,https://anyconverter.io/monitor-color-test/,monitor-color-test\index.html,en,device,0,75,64.92,Monitor Color Test Online Free | AnyConverter,Monitor Color Test,300,monitor color test,monitor color test online; monitor color test; monitor color test checker,"Device/test SERPs rank tools that run checks instantly, explain permissions/privacy, show clear pass/fail states, and include troubleshooting guidance.","OnlineMicTest, WebcamMicTest, Loom, EIZO, DeadPixelTest.org, WhatIsMyViewport, mdigi, Typing.com, TypingTest.com, LiveChat",https://www.onlinemictest.com/ | https://webcammictest.com/ | https://www.loom.com/webcam-test | https://www.eizo.be/monitor-test/ | https://deadpixeltest.org/ | https://whatismyviewport.com/ | https://typing.com/student/typing-test | https://www.typingtest.com/ | https://www.livechat.com/typing-speed-test/,"Create a concise SEO block with examples, use cases, limitations, FAQs, and related-tool links. Keep the tool UI unchanged, but align title/H1/meta copy with the primary keyword. Current visible content is thin for a competitive device query. GSC already shows impressions, so prioritize CTR testing and request indexing after deployment. Add variants such as ""monitor color test online"" and ""monitor color test"" only where natural."
P2,https://anyconverter.io/remove-pdf-pages/,remove-pdf-pages\index.html,en,pdf,0,73,84.47,Remove PDF Pages Online Free | AnyConverter,Remove PDF Pages,231,remove pages from PDF,delete PDF pages; remove PDF page online; PDF page remover,"Top PDF SERPs lead with the exact task, privacy/free/browser language, clear upload controls, adjacent PDF actions, and short step-by-step copy.","Adobe Acrobat, iLovePDF, Smallpdf, PDF24, Sejda, PDF2Go, PDFChef, FreeConvert, PDFgear",https://www.adobe.com/acrobat/online.html | https://www.ilovepdf.com/ | https://smallpdf.com/pdf-tools | https://tools.pdf24.org/en/ | https://www.sejda.com/ | https://www.pdf2go.com/ | https://www.freeconvert.com/pdf-tools,"Create a concise SEO block with examples, use cases, limitations, FAQs, and related-tool links. Keep the tool UI unchanged, but align title/H1/meta copy with the primary keyword. Current visible content is thin for a competitive pdf query. GSC already shows impressions, so prioritize CTR testing and request indexing after deployment. Add variants such as ""remove pages from PDF online"" and ""remove pages from PDF free"" only where natural."
P2,https://anyconverter.io/add-page-numbers/,add-page-numbers\index.html,en,pdf,0,65,73.62,Add Page Numbers to PDF Online Free | AnyConverter,Add Page Numbers to PDF,281,add page numbers to pdf online,add page numbers to pdf online; add page numbers to pdf online free; add page numbers to pdf online browser-based,"Top PDF SERPs lead with the exact task, privacy/free/browser language, clear upload controls, adjacent PDF actions, and short step-by-step copy.","Adobe Acrobat, iLovePDF, Smallpdf, PDF24, Sejda, PDF2Go, PDFChef, FreeConvert, PDFgear",https://www.adobe.com/acrobat/online.html | https://www.ilovepdf.com/ | https://smallpdf.com/pdf-tools | https://tools.pdf24.org/en/ | https://www.sejda.com/ | https://www.pdf2go.com/ | https://www.freeconvert.com/pdf-tools,"Create a concise SEO block with examples, use cases, limitations, FAQs, and related-tool links. Keep the tool UI unchanged, but align title/H1/meta copy with the primary keyword. Current visible content is thin for a competitive pdf query. GSC already shows impressions, so prioritize CTR testing and request indexing after deployment. Add variants such as ""add page numbers to pdf online"" and ""add page numbers to pdf online free"" only where natural."
P2,https://anyconverter.io/da/qr-code-generator/,da\qr-code-generator\index.html,da,image,0,62,83.11,QR-kode Generator Online Gratis | AnyConverter,QR-kode Generator,381,QR code generator,free QR code generator; create QR code; QR code maker,"Image/QR SERPs favor exact task pages with compression/conversion settings, supported formats, file-size expectations, and device-friendly download/share actions.","TinyPNG, ImageCompressor.com, iLoveIMG, FreeConvert, Img2Go, toWebP.io, CloudConvert, Picflow, QR Code Generator",https://tinypng.com/ | https://imagecompressor.com/ | https://www.iloveimg.com/ | https://www.freeconvert.com/image-converter | https://www.img2go.com/ | https://towebp.io/ | https://cloudconvert.com/ | https://www.qr-code-generator.com/,"Create a localized SEO block with examples, common use cases, limitations, and links to related tools. Keep the tool UI unchanged, but align title/H1/meta copy with the primary keyword. Current visible content is thin for a competitive image query. GSC already shows impressions, so prioritize CTR testing and request indexing after deployment. Add variants such as ""QR code generator online"" and ""QR code generator gratis"" only where natural."
P2,https://anyconverter.io/es/blood-type-compatibility/,es\blood-type-compatibility\index.html,es,calculator,0,62,71.02,Comprobador de Compatibilidad de Grupos Sanguíneos | AnyConverter,Comprobador de Compatibilidad de Grupos Sanguíneos,410,blood type compatibility,blood type compatibility online; blood type compatibility formula; blood type compatibility ejemplo,"Calculator SERPs reward pages with visible formulas, worked examples, definitions, country/unit variations, and trustworthy explanations around the calculator.","Calculator.net, Omni Calculator, Mayo Clinic, CDC/NHLBI, Bankrate, Investor.gov, Wise, Zoho, Moneysmart, Nordea",https://www.calculator.net/ | https://www.omnicalculator.com/ | https://www.mayoclinic.org/healthy-lifestyle/weight-loss/in-depth/calorie-calculator/itt-20402304 | https://www.cdc.gov/bmi/adult-calculator/index.html | https://www.investor.gov/financial-tools-calculators/calculators/compound-interest-calculator | https://www.bankrate.com/calculators.aspx | https://wise.com/us/currency-converter/ | https://www.zoho.com/books/gst-calculator/ | https://moneysmart.gov.au/budgeting/compound-interest-calculator,"Create a localized SEO block with intent-specific examples, common use cases, limitations, and links to closely related tools. Keep the tool UI unchanged, but align title/H1/meta copy with the primary keyword. Current visible content is thin for a competitive calculator query. GSC already shows impressions, so prioritize CTR testing and request indexing after deployment. Add variants such as ""blood type compatibility online"" and ""blood type compatibility formula"" only where natural."
P2,https://anyconverter.io/es/calorie-calculator/,es\calorie-calculator\index.html,es,calculator,0,56,52.12,Calculadora de Calorías Online Gratis | AnyConverter,Calculadora de Calorías,638,Calculadora de Calorías,Calculadora de Calorías online; Calculadora de Calorías formula; Calculadora de Calorías ejemplo,"Calculator SERPs reward pages with visible formulas, worked examples, definitions, country/unit variations, and trustworthy explanations around the calculator.","Calculator.net, Omni Calculator, Mayo Clinic, CDC/NHLBI, Bankrate, Investor.gov, Wise, Zoho, Moneysmart, Nordea",https://www.calculator.net/ | https://www.omnicalculator.com/ | https://www.mayoclinic.org/healthy-lifestyle/weight-loss/in-depth/calorie-calculator/itt-20402304 | https://www.cdc.gov/bmi/adult-calculator/index.html | https://www.investor.gov/financial-tools-calculators/calculators/compound-interest-calculator | https://www.bankrate.com/calculators.aspx | https://wise.com/us/currency-converter/ | https://www.zoho.com/books/gst-calculator/ | https://moneysmart.gov.au/budgeting/compound-interest-calculator,"Create a localized SEO block with intent-specific examples, common use cases, limitations, and links to closely related tools. Keep the tool UI unchanged, but align title/H1/meta copy with the primary keyword. Current visible content is thin for a competitive calculator query. GSC already shows impressions, so prioritize CTR testing and request indexing after deployment. Add variants such as ""Calculadora de Calorías online"" and ""Calculadora de Calorías formula"" only where natural."
P2,https://anyconverter.io/csv-to-sql/,csv-to-sql\index.html,en,dev,0,55,68.53,CSV to SQL Converter — INSERT Generator | AnyConverter,CSV to SQL Converter,447,csv to sql,csv to sql online; csv to sql validator; csv to sql formatter,"Developer-tool SERPs favor exact utility names, example input/output, validation/error states, copy/download buttons, and ""formatter/validator/converter/parser"" modifiers.","JSONFormatter.org, CodeBeautify, JSONLint, regex101, RegExr, Base64Decode.org, emn178, KeyCDN, MD5file",https://jsonformatter.org/ | https://codebeautify.org/ | https://jsonlint.com/ | https://regex101.com/ | https://regexr.com/ | https://www.base64decode.org/ | https://emn178.github.io/online-tools/ | https://tools.keycdn.com/,"Create a concise SEO block with examples, use cases, limitations, FAQs, and related-tool links. Keep the tool UI unchanged, but align title/H1/meta copy with the primary keyword. Current visible content is thin for a competitive dev query. GSC already shows impressions, so prioritize CTR testing and request indexing after deployment. Add variants such as ""csv to sql online"" and ""csv to sql validator"" only where natural."
P2,https://anyconverter.io/da/pdf-compress/,da\pdf-compress\index.html,da,pdf,0,52,72.69,Komprimer PDF Online Gratis — Reducer Filstørrelse | AnyConverter,Komprimer PDF Online — Reducer Filstørrelse,277,compress PDF online,reduce PDF size; PDF compressor; compress PDF free,"Top PDF SERPs lead with the exact task, privacy/free/browser language, clear upload controls, adjacent PDF actions, and short step-by-step copy.","Adobe Acrobat, iLovePDF, Smallpdf, PDF24, Sejda, PDF2Go, PDFChef, FreeConvert, PDFgear",https://www.adobe.com/acrobat/online.html | https://www.ilovepdf.com/ | https://smallpdf.com/pdf-tools | https://tools.pdf24.org/en/ | https://www.sejda.com/ | https://www.pdf2go.com/ | https://www.freeconvert.com/pdf-tools,"Create a localized SEO block with examples, common use cases, limitations, and links to related tools. Keep the tool UI unchanged, but align title/H1/meta copy with the primary keyword. Current visible content is thin for a competitive pdf query. GSC already shows impressions, so prioritize CTR testing and request indexing after deployment. Add variants such as ""compress PDF online"" and ""compress PDF online gratis"" only where natural."
P2,https://anyconverter.io/csv-query/,csv-query\index.html,en,dev,0,51,42.8,CSV Query Tool Online — Run SQL on CSV Files Free | AnyConverter,CSV Query Tool — Run SQL on CSV Files,557,csv to sql,csv to sql online; csv to sql validator; csv to sql formatter,"Developer-tool SERPs favor exact utility names, example input/output, validation/error states, copy/download buttons, and ""formatter/validator/converter/parser"" modifiers.","JSONFormatter.org, CodeBeautify, JSONLint, regex101, RegExr, Base64Decode.org, emn178, KeyCDN, MD5file",https://jsonformatter.org/ | https://codebeautify.org/ | https://jsonlint.com/ | https://regex101.com/ | https://regexr.com/ | https://www.base64decode.org/ | https://emn178.github.io/online-tools/ | https://tools.keycdn.com/,"Create a concise SEO block with examples, use cases, limitations, FAQs, and related-tool links. Keep the tool UI unchanged, but align title/H1/meta copy with the primary keyword. Current visible content is thin for a competitive dev query. GSC already shows impressions, so prioritize CTR testing and request indexing after deployment. Add variants such as ""csv to sql online"" and ""csv to sql validator"" only where natural."
P2,https://anyconverter.io/dead-pixel-checker/,dead-pixel-checker\index.html,en,device,0,50,64.88,Dead Pixel Checker Online Free | AnyConverter,Dead Pixel Checker,311,online dead pixel test,online dead pixel test; online dead pixel test checker,"Device/test SERPs rank tools that run checks instantly, explain permissions/privacy, show clear pass/fail states, and include troubleshooting guidance.","OnlineMicTest, WebcamMicTest, Loom, EIZO, DeadPixelTest.org, WhatIsMyViewport, mdigi, Typing.com, TypingTest.com, LiveChat",https://www.onlinemictest.com/ | https://webcammictest.com/ | https://www.loom.com/webcam-test | https://www.eizo.be/monitor-test/ | https://deadpixeltest.org/ | https://whatismyviewport.com/ | https://typing.com/student/typing-test | https://www.typingtest.com/ | https://www.livechat.com/typing-speed-test/,"Create a concise SEO block with examples, use cases, limitations, FAQs, and related-tool links. Keep the tool UI unchanged, but align title/H1/meta copy with the primary keyword. Current visible content is thin for a competitive device query. GSC already shows impressions, so prioritize CTR testing and request indexing after deployment. Add variants such as ""online dead pixel test"" and ""online dead pixel test checker"" only where natural."
P3,https://anyconverter.io/da/invoice-generator/,da\invoice-generator\index.html,da,business,0,49,73.9,Faktura Generator Online Gratis | AnyConverter,Faktura Generator,323,faktura generator,lav faktura online; faktura skabelon; faktura PDF,"Business-generator SERPs emphasize fast form completion, template quality, compliance/trust notes, export formats, and practical examples for common business types.","Zoho, Canva, Invoice Simple, Shopify, Termly, PrivacyPolicies.com, iubenda",https://www.zoho.com/us/invoice/free-invoice-generator.html | https://www.canva.com/invoice/ | https://www.shopify.com/tools/policy-generator | https://termly.io/products/privacy-policy-generator/ | https://www.privacypolicies.com/privacy-policy-generator/ | https://www.iubenda.com/en/blog/shopify-privacy-policy-generator-why-you-should-use-one/,"Create a localized SEO block with examples, common use cases, limitations, and links to related tools. Keep the tool UI unchanged, but align title/H1/meta copy with the primary keyword. Current visible content is thin for a competitive business query. GSC already shows impressions, so prioritize CTR testing and request indexing after deployment. Add variants such as ""faktura generator online"" and ""faktura generator skabelon"" only where natural."
P3,https://anyconverter.io/viewport-size/,viewport-size\index.html,en,device,0,49,66.65,Viewport Size Checker Online Free | AnyConverter,Viewport Size Checker,303,viewport size,viewport size online; viewport size test; viewport size checker,"Device/test SERPs rank tools that run checks instantly, explain permissions/privacy, show clear pass/fail states, and include troubleshooting guidance.","OnlineMicTest, WebcamMicTest, Loom, EIZO, DeadPixelTest.org, WhatIsMyViewport, mdigi, Typing.com, TypingTest.com, LiveChat",https://www.onlinemictest.com/ | https://webcammictest.com/ | https://www.loom.com/webcam-test | https://www.eizo.be/monitor-test/ | https://deadpixeltest.org/ | https://whatismyviewport.com/ | https://typing.com/student/typing-test | https://www.typingtest.com/ | https://www.livechat.com/typing-speed-test/,"Create a concise SEO block with examples, use cases, limitations, FAQs, and related-tool links. Keep the tool UI unchanged, but align title/H1/meta copy with the primary keyword. Current visible content is thin for a competitive device query. GSC already shows impressions, so prioritize CTR testing and request indexing after deployment. Add variants such as ""viewport size online"" and ""viewport size test"" only where natural."
P3,https://anyconverter.io/es/word-counter/,es\word-counter\index.html,es,text,0,44,87.84,Contador de Palabras Online Gratis | AnyConverter,Contador de Palabras,470,contador de palabras,contador de caracteres; contar palabras online; contar texto,"Text-tool SERPs rank pages that show the input box immediately, explain accepted formats, include examples, and use ""counter/converter/generator/checker"" intent words.","WordCounter.net, CharacterCountTool, Grammarly, WordCounter.io, ConvertCase, TitleCaseConverter, Diffchecker, Text-Compare",https://wordcounter.net/ | https://charactercounttool.com/ | https://www.grammarly.com/character-counter | https://convertcase.net/ | https://titlecaseconverter.com/ | https://www.diffchecker.com/text-compare/ | https://www.text-compare.com/,"Create a localized SEO block with intent-specific examples, common use cases, limitations, and links to closely related tools. Keep the tool UI unchanged, but align title/H1/meta copy with the primary keyword. Current visible content is thin for a competitive text query. GSC already shows impressions, so prioritize CTR testing and request indexing after deployment. Add variants such as ""contador de palabras online"" and ""contador de palabras gratis"" only where natural."
P3,https://anyconverter.io/team-picker/,team-picker\index.html,en,random,0,44,61.02,Team Picker — Split People into Random Teams | AnyConverter,Team Picker Online,277,team picker,team picker online; team picker random picker; team picker fair results,"Randomizer SERPs favor playful but instant tools with probability/fairness notes, shareable results, list import/export, and task-specific variants.","Random.org, Calculator.net, Picker Wheel, Wheel of Names, Roll a Die, FlipSimu, AppSorteos, DnD Dice Roller",https://www.random.org/ | https://www.calculator.net/random-number-generator.html | https://pickerwheel.com/ | https://wheelofnames.com/ | https://rolladie.net/ | https://flipsimu.com/ | https://app-sorteos.com/en,"Create a concise SEO block with examples, use cases, limitations, FAQs, and related-tool links. Keep the tool UI unchanged, but align title/H1/meta copy with the primary keyword. Current visible content is thin for a competitive random query. GSC already shows impressions, so prioritize CTR testing and request indexing after deployment. Add variants such as ""team picker online"" and ""team picker random picker"" only where natural."
P3,https://anyconverter.io/meeting-timer/,meeting-timer\index.html,en,productivity,0,43,64.91,Meeting Timer Online Free — Agenda Timer | AnyConverter,Meeting Timer Online,264,Meeting Timer Online,Meeting Timer Online; Meeting Timer Online free; Meeting Timer Online planner,"Productivity SERPs emphasize immediate use, saved state, focus/timer workflows, templates, reminders, and low-friction task capture.","Pomofocus, PomodoroTimer.online, TomatoTimers, vClock, Online Stopwatch, Habi, HabitBox, Structured, Canva, Any.do, Microsoft To Do, Todoist",https://pomofocus.io/ | https://www.pomodorotimer.online/ | https://www.tomatotimers.com/ | https://vclock.com/timer/ | https://vclock.com/stopwatch/ | https://www.online-stopwatch.com/ | https://habi.app/ | https://habitbox.app/ | https://structured.app/daily-planner | https://www.canva.com/planners/templates/daily/ | https://todoist.com/ | https://to-do.office.com/tasks/,"Create a concise SEO block with examples, use cases, limitations, FAQs, and related-tool links. Keep the tool UI unchanged, but align title/H1/meta copy with the primary keyword. Current visible content is thin for a competitive productivity query. GSC already shows impressions, so prioritize CTR testing and request indexing after deployment. Add variants such as ""Meeting Timer Online"" and ""Meeting Timer Online free"" only where natural."
P3,https://anyconverter.io/blood-type-compatibility/,blood-type-compatibility\index.html,en,calculator,0,42,45.81,Blood Type Compatibility Checker Online Free | AnyConverter,Blood Type Compatibility Checker,372,blood type compatibility,blood type compatibility online; blood type compatibility formula; blood type compatibility example,"Calculator SERPs reward pages with visible formulas, worked examples, definitions, country/unit variations, and trustworthy explanations around the calculator.","Calculator.net, Omni Calculator, Mayo Clinic, CDC/NHLBI, Bankrate, Investor.gov, Wise, Zoho, Moneysmart, Nordea",https://www.calculator.net/ | https://www.omnicalculator.com/ | https://www.mayoclinic.org/healthy-lifestyle/weight-loss/in-depth/calorie-calculator/itt-20402304 | https://www.cdc.gov/bmi/adult-calculator/index.html | https://www.investor.gov/financial-tools-calculators/calculators/compound-interest-calculator | https://www.bankrate.com/calculators.aspx | https://wise.com/us/currency-converter/ | https://www.zoho.com/books/gst-calculator/ | https://moneysmart.gov.au/budgeting/compound-interest-calculator,"Create a concise SEO block with examples, use cases, limitations, FAQs, and related-tool links. Keep the tool UI unchanged, but align title/H1/meta copy with the primary keyword. Current visible content is thin for a competitive calculator query. GSC already shows impressions, so prioritize CTR testing and request indexing after deployment. Add variants such as ""blood type compatibility online"" and ""blood type compatibility formula"" only where natural."
P3,https://anyconverter.io/es/compare-pdf/,es\compare-pdf\index.html,es,pdf,0,42,64.5,Comparar dos PDFs lado a lado Online Gratis | AnyConverter,Comparar Dos PDFs Lado a Lado,307,comparar dos pdfs,comparar dos pdfs online; comparar dos pdfs gratis; comparar dos pdfs en el navegador,"Top PDF SERPs lead with the exact task, privacy/free/browser language, clear upload controls, adjacent PDF actions, and short step-by-step copy.","Adobe Acrobat, iLovePDF, Smallpdf, PDF24, Sejda, PDF2Go, PDFChef, FreeConvert, PDFgear",https://www.adobe.com/acrobat/online.html | https://www.ilovepdf.com/ | https://smallpdf.com/pdf-tools | https://tools.pdf24.org/en/ | https://www.sejda.com/ | https://www.pdf2go.com/ | https://www.freeconvert.com/pdf-tools,"Create a localized SEO block with intent-specific examples, common use cases, limitations, and links to closely related tools. Keep the tool UI unchanged, but align title/H1/meta copy with the primary keyword. Current visible content is thin for a competitive pdf query. GSC already shows impressions, so prioritize CTR testing and request indexing after deployment. Add variants such as ""comparar dos pdfs online"" and ""comparar dos pdfs gratis"" only where natural."
P3,https://anyconverter.io/px-to-rem/,px-to-rem\index.html,en,dev,0,42,56.79,PX to REM Converter Online Free | AnyConverter,PX to REM Converter,362,px to rem,px to rem online; px to rem validator; px to rem formatter,"Developer-tool SERPs favor exact utility names, example input/output, validation/error states, copy/download buttons, and ""formatter/validator/converter/parser"" modifiers.","JSONFormatter.org, CodeBeautify, JSONLint, regex101, RegExr, Base64Decode.org, emn178, KeyCDN, MD5file",https://jsonformatter.org/ | https://codebeautify.org/ | https://jsonlint.com/ | https://regex101.com/ | https://regexr.com/ | https://www.base64decode.org/ | https://emn178.github.io/online-tools/ | https://tools.keycdn.com/,"Create a concise SEO block with examples, use cases, limitations, FAQs, and related-tool links. Keep the tool UI unchanged, but align title/H1/meta copy with the primary keyword. Current visible content is thin for a competitive dev query. GSC already shows impressions, so prioritize CTR testing and request indexing after deployment. Add variants such as ""px to rem online"" and ""px to rem validator"" only where natural."
P3,https://anyconverter.io/es/jpg-to-pdf/,es\jpg-to-pdf\index.html,es,pdf,0,40,74.33,Convertir JPG a PDF Online Gratis | AnyConverter,Conversor de JPG a PDF,281,jpg a pdf online,jpg a pdf online; jpg a pdf online gratis; jpg a pdf online en el navegador,"Top PDF SERPs lead with the exact task, privacy/free/browser language, clear upload controls, adjacent PDF actions, and short step-by-step copy.","Adobe Acrobat, iLovePDF, Smallpdf, PDF24, Sejda, PDF2Go, PDFChef, FreeConvert, PDFgear",https://www.adobe.com/acrobat/online.html | https://www.ilovepdf.com/ | https://smallpdf.com/pdf-tools | https://tools.pdf24.org/en/ | https://www.sejda.com/ | https://www.pdf2go.com/ | https://www.freeconvert.com/pdf-tools,"Create a localized SEO block with intent-specific examples, common use cases, limitations, and links to closely related tools. Keep the tool UI unchanged, but align title/H1/meta copy with the primary keyword. Current visible content is thin for a competitive pdf query. GSC already shows impressions, so prioritize CTR testing and request indexing after deployment. Add variants such as ""jpg a pdf online"" and ""jpg a pdf online gratis"" only where natural."
P3,https://anyconverter.io/es/pdf-to-jpg/,es\pdf-to-jpg\index.html,es,pdf,0,40,70.45,Convertidor PDF a JPG Online Gratis | AnyConverter,Convertidor PDF a JPG,300,PDF to JPG converter,convert PDF pages to images; PDF to image; PDF to PNG,"Top PDF SERPs lead with the exact task, privacy/free/browser language, clear upload controls, adjacent PDF actions, and short step-by-step copy.","Adobe Acrobat, iLovePDF, Smallpdf, PDF24, Sejda, PDF2Go, PDFChef, FreeConvert, PDFgear",https://www.adobe.com/acrobat/online.html | https://www.ilovepdf.com/ | https://smallpdf.com/pdf-tools | https://tools.pdf24.org/en/ | https://www.sejda.com/ | https://www.pdf2go.com/ | https://www.freeconvert.com/pdf-tools,"Create a localized SEO block with intent-specific examples, common use cases, limitations, and links to closely related tools. Keep the tool UI unchanged, but align title/H1/meta copy with the primary keyword. Current visible content is thin for a competitive pdf query. GSC already shows impressions, so prioritize CTR testing and request indexing after deployment. Add variants such as ""PDF to JPG converter online"" and ""PDF to JPG converter gratis"" only where natural."
P3,https://anyconverter.io/es/unlock-pdf/,es\unlock-pdf\index.html,es,pdf,0,40,85.53,Desbloquear PDF — Eliminar Contraseña | AnyConverter,Desbloquear PDF — Eliminar Contraseña,260,desbloquear pdf,desbloquear pdf online; desbloquear pdf gratis; desbloquear pdf en el navegador,"Top PDF SERPs lead with the exact task, privacy/free/browser language, clear upload controls, adjacent PDF actions, and short step-by-step copy.","Adobe Acrobat, iLovePDF, Smallpdf, PDF24, Sejda, PDF2Go, PDFChef, FreeConvert, PDFgear",https://www.adobe.com/acrobat/online.html | https://www.ilovepdf.com/ | https://smallpdf.com/pdf-tools | https://tools.pdf24.org/en/ | https://www.sejda.com/ | https://www.pdf2go.com/ | https://www.freeconvert.com/pdf-tools,"Create a localized SEO block with intent-specific examples, common use cases, limitations, and links to closely related tools. Keep the tool UI unchanged, but align title/H1/meta copy with the primary keyword. Current visible content is thin for a competitive pdf query. GSC already shows impressions, so prioritize CTR testing and request indexing after deployment. Add variants such as ""desbloquear pdf online"" and ""desbloquear pdf gratis"" only where natural."
P3,https://anyconverter.io/es/text-diff-checker/,es\text-diff-checker\index.html,es,text,0,39,77.74,Comparador de Texto Online Gratis | AnyConverter,Comparador de Texto,480,text diff checker,compare text online; text comparison; diff checker,"Text-tool SERPs rank pages that show the input box immediately, explain accepted formats, include examples, and use ""counter/converter/generator/checker"" intent words.","WordCounter.net, CharacterCountTool, Grammarly, WordCounter.io, ConvertCase, TitleCaseConverter, Diffchecker, Text-Compare",https://wordcounter.net/ | https://charactercounttool.com/ | https://www.grammarly.com/character-counter | https://convertcase.net/ | https://titlecaseconverter.com/ | https://www.diffchecker.com/text-compare/ | https://www.text-compare.com/,"Create a localized SEO block with intent-specific examples, common use cases, limitations, and links to closely related tools. Keep the tool UI unchanged, but align title/H1/meta copy with the primary keyword. Current visible content is thin for a competitive text query. GSC already shows impressions, so prioritize CTR testing and request indexing after deployment. Add variants such as ""text diff checker online"" and ""text diff checker gratis"" only where natural."
P3,https://anyconverter.io/password-strength-checker/,password-strength-checker\index.html,en,device,0,35,74.2,Password Strength Checker Online Free | AnyConverter,Password Strength Checker,380,strong password checker,strong password checker online; strong password checker test; strong password checker,"Device/test SERPs rank tools that run checks instantly, explain permissions/privacy, show clear pass/fail states, and include troubleshooting guidance.","OnlineMicTest, WebcamMicTest, Loom, EIZO, DeadPixelTest.org, WhatIsMyViewport, mdigi, Typing.com, TypingTest.com, LiveChat",https://www.onlinemictest.com/ | https://webcammictest.com/ | https://www.loom.com/webcam-test | https://www.eizo.be/monitor-test/ | https://deadpixeltest.org/ | https://whatismyviewport.com/ | https://typing.com/student/typing-test | https://www.typingtest.com/ | https://www.livechat.com/typing-speed-test/,"Create a concise SEO block with examples, use cases, limitations, FAQs, and related-tool links. Keep the tool UI unchanged, but align title/H1/meta copy with the primary keyword. Current visible content is thin for a competitive device query. GSC already shows impressions, so prioritize CTR testing and request indexing after deployment. Add variants such as ""strong password checker online"" and ""strong password checker test"" only where natural."
P3,https://anyconverter.io/sticky-notes/,sticky-notes\index.html,en,productivity,0,35,74.89,Sticky Notes Online Free | AnyConverter,Sticky Notes Online,248,free online sticky notes,free online sticky notes; free online sticky notes planner,"Productivity SERPs emphasize immediate use, saved state, focus/timer workflows, templates, reminders, and low-friction task capture.","Pomofocus, PomodoroTimer.online, TomatoTimers, vClock, Online Stopwatch, Habi, HabitBox, Structured, Canva, Any.do, Microsoft To Do, Todoist",https://pomofocus.io/ | https://www.pomodorotimer.online/ | https://www.tomatotimers.com/ | https://vclock.com/timer/ | https://vclock.com/stopwatch/ | https://www.online-stopwatch.com/ | https://habi.app/ | https://habitbox.app/ | https://structured.app/daily-planner | https://www.canva.com/planners/templates/daily/ | https://todoist.com/ | https://to-do.office.com/tasks/,"Create a concise SEO block with examples, use cases, limitations, FAQs, and related-tool links. Keep the tool UI unchanged, but align title/H1/meta copy with the primary keyword. Current visible content is thin for a competitive productivity query. GSC already shows impressions, so prioritize CTR testing and request indexing after deployment. Add variants such as ""free online sticky notes"" and ""free online sticky notes planner"" only where natural."
P3,https://anyconverter.io/da/pdf-to-jpg/,da\pdf-to-jpg\index.html,da,pdf,0,34,71.38,PDF til JPG Konverter Online Gratis | AnyConverter,PDF til JPG Konverter,253,PDF to JPG converter,convert PDF pages to images; PDF to image; PDF to PNG,"Top PDF SERPs lead with the exact task, privacy/free/browser language, clear upload controls, adjacent PDF actions, and short step-by-step copy.","Adobe Acrobat, iLovePDF, Smallpdf, PDF24, Sejda, PDF2Go, PDFChef, FreeConvert, PDFgear",https://www.adobe.com/acrobat/online.html | https://www.ilovepdf.com/ | https://smallpdf.com/pdf-tools | https://tools.pdf24.org/en/ | https://www.sejda.com/ | https://www.pdf2go.com/ | https://www.freeconvert.com/pdf-tools,"Create a localized SEO block with examples, common use cases, limitations, and links to related tools. Keep the tool UI unchanged, but align title/H1/meta copy with the primary keyword. Current visible content is thin for a competitive pdf query. GSC already shows impressions, so prioritize CTR testing and request indexing after deployment. Add variants such as ""PDF to JPG converter online"" and ""PDF to JPG converter gratis"" only where natural."
P3,https://anyconverter.io/es/base64-encoder/,es\base64-encoder\index.html,es,dev,0,32,44.81,Codificador Base64 Online Gratis | AnyConverter,Codificador y Decodificador Base64,286,Codificador Base64,Codificador Base64 online; Codificador Base64 validador; Codificador Base64 formateador,"Developer-tool SERPs favor exact utility names, example input/output, validation/error states, copy/download buttons, and ""formatter/validator/converter/parser"" modifiers.","JSONFormatter.org, CodeBeautify, JSONLint, regex101, RegExr, Base64Decode.org, emn178, KeyCDN, MD5file",https://jsonformatter.org/ | https://codebeautify.org/ | https://jsonlint.com/ | https://regex101.com/ | https://regexr.com/ | https://www.base64decode.org/ | https://emn178.github.io/online-tools/ | https://tools.keycdn.com/,"Create a localized SEO block with intent-specific examples, common use cases, limitations, and links to closely related tools. Keep the tool UI unchanged, but align title/H1/meta copy with the primary keyword. Current visible content is thin for a competitive dev query. GSC already shows impressions, so prioritize CTR testing and request indexing after deployment. Add variants such as ""Codificador Base64 online"" and ""Codificador Base64 validador"" only where natural."
P3,https://anyconverter.io/mortgage-calculator/,mortgage-calculator\index.html,en,calculator,0,30,89.53,Mortgage Calculator Online Free | AnyConverter,Mortgage Calculator,546,mortgage interest calculator,mortgage interest calculator online; mortgage interest calculator formula; mortgage interest calculator example,"Calculator SERPs reward pages with visible formulas, worked examples, definitions, country/unit variations, and trustworthy explanations around the calculator.","Calculator.net, Omni Calculator, Mayo Clinic, CDC/NHLBI, Bankrate, Investor.gov, Wise, Zoho, Moneysmart, Nordea",https://www.calculator.net/ | https://www.omnicalculator.com/ | https://www.mayoclinic.org/healthy-lifestyle/weight-loss/in-depth/calorie-calculator/itt-20402304 | https://www.cdc.gov/bmi/adult-calculator/index.html | https://www.investor.gov/financial-tools-calculators/calculators/compound-interest-calculator | https://www.bankrate.com/calculators.aspx | https://wise.com/us/currency-converter/ | https://www.zoho.com/books/gst-calculator/ | https://moneysmart.gov.au/budgeting/compound-interest-calculator,"Create a concise SEO block with examples, use cases, limitations, FAQs, and related-tool links. Keep the tool UI unchanged, but align title/H1/meta copy with the primary keyword. Current visible content is thin for a competitive calculator query. GSC already shows impressions, so prioritize CTR testing and request indexing after deployment. Add variants such as ""mortgage interest calculator online"" and ""mortgage interest calculator formula"" only where natural."
P3,https://anyconverter.io/da/ocr-pdf/,da\ocr-pdf\index.html,da,pdf,0,29,71.07,OCR PDF — Udtræk Tekst fra Scannet PDF | AnyConverter,OCR PDF — Udtræk Tekst fra Scannede Filer,301,pdf ocr,pdf ocr online; pdf ocr gratis; pdf ocr i browseren,"Top PDF SERPs lead with the exact task, privacy/free/browser language, clear upload controls, adjacent PDF actions, and short step-by-step copy.","Adobe Acrobat, iLovePDF, Smallpdf, PDF24, Sejda, PDF2Go, PDFChef, FreeConvert, PDFgear",https://www.adobe.com/acrobat/online.html | https://www.ilovepdf.com/ | https://smallpdf.com/pdf-tools | https://tools.pdf24.org/en/ | https://www.sejda.com/ | https://www.pdf2go.com/ | https://www.freeconvert.com/pdf-tools,"Create a localized SEO block with examples, common use cases, limitations, and links to related tools. Keep the tool UI unchanged, but align title/H1/meta copy with the primary keyword. Current visible content is thin for a competitive pdf query. GSC already shows impressions, so prioritize CTR testing and request indexing after deployment. Add variants such as ""pdf ocr online"" and ""pdf ocr gratis"" only where natural."
P3,https://anyconverter.io/es/discount-calculator/,es\discount-calculator\index.html,es,calculator,0,29,60.59,Calculadora de Descuentos Online Gratis | AnyConverter,Calculadora de Descuentos,518,calculadora de descuentos,calcular descuento; porcentaje de descuento; precio con descuento,"Calculator SERPs reward pages with visible formulas, worked examples, definitions, country/unit variations, and trustworthy explanations around the calculator.","Calculator.net, Omni Calculator, Mayo Clinic, CDC/NHLBI, Bankrate, Investor.gov, Wise, Zoho, Moneysmart, Nordea",https://www.calculator.net/ | https://www.omnicalculator.com/ | https://www.mayoclinic.org/healthy-lifestyle/weight-loss/in-depth/calorie-calculator/itt-20402304 | https://www.cdc.gov/bmi/adult-calculator/index.html | https://www.investor.gov/financial-tools-calculators/calculators/compound-interest-calculator | https://www.bankrate.com/calculators.aspx | https://wise.com/us/currency-converter/ | https://www.zoho.com/books/gst-calculator/ | https://moneysmart.gov.au/budgeting/compound-interest-calculator,"Create a localized SEO block with intent-specific examples, common use cases, limitations, and links to closely related tools. Keep the tool UI unchanged, but align title/H1/meta copy with the primary keyword. Current visible content is thin for a competitive calculator query. GSC already shows impressions, so prioritize CTR testing and request indexing after deployment. Add variants such as ""calculadora de descuentos online"" and ""calculadora de descuentos formula"" only where natural."
P3,https://anyconverter.io/da/word-counter/,da\word-counter\index.html,da,text,0,28,52.39,Ordtæller Online Gratis | AnyConverter,Ordtæller,345,word counter,character counter; count words online; word count checker,"Text-tool SERPs rank pages that show the input box immediately, explain accepted formats, include examples, and use ""counter/converter/generator/checker"" intent words.","WordCounter.net, CharacterCountTool, Grammarly, WordCounter.io, ConvertCase, TitleCaseConverter, Diffchecker, Text-Compare",https://wordcounter.net/ | https://charactercounttool.com/ | https://www.grammarly.com/character-counter | https://convertcase.net/ | https://titlecaseconverter.com/ | https://www.diffchecker.com/text-compare/ | https://www.text-compare.com/,"Create a localized SEO block with examples, common use cases, limitations, and links to related tools. Keep the tool UI unchanged, but align title/H1/meta copy with the primary keyword. Current visible content is thin for a competitive text query. GSC already shows impressions, so prioritize CTR testing and request indexing after deployment. Add variants such as ""word counter online"" and ""word counter gratis"" only where natural."
P3,https://anyconverter.io/es/webcam-tester/,es\webcam-tester\index.html,es,device,0,27,53.89,Probador de Webcam Online Gratis | AnyConverter,Probador de Webcam,248,Probador de Webcam,Probador de Webcam online; Probador de Webcam prueba; Probador de Webcam verificador,"Device/test SERPs rank tools that run checks instantly, explain permissions/privacy, show clear pass/fail states, and include troubleshooting guidance.","OnlineMicTest, WebcamMicTest, Loom, EIZO, DeadPixelTest.org, WhatIsMyViewport, mdigi, Typing.com, TypingTest.com, LiveChat",https://www.onlinemictest.com/ | https://webcammictest.com/ | https://www.loom.com/webcam-test | https://www.eizo.be/monitor-test/ | https://deadpixeltest.org/ | https://whatismyviewport.com/ | https://typing.com/student/typing-test | https://www.typingtest.com/ | https://www.livechat.com/typing-speed-test/,"Create a localized SEO block with intent-specific examples, common use cases, limitations, and links to closely related tools. Keep the tool UI unchanged, but align title/H1/meta copy with the primary keyword. Current visible content is thin for a competitive device query. GSC already shows impressions, so prioritize CTR testing and request indexing after deployment. Add variants such as ""Probador de Webcam online"" and ""Probador de Webcam prueba"" only where natural."
P3,https://anyconverter.io/daily-planner/,daily-planner\index.html,en,productivity,0,26,63.15,Daily Planner Online Free | AnyConverter,Daily Planner Online,248,planner online,planner online; planner online free,"Productivity SERPs emphasize immediate use, saved state, focus/timer workflows, templates, reminders, and low-friction task capture.","Pomofocus, PomodoroTimer.online, TomatoTimers, vClock, Online Stopwatch, Habi, HabitBox, Structured, Canva, Any.do, Microsoft To Do, Todoist",https://pomofocus.io/ | https://www.pomodorotimer.online/ | https://www.tomatotimers.com/ | https://vclock.com/timer/ | https://vclock.com/stopwatch/ | https://www.online-stopwatch.com/ | https://habi.app/ | https://habitbox.app/ | https://structured.app/daily-planner | https://www.canva.com/planners/templates/daily/ | https://todoist.com/ | https://to-do.office.com/tasks/,"Create a concise SEO block with examples, use cases, limitations, FAQs, and related-tool links. Keep the tool UI unchanged, but align title/H1/meta copy with the primary keyword. Current visible content is thin for a competitive productivity query. GSC already shows impressions, so prioritize CTR testing and request indexing after deployment. Add variants such as ""planner online"" and ""planner online free"" only where natural."
P3,https://anyconverter.io/microphone-tester/,microphone-tester\index.html,en,device,0,26,82.04,Microphone Tester Online Free | AnyConverter,Microphone Tester,262,Microphone Tester,Microphone Tester online; Microphone Tester; Microphone Tester checker,"Device/test SERPs rank tools that run checks instantly, explain permissions/privacy, show clear pass/fail states, and include troubleshooting guidance.","OnlineMicTest, WebcamMicTest, Loom, EIZO, DeadPixelTest.org, WhatIsMyViewport, mdigi, Typing.com, TypingTest.com, LiveChat",https://www.onlinemictest.com/ | https://webcammictest.com/ | https://www.loom.com/webcam-test | https://www.eizo.be/monitor-test/ | https://deadpixeltest.org/ | https://whatismyviewport.com/ | https://typing.com/student/typing-test | https://www.typingtest.com/ | https://www.livechat.com/typing-speed-test/,"Create a concise SEO block with examples, use cases, limitations, FAQs, and related-tool links. Keep the tool UI unchanged, but align title/H1/meta copy with the primary keyword. Current visible content is thin for a competitive device query. GSC already shows impressions, so prioritize CTR testing and request indexing after deployment. Add variants such as ""Microphone Tester online"" and ""Microphone Tester"" only where natural."
P3,https://anyconverter.io/da/loan-calculator/,da\loan-calculator\index.html,da,calculator,0,25,85.72,Lånberegner Online Gratis | AnyConverter,Lånberegner,376,Lånberegner,Lånberegner online; Lånberegner formel; Lånberegner eksempel,"Calculator SERPs reward pages with visible formulas, worked examples, definitions, country/unit variations, and trustworthy explanations around the calculator.","Calculator.net, Omni Calculator, Mayo Clinic, CDC/NHLBI, Bankrate, Investor.gov, Wise, Zoho, Moneysmart, Nordea",https://www.calculator.net/ | https://www.omnicalculator.com/ | https://www.mayoclinic.org/healthy-lifestyle/weight-loss/in-depth/calorie-calculator/itt-20402304 | https://www.cdc.gov/bmi/adult-calculator/index.html | https://www.investor.gov/financial-tools-calculators/calculators/compound-interest-calculator | https://www.bankrate.com/calculators.aspx | https://wise.com/us/currency-converter/ | https://www.zoho.com/books/gst-calculator/ | https://moneysmart.gov.au/budgeting/compound-interest-calculator,"Create a localized SEO block with examples, common use cases, limitations, and links to related tools. Keep the tool UI unchanged, but align title/H1/meta copy with the primary keyword. Current visible content is thin for a competitive calculator query. GSC already shows impressions, so prioritize CTR testing and request indexing after deployment. Add variants such as ""Lånberegner online"" and ""Lånberegner formel"" only where natural."
P3,https://anyconverter.io/ocr-pdf/,ocr-pdf\index.html,en,pdf,0,23,71.48,OCR PDF — Extract Text from Scanned PDF | AnyConverter,OCR PDF — Extract Text from Scans,318,pdf ocr,pdf ocr online; pdf ocr free; pdf ocr browser-based,"Top PDF SERPs lead with the exact task, privacy/free/browser language, clear upload controls, adjacent PDF actions, and short step-by-step copy.","Adobe Acrobat, iLovePDF, Smallpdf, PDF24, Sejda, PDF2Go, PDFChef, FreeConvert, PDFgear",https://www.adobe.com/acrobat/online.html | https://www.ilovepdf.com/ | https://smallpdf.com/pdf-tools | https://tools.pdf24.org/en/ | https://www.sejda.com/ | https://www.pdf2go.com/ | https://www.freeconvert.com/pdf-tools,"Create a concise SEO block with examples, use cases, limitations, FAQs, and related-tool links. Keep the tool UI unchanged, but align title/H1/meta copy with the primary keyword. Current visible content is thin for a competitive pdf query. GSC already shows impressions, so prioritize CTR testing and request indexing after deployment. Add variants such as ""pdf ocr online"" and ""pdf ocr free"" only where natural."
P3,https://anyconverter.io/sleep-calculator/,sleep-calculator\index.html,en,calculator,0,23,66.83,Sleep Calculator Online Free | AnyConverter,Sleep Calculator,378,sleep calculator,sleep calculator online; sleep calculator formula; sleep calculator example,"Calculator SERPs reward pages with visible formulas, worked examples, definitions, country/unit variations, and trustworthy explanations around the calculator.","Calculator.net, Omni Calculator, Mayo Clinic, CDC/NHLBI, Bankrate, Investor.gov, Wise, Zoho, Moneysmart, Nordea",https://www.calculator.net/ | https://www.omnicalculator.com/ | https://www.mayoclinic.org/healthy-lifestyle/weight-loss/in-depth/calorie-calculator/itt-20402304 | https://www.cdc.gov/bmi/adult-calculator/index.html | https://www.investor.gov/financial-tools-calculators/calculators/compound-interest-calculator | https://www.bankrate.com/calculators.aspx | https://wise.com/us/currency-converter/ | https://www.zoho.com/books/gst-calculator/ | https://moneysmart.gov.au/budgeting/compound-interest-calculator,"Create a concise SEO block with examples, use cases, limitations, FAQs, and related-tool links. Keep the tool UI unchanged, but align title/H1/meta copy with the primary keyword. Current visible content is thin for a competitive calculator query. GSC already shows impressions, so prioritize CTR testing and request indexing after deployment. Add variants such as ""sleep calculator online"" and ""sleep calculator formula"" only where natural."
P3,https://anyconverter.io/es/json-formatter/,es\json-formatter\index.html,es,dev,0,21,66.38,Formateador JSON Online Gratis | AnyConverter,Formateador y Validador de JSON,321,formateador JSON,embellecer JSON; validar JSON; formato JSON online,"Developer-tool SERPs favor exact utility names, example input/output, validation/error states, copy/download buttons, and ""formatter/validator/converter/parser"" modifiers.","JSONFormatter.org, CodeBeautify, JSONLint, regex101, RegExr, Base64Decode.org, emn178, KeyCDN, MD5file",https://jsonformatter.org/ | https://codebeautify.org/ | https://jsonlint.com/ | https://regex101.com/ | https://regexr.com/ | https://www.base64decode.org/ | https://emn178.github.io/online-tools/ | https://tools.keycdn.com/,"Create a localized SEO block with intent-specific examples, common use cases, limitations, and links to closely related tools. Keep the tool UI unchanged, but align title/H1/meta copy with the primary keyword. Current visible content is thin for a competitive dev query. GSC already shows impressions, so prioritize CTR testing and request indexing after deployment. Add variants such as ""formateador JSON online"" and ""formateador JSON validador"" only where natural."
P3,https://anyconverter.io/es/optimize-pdf/,es\optimize-pdf\index.html,es,pdf,0,21,69.81,Optimizar y Comprimir PDF Online Gratis | AnyConverter,Optimizar y Comprimir PDF,256,comprimir pdf online gratis,comprimir pdf online gratis; comprimir pdf online gratis en el navegador,"Top PDF SERPs lead with the exact task, privacy/free/browser language, clear upload controls, adjacent PDF actions, and short step-by-step copy.","Adobe Acrobat, iLovePDF, Smallpdf, PDF24, Sejda, PDF2Go, PDFChef, FreeConvert, PDFgear",https://www.adobe.com/acrobat/online.html | https://www.ilovepdf.com/ | https://smallpdf.com/pdf-tools | https://tools.pdf24.org/en/ | https://www.sejda.com/ | https://www.pdf2go.com/ | https://www.freeconvert.com/pdf-tools,"Create a localized SEO block with intent-specific examples, common use cases, limitations, and links to closely related tools. Keep the tool UI unchanged, but align title/H1/meta copy with the primary keyword. Current visible content is thin for a competitive pdf query. GSC already shows impressions, so prioritize CTR testing and request indexing after deployment. Add variants such as ""comprimir pdf online gratis"" and ""comprimir pdf online gratis en el navegador"" only where natural."
P3,https://anyconverter.io/decision-maker/,decision-maker\index.html,en,random,0,19,64.79,Decision Maker — Can't Decide? Let Us Pick | AnyConverter,Decision Maker Online,261,decision maker generator,decision maker generator online; decision maker generator random picker; decision maker generator fair results,"Randomizer SERPs favor playful but instant tools with probability/fairness notes, shareable results, list import/export, and task-specific variants.","Random.org, Calculator.net, Picker Wheel, Wheel of Names, Roll a Die, FlipSimu, AppSorteos, DnD Dice Roller",https://www.random.org/ | https://www.calculator.net/random-number-generator.html | https://pickerwheel.com/ | https://wheelofnames.com/ | https://rolladie.net/ | https://flipsimu.com/ | https://app-sorteos.com/en,"Create a concise SEO block with examples, use cases, limitations, FAQs, and related-tool links. Keep the tool UI unchanged, but align title/H1/meta copy with the primary keyword. Current visible content is thin for a competitive random query. GSC already shows impressions, so prioritize CTR testing and request indexing after deployment. Add variants such as ""decision maker generator online"" and ""decision maker generator random picker"" only where natural."
P3,https://anyconverter.io/dice-roller/,dice-roller\index.html,en,random,0,19,73.53,Dice Roller Online Free — d4 d6 d8 d10 d12 d20 | AnyConverter,Dice Roller Online,302,d20 online roller,d20 online roller; d20 online roller random picker; d20 online roller fair results,"Randomizer SERPs favor playful but instant tools with probability/fairness notes, shareable results, list import/export, and task-specific variants.","Random.org, Calculator.net, Picker Wheel, Wheel of Names, Roll a Die, FlipSimu, AppSorteos, DnD Dice Roller",https://www.random.org/ | https://www.calculator.net/random-number-generator.html | https://pickerwheel.com/ | https://wheelofnames.com/ | https://rolladie.net/ | https://flipsimu.com/ | https://app-sorteos.com/en,"Create a concise SEO block with examples, use cases, limitations, FAQs, and related-tool links. Keep the tool UI unchanged, but align title/H1/meta copy with the primary keyword. Current visible content is thin for a competitive random query. GSC already shows impressions, so prioritize CTR testing and request indexing after deployment. Add variants such as ""d20 online roller"" and ""d20 online roller random picker"" only where natural."
P3,https://anyconverter.io/es/px-to-rem/,es\px-to-rem\index.html,es,dev,0,18,49.78,Convertidor de PX a REM Online Gratis | AnyConverter,Convertidor de PX a REM,429,px to rem,px to rem online; px to rem validador; px to rem formateador,"Developer-tool SERPs favor exact utility names, example input/output, validation/error states, copy/download buttons, and ""formatter/validator/converter/parser"" modifiers.","JSONFormatter.org, CodeBeautify, JSONLint, regex101, RegExr, Base64Decode.org, emn178, KeyCDN, MD5file",https://jsonformatter.org/ | https://codebeautify.org/ | https://jsonlint.com/ | https://regex101.com/ | https://regexr.com/ | https://www.base64decode.org/ | https://emn178.github.io/online-tools/ | https://tools.keycdn.com/,"Create a localized SEO block with intent-specific examples, common use cases, limitations, and links to closely related tools. Keep the tool UI unchanged, but align title/H1/meta copy with the primary keyword. Current visible content is thin for a competitive dev query. GSC already shows impressions, so prioritize CTR testing and request indexing after deployment. Add variants such as ""px to rem online"" and ""px to rem validador"" only where natural."
P3,https://anyconverter.io/es/random-number-generator/,es\random-number-generator\index.html,es,random,0,18,78.94,Generador de Números Aleatorios Online Gratis | AnyConverter,Generador de Números Aleatorios,475,Generador de Números Aleatorios,Generador de Números Aleatorios online; Generador de Números Aleatorios; Generador de Números Aleatorios resultado justo,"Randomizer SERPs favor playful but instant tools with probability/fairness notes, shareable results, list import/export, and task-specific variants.","Random.org, Calculator.net, Picker Wheel, Wheel of Names, Roll a Die, FlipSimu, AppSorteos, DnD Dice Roller",https://www.random.org/ | https://www.calculator.net/random-number-generator.html | https://pickerwheel.com/ | https://wheelofnames.com/ | https://rolladie.net/ | https://flipsimu.com/ | https://app-sorteos.com/en,"Create a localized SEO block with intent-specific examples, common use cases, limitations, and links to closely related tools. Keep the tool UI unchanged, but align title/H1/meta copy with the primary keyword. Current visible content is thin for a competitive random query. GSC already shows impressions, so prioritize CTR testing and request indexing after deployment. Add variants such as ""Generador de Números Aleatorios online"" and ""Generador de Números Aleatorios"" only where natural."
P3,https://anyconverter.io/crop-pdf/,crop-pdf\index.html,en,pdf,0,17,73.06,Crop PDF Pages Online Free | AnyConverter,Crop PDF Pages,267,remove a page in pdf,remove a page in pdf online; remove a page in pdf free; remove a page in pdf browser-based,"Top PDF SERPs lead with the exact task, privacy/free/browser language, clear upload controls, adjacent PDF actions, and short step-by-step copy.","Adobe Acrobat, iLovePDF, Smallpdf, PDF24, Sejda, PDF2Go, PDFChef, FreeConvert, PDFgear",https://www.adobe.com/acrobat/online.html | https://www.ilovepdf.com/ | https://smallpdf.com/pdf-tools | https://tools.pdf24.org/en/ | https://www.sejda.com/ | https://www.pdf2go.com/ | https://www.freeconvert.com/pdf-tools,"Create a concise SEO block with examples, use cases, limitations, FAQs, and related-tool links. Keep the tool UI unchanged, but align title/H1/meta copy with the primary keyword. Current visible content is thin for a competitive pdf query. GSC already shows impressions, so prioritize CTR testing and request indexing after deployment. Add variants such as ""remove a page in pdf online"" and ""remove a page in pdf free"" only where natural."
P3,https://anyconverter.io/es/sign-pdf/,es\sign-pdf\index.html,es,pdf,0,17,72.94,Firmar PDF Online Gratis | AnyConverter,Firmar PDF Online,280,firmar pdf online gratis,firmar pdf online gratis; firmar pdf online gratis en el navegador,"Top PDF SERPs lead with the exact task, privacy/free/browser language, clear upload controls, adjacent PDF actions, and short step-by-step copy.","Adobe Acrobat, iLovePDF, Smallpdf, PDF24, Sejda, PDF2Go, PDFChef, FreeConvert, PDFgear",https://www.adobe.com/acrobat/online.html | https://www.ilovepdf.com/ | https://smallpdf.com/pdf-tools | https://tools.pdf24.org/en/ | https://www.sejda.com/ | https://www.pdf2go.com/ | https://www.freeconvert.com/pdf-tools,"Create a localized SEO block with intent-specific examples, common use cases, limitations, and links to closely related tools. Keep the tool UI unchanged, but align title/H1/meta copy with the primary keyword. Current visible content is thin for a competitive pdf query. GSC already shows impressions, so prioritize CTR testing and request indexing after deployment. Add variants such as ""firmar pdf online gratis"" and ""firmar pdf online gratis en el navegador"" only where natural."
P3,https://anyconverter.io/webcam-tester/,webcam-tester\index.html,en,device,0,15,58.27,Webcam Tester Online Free | AnyConverter,Webcam Tester,245,Webcam Tester,Webcam Tester online; Webcam Tester; Webcam Tester checker,"Device/test SERPs rank tools that run checks instantly, explain permissions/privacy, show clear pass/fail states, and include troubleshooting guidance.","OnlineMicTest, WebcamMicTest, Loom, EIZO, DeadPixelTest.org, WhatIsMyViewport, mdigi, Typing.com, TypingTest.com, LiveChat",https://www.onlinemictest.com/ | https://webcammictest.com/ | https://www.loom.com/webcam-test | https://www.eizo.be/monitor-test/ | https://deadpixeltest.org/ | https://whatismyviewport.com/ | https://typing.com/student/typing-test | https://www.typingtest.com/ | https://www.livechat.com/typing-speed-test/,"Create a concise SEO block with examples, use cases, limitations, FAQs, and related-tool links. Keep the tool UI unchanged, but align title/H1/meta copy with the primary keyword. Current visible content is thin for a competitive device query. GSC already shows impressions, so prioritize CTR testing and request indexing after deployment. Add variants such as ""Webcam Tester online"" and ""Webcam Tester"" only where natural."
P3,https://anyconverter.io/ascii-art-generator/,ascii-art-generator\index.html,en,text,0,14,77.57,ASCII Art Generator Online Free | AnyConverter,ASCII Art Generator,385,ASCII Art Generator,ASCII Art Generator online; ASCII Art Generator free; ASCII Art Generator,"Text-tool SERPs rank pages that show the input box immediately, explain accepted formats, include examples, and use ""counter/converter/generator/checker"" intent words.","WordCounter.net, CharacterCountTool, Grammarly, WordCounter.io, ConvertCase, TitleCaseConverter, Diffchecker, Text-Compare",https://wordcounter.net/ | https://charactercounttool.com/ | https://www.grammarly.com/character-counter | https://convertcase.net/ | https://titlecaseconverter.com/ | https://www.diffchecker.com/text-compare/ | https://www.text-compare.com/,"Create a concise SEO block with examples, use cases, limitations, FAQs, and related-tool links. Keep the tool UI unchanged, but align title/H1/meta copy with the primary keyword. Current visible content is thin for a competitive text query. GSC already shows impressions, so prioritize CTR testing and request indexing after deployment. Add variants such as ""ASCII Art Generator online"" and ""ASCII Art Generator free"" only where natural."
P3,https://anyconverter.io/da/edit-pdf/,da\edit-pdf\index.html,da,pdf,0,14,63.43,"Rediger PDF — Tilføj Tekst, Former og | AnyConverter",Rediger PDF — Tilføj Tekst og Former,282,edit PDF online,free PDF editor; annotate PDF; add text to PDF,"Top PDF SERPs lead with the exact task, privacy/free/browser language, clear upload controls, adjacent PDF actions, and short step-by-step copy.","Adobe Acrobat, iLovePDF, Smallpdf, PDF24, Sejda, PDF2Go, PDFChef, FreeConvert, PDFgear",https://www.adobe.com/acrobat/online.html | https://www.ilovepdf.com/ | https://smallpdf.com/pdf-tools | https://tools.pdf24.org/en/ | https://www.sejda.com/ | https://www.pdf2go.com/ | https://www.freeconvert.com/pdf-tools,"Create a localized SEO block with examples, common use cases, limitations, and links to related tools. Keep the tool UI unchanged, but align title/H1/meta copy with the primary keyword. Current visible content is thin for a competitive pdf query. GSC already shows impressions, so prioritize CTR testing and request indexing after deployment. Add variants such as ""edit PDF online"" and ""edit PDF online gratis"" only where natural."
P3,https://anyconverter.io/da/jpg-to-pdf/,da\jpg-to-pdf\index.html,da,pdf,0,14,73.14,Konverter JPG til PDF Online Gratis | AnyConverter,JPG til PDF Konverter,230,jpg til pdf,jpg til pdf online; jpg til pdf gratis; jpg til pdf i browseren,"Top PDF SERPs lead with the exact task, privacy/free/browser language, clear upload controls, adjacent PDF actions, and short step-by-step copy.","Adobe Acrobat, iLovePDF, Smallpdf, PDF24, Sejda, PDF2Go, PDFChef, FreeConvert, PDFgear",https://www.adobe.com/acrobat/online.html | https://www.ilovepdf.com/ | https://smallpdf.com/pdf-tools | https://tools.pdf24.org/en/ | https://www.sejda.com/ | https://www.pdf2go.com/ | https://www.freeconvert.com/pdf-tools,"Create a localized SEO block with examples, common use cases, limitations, and links to related tools. Keep the tool UI unchanged, but align title/H1/meta copy with the primary keyword. Current visible content is thin for a competitive pdf query. GSC already shows impressions, so prioritize CTR testing and request indexing after deployment. Add variants such as ""jpg til pdf online"" and ""jpg til pdf gratis"" only where natural."
P3,https://anyconverter.io/da/add-watermark/,da\add-watermark\index.html,da,pdf,0,13,51.92,Tilføj Vandmærke til PDF Online Gratis | AnyConverter,Tilføj Vandmærke til PDF,211,add watermark,add watermark online; add watermark gratis; add watermark i browseren,"Top PDF SERPs lead with the exact task, privacy/free/browser language, clear upload controls, adjacent PDF actions, and short step-by-step copy.","Adobe Acrobat, iLovePDF, Smallpdf, PDF24, Sejda, PDF2Go, PDFChef, FreeConvert, PDFgear",https://www.adobe.com/acrobat/online.html | https://www.ilovepdf.com/ | https://smallpdf.com/pdf-tools | https://tools.pdf24.org/en/ | https://www.sejda.com/ | https://www.pdf2go.com/ | https://www.freeconvert.com/pdf-tools,"Create a localized SEO block with examples, common use cases, limitations, and links to related tools. Keep the tool UI unchanged, but align title/H1/meta copy with the primary keyword. Current visible content is thin for a competitive pdf query. GSC already shows impressions, so prioritize CTR testing and request indexing after deployment. Add variants such as ""add watermark online"" and ""add watermark gratis"" only where natural."
P3,https://anyconverter.io/da/organize-pdf/,da\organize-pdf\index.html,da,pdf,0,13,48.69,Organiser PDF-sider Online Gratis | AnyConverter,Organiser PDF-sider,257,omarranger pdf,omarranger pdf online; omarranger pdf gratis; omarranger pdf i browseren,"Top PDF SERPs lead with the exact task, privacy/free/browser language, clear upload controls, adjacent PDF actions, and short step-by-step copy.","Adobe Acrobat, iLovePDF, Smallpdf, PDF24, Sejda, PDF2Go, PDFChef, FreeConvert, PDFgear",https://www.adobe.com/acrobat/online.html | https://www.ilovepdf.com/ | https://smallpdf.com/pdf-tools | https://tools.pdf24.org/en/ | https://www.sejda.com/ | https://www.pdf2go.com/ | https://www.freeconvert.com/pdf-tools,"Create a localized SEO block with examples, common use cases, limitations, and links to related tools. Keep the tool UI unchanged, but align title/H1/meta copy with the primary keyword. Current visible content is thin for a competitive pdf query. GSC already shows impressions, so prioritize CTR testing and request indexing after deployment. Add variants such as ""omarranger pdf online"" and ""omarranger pdf gratis"" only where natural."
P3,https://anyconverter.io/es/daily-planner/,es\daily-planner\index.html,es,productivity,0,12,47.33,Planificador Diario Online Gratis | AnyConverter,Planificador Diario Online,265,planner daily online,planner daily online; planner daily online gratis; planner daily online planificador,"Productivity SERPs emphasize immediate use, saved state, focus/timer workflows, templates, reminders, and low-friction task capture.","Pomofocus, PomodoroTimer.online, TomatoTimers, vClock, Online Stopwatch, Habi, HabitBox, Structured, Canva, Any.do, Microsoft To Do, Todoist",https://pomofocus.io/ | https://www.pomodorotimer.online/ | https://www.tomatotimers.com/ | https://vclock.com/timer/ | https://vclock.com/stopwatch/ | https://www.online-stopwatch.com/ | https://habi.app/ | https://habitbox.app/ | https://structured.app/daily-planner | https://www.canva.com/planners/templates/daily/ | https://todoist.com/ | https://to-do.office.com/tasks/,"Create a localized SEO block with intent-specific examples, common use cases, limitations, and links to closely related tools. Keep the tool UI unchanged, but align title/H1/meta copy with the primary keyword. Current visible content is thin for a competitive productivity query. GSC already shows impressions, so prioritize CTR testing and request indexing after deployment. Add variants such as ""planner daily online"" and ""planner daily online gratis"" only where natural."
P3,https://anyconverter.io/es/character-counter/,es\character-counter\index.html,es,text,0,11,44.45,Contador de Caracteres Online Gratis | AnyConverter,Contador de Caracteres,422,Contador de Caracteres,Contador de Caracteres online; Contador de Caracteres gratis; Contador de Caracteres generador,"Text-tool SERPs rank pages that show the input box immediately, explain accepted formats, include examples, and use ""counter/converter/generator/checker"" intent words.","WordCounter.net, CharacterCountTool, Grammarly, WordCounter.io, ConvertCase, TitleCaseConverter, Diffchecker, Text-Compare",https://wordcounter.net/ | https://charactercounttool.com/ | https://www.grammarly.com/character-counter | https://convertcase.net/ | https://titlecaseconverter.com/ | https://www.diffchecker.com/text-compare/ | https://www.text-compare.com/,"Create a localized SEO block with intent-specific examples, common use cases, limitations, and links to closely related tools. Keep the tool UI unchanged, but align title/H1/meta copy with the primary keyword. Current visible content is thin for a competitive text query. GSC already shows impressions, so prioritize CTR testing and request indexing after deployment. Add variants such as ""Contador de Caracteres online"" and ""Contador de Caracteres gratis"" only where natural."
P3,https://anyconverter.io/mouse-tester/,mouse-tester\index.html,en,device,0,11,82.09,Mouse Tester Online Free | AnyConverter,Mouse Tester,257,Mouse Tester,Mouse Tester online; Mouse Tester; Mouse Tester checker,"Device/test SERPs rank tools that run checks instantly, explain permissions/privacy, show clear pass/fail states, and include troubleshooting guidance.","OnlineMicTest, WebcamMicTest, Loom, EIZO, DeadPixelTest.org, WhatIsMyViewport, mdigi, Typing.com, TypingTest.com, LiveChat",https://www.onlinemictest.com/ | https://webcammictest.com/ | https://www.loom.com/webcam-test | https://www.eizo.be/monitor-test/ | https://deadpixeltest.org/ | https://whatismyviewport.com/ | https://typing.com/student/typing-test | https://www.typingtest.com/ | https://www.livechat.com/typing-speed-test/,"Create a concise SEO block with examples, use cases, limitations, FAQs, and related-tool links. Keep the tool UI unchanged, but align title/H1/meta copy with the primary keyword. Current visible content is thin for a competitive device query. GSC already shows impressions, so prioritize CTR testing and request indexing after deployment. Add variants such as ""Mouse Tester online"" and ""Mouse Tester"" only where natural."
P3,https://anyconverter.io/da/compound-interest-calculator/,da\compound-interest-calculator\index.html,da,calculator,0,10,83.8,Renters Rente Beregner Online Gratis | AnyConverter,Renters Rente Beregner,450,Renters Rente Beregner,Renters Rente Beregner online; Renters Rente Beregner formel; Renters Rente Beregner eksempel,"Calculator SERPs reward pages with visible formulas, worked examples, definitions, country/unit variations, and trustworthy explanations around the calculator.","Calculator.net, Omni Calculator, Mayo Clinic, CDC/NHLBI, Bankrate, Investor.gov, Wise, Zoho, Moneysmart, Nordea",https://www.calculator.net/ | https://www.omnicalculator.com/ | https://www.mayoclinic.org/healthy-lifestyle/weight-loss/in-depth/calorie-calculator/itt-20402304 | https://www.cdc.gov/bmi/adult-calculator/index.html | https://www.investor.gov/financial-tools-calculators/calculators/compound-interest-calculator | https://www.bankrate.com/calculators.aspx | https://wise.com/us/currency-converter/ | https://www.zoho.com/books/gst-calculator/ | https://moneysmart.gov.au/budgeting/compound-interest-calculator,"Create a localized SEO block with examples, common use cases, limitations, and links to related tools. Keep the tool UI unchanged, but align title/H1/meta copy with the primary keyword. Current visible content is thin for a competitive calculator query. GSC already shows impressions, so prioritize CTR testing and request indexing after deployment. Add variants such as ""Renters Rente Beregner online"" and ""Renters Rente Beregner formel"" only where natural."
P3,https://anyconverter.io/edit-pdf/,edit-pdf\index.html,en,pdf,0,10,60.9,"Edit PDF — Add Text, Shapes &amp; Highlights | AnyConverter",Edit PDF — Add Text &amp; Shapes,306,edit PDF online,free PDF editor; annotate PDF; add text to PDF,"Top PDF SERPs lead with the exact task, privacy/free/browser language, clear upload controls, adjacent PDF actions, and short step-by-step copy.","Adobe Acrobat, iLovePDF, Smallpdf, PDF24, Sejda, PDF2Go, PDFChef, FreeConvert, PDFgear",https://www.adobe.com/acrobat/online.html | https://www.ilovepdf.com/ | https://smallpdf.com/pdf-tools | https://tools.pdf24.org/en/ | https://www.sejda.com/ | https://www.pdf2go.com/ | https://www.freeconvert.com/pdf-tools,"Create a concise SEO block with examples, use cases, limitations, FAQs, and related-tool links. Keep the tool UI unchanged, but align title/H1/meta copy with the primary keyword. Current visible content is thin for a competitive pdf query. GSC already shows impressions, so prioritize CTR testing and request indexing after deployment. Add variants such as ""edit PDF online"" and ""edit PDF online free"" only where natural."
P3,https://anyconverter.io/es/url-encoder/,es\url-encoder\index.html,es,dev,0,10,59.8,Codificador URL Online Gratis | AnyConverter,Codificador y Decodificador de URL,267,url encoder,url encoder online; url encoder validador; url encoder formateador,"Developer-tool SERPs favor exact utility names, example input/output, validation/error states, copy/download buttons, and ""formatter/validator/converter/parser"" modifiers.","JSONFormatter.org, CodeBeautify, JSONLint, regex101, RegExr, Base64Decode.org, emn178, KeyCDN, MD5file",https://jsonformatter.org/ | https://codebeautify.org/ | https://jsonlint.com/ | https://regex101.com/ | https://regexr.com/ | https://www.base64decode.org/ | https://emn178.github.io/online-tools/ | https://tools.keycdn.com/,"Create a localized SEO block with intent-specific examples, common use cases, limitations, and links to closely related tools. Keep the tool UI unchanged, but align title/H1/meta copy with the primary keyword. Current visible content is thin for a competitive dev query. GSC already shows impressions, so prioritize CTR testing and request indexing after deployment. Add variants such as ""url encoder online"" and ""url encoder validador"" only where natural."
P3,https://anyconverter.io/spin-the-wheel/,spin-the-wheel\index.html,en,random,0,10,62.5,Spin the Wheel — Random Decision Maker Online Free | AnyConverter,Spin the Wheel,256,Spin the Wheel,Spin the Wheel online; Spin the Wheel random picker; Spin the Wheel fair results,"Randomizer SERPs favor playful but instant tools with probability/fairness notes, shareable results, list import/export, and task-specific variants.","Random.org, Calculator.net, Picker Wheel, Wheel of Names, Roll a Die, FlipSimu, AppSorteos, DnD Dice Roller",https://www.random.org/ | https://www.calculator.net/random-number-generator.html | https://pickerwheel.com/ | https://wheelofnames.com/ | https://rolladie.net/ | https://flipsimu.com/ | https://app-sorteos.com/en,"Create a concise SEO block with examples, use cases, limitations, FAQs, and related-tool links. Keep the tool UI unchanged, but align title/H1/meta copy with the primary keyword. Current visible content is thin for a competitive random query. GSC already shows impressions, so prioritize CTR testing and request indexing after deployment. Add variants such as ""Spin the Wheel online"" and ""Spin the Wheel random picker"" only where natural."
P3,https://anyconverter.io/da/calorie-calculator/,da\calorie-calculator\index.html,da,calculator,0,9,89.67,Kaloriebehov Beregner Online Gratis | AnyConverter,Kaloriebehov Beregner,538,Kaloriebehov Beregner,Kaloriebehov Beregner online; Kaloriebehov Beregner formel; Kaloriebehov Beregner eksempel,"Calculator SERPs reward pages with visible formulas, worked examples, definitions, country/unit variations, and trustworthy explanations around the calculator.","Calculator.net, Omni Calculator, Mayo Clinic, CDC/NHLBI, Bankrate, Investor.gov, Wise, Zoho, Moneysmart, Nordea",https://www.calculator.net/ | https://www.omnicalculator.com/ | https://www.mayoclinic.org/healthy-lifestyle/weight-loss/in-depth/calorie-calculator/itt-20402304 | https://www.cdc.gov/bmi/adult-calculator/index.html | https://www.investor.gov/financial-tools-calculators/calculators/compound-interest-calculator | https://www.bankrate.com/calculators.aspx | https://wise.com/us/currency-converter/ | https://www.zoho.com/books/gst-calculator/ | https://moneysmart.gov.au/budgeting/compound-interest-calculator,"Create a localized SEO block with examples, common use cases, limitations, and links to related tools. Keep the tool UI unchanged, but align title/H1/meta copy with the primary keyword. Current visible content is thin for a competitive calculator query. GSC already shows impressions, so prioritize CTR testing and request indexing after deployment. Add variants such as ""Kaloriebehov Beregner online"" and ""Kaloriebehov Beregner formel"" only where natural."
P3,https://anyconverter.io/da/compare-pdf/,da\compare-pdf\index.html,da,pdf,0,9,76.67,Sammenlign to PDF'er Side om Side Online Gratis | AnyConverter,Sammenlign To PDF'er Side om Side,269,Sammenlign to PDF'er Side om Side,Sammenlign to PDF'er Side om Side online; Sammenlign to PDF'er Side om Side gratis; Sammenlign to PDF'er Side om Side i browseren,"Top PDF SERPs lead with the exact task, privacy/free/browser language, clear upload controls, adjacent PDF actions, and short step-by-step copy.","Adobe Acrobat, iLovePDF, Smallpdf, PDF24, Sejda, PDF2Go, PDFChef, FreeConvert, PDFgear",https://www.adobe.com/acrobat/online.html | https://www.ilovepdf.com/ | https://smallpdf.com/pdf-tools | https://tools.pdf24.org/en/ | https://www.sejda.com/ | https://www.pdf2go.com/ | https://www.freeconvert.com/pdf-tools,"Create a localized SEO block with examples, common use cases, limitations, and links to related tools. Keep the tool UI unchanged, but align title/H1/meta copy with the primary keyword. Current visible content is thin for a competitive pdf query. GSC already shows impressions, so prioritize CTR testing and request indexing after deployment. Add variants such as ""Sammenlign to PDF'er Side om Side online"" and ""Sammenlign to PDF'er Side om Side gratis"" only where natural."
P3,https://anyconverter.io/es/keyboard-tester/,es\keyboard-tester\index.html,es,device,0,9,84.56,Probador de Teclado Online Gratis | AnyConverter,Probador de Teclado,251,keyboard tester online,keyboard tester online; keyboard tester online prueba; keyboard tester online verificador,"Device/test SERPs rank tools that run checks instantly, explain permissions/privacy, show clear pass/fail states, and include troubleshooting guidance.","OnlineMicTest, WebcamMicTest, Loom, EIZO, DeadPixelTest.org, WhatIsMyViewport, mdigi, Typing.com, TypingTest.com, LiveChat",https://www.onlinemictest.com/ | https://webcammictest.com/ | https://www.loom.com/webcam-test | https://www.eizo.be/monitor-test/ | https://deadpixeltest.org/ | https://whatismyviewport.com/ | https://typing.com/student/typing-test | https://www.typingtest.com/ | https://www.livechat.com/typing-speed-test/,"Create a localized SEO block with intent-specific examples, common use cases, limitations, and links to closely related tools. Keep the tool UI unchanged, but align title/H1/meta copy with the primary keyword. Current visible content is thin for a competitive device query. GSC already shows impressions, so prioritize CTR testing and request indexing after deployment. Add variants such as ""keyboard tester online"" and ""keyboard tester online prueba"" only where natural."
P3,https://anyconverter.io/es/mortgage-calculator/,es\mortgage-calculator\index.html,es,calculator,0,9,44.67,Calculadora de Hipoteca Online Gratis | AnyConverter,Calculadora de Hipoteca,589,Calculadora de Hipoteca,Calculadora de Hipoteca online; Calculadora de Hipoteca formula; Calculadora de Hipoteca ejemplo,"Calculator SERPs reward pages with visible formulas, worked examples, definitions, country/unit variations, and trustworthy explanations around the calculator.","Calculator.net, Omni Calculator, Mayo Clinic, CDC/NHLBI, Bankrate, Investor.gov, Wise, Zoho, Moneysmart, Nordea",https://www.calculator.net/ | https://www.omnicalculator.com/ | https://www.mayoclinic.org/healthy-lifestyle/weight-loss/in-depth/calorie-calculator/itt-20402304 | https://www.cdc.gov/bmi/adult-calculator/index.html | https://www.investor.gov/financial-tools-calculators/calculators/compound-interest-calculator | https://www.bankrate.com/calculators.aspx | https://wise.com/us/currency-converter/ | https://www.zoho.com/books/gst-calculator/ | https://moneysmart.gov.au/budgeting/compound-interest-calculator,"Create a localized SEO block with intent-specific examples, common use cases, limitations, and links to closely related tools. Keep the tool UI unchanged, but align title/H1/meta copy with the primary keyword. Current visible content is thin for a competitive calculator query. GSC already shows impressions, so prioritize CTR testing and request indexing after deployment. Add variants such as ""Calculadora de Hipoteca online"" and ""Calculadora de Hipoteca formula"" only where natural."
P3,https://anyconverter.io/es/mouse-tester/,es\mouse-tester\index.html,es,device,0,9,73.67,Probador de Ratón Online Gratis | AnyConverter,Probador de Ratón,279,Probador de Ratón,Probador de Ratón online; Probador de Ratón prueba; Probador de Ratón verificador,"Device/test SERPs rank tools that run checks instantly, explain permissions/privacy, show clear pass/fail states, and include troubleshooting guidance.","OnlineMicTest, WebcamMicTest, Loom, EIZO, DeadPixelTest.org, WhatIsMyViewport, mdigi, Typing.com, TypingTest.com, LiveChat",https://www.onlinemictest.com/ | https://webcammictest.com/ | https://www.loom.com/webcam-test | https://www.eizo.be/monitor-test/ | https://deadpixeltest.org/ | https://whatismyviewport.com/ | https://typing.com/student/typing-test | https://www.typingtest.com/ | https://www.livechat.com/typing-speed-test/,"Create a localized SEO block with intent-specific examples, common use cases, limitations, and links to closely related tools. Keep the tool UI unchanged, but align title/H1/meta copy with the primary keyword. Current visible content is thin for a competitive device query. GSC already shows impressions, so prioritize CTR testing and request indexing after deployment. Add variants such as ""Probador de Ratón online"" and ""Probador de Ratón prueba"" only where natural."
P3,https://anyconverter.io/number-to-words/,number-to-words\index.html,en,text,0,9,54.11,Number to Words Converter Online Free | AnyConverter,Number to Words Converter,321,Number to Words Converter,Number to Words Converter online; Number to Words Converter free; Number to Words Converter generator,"Text-tool SERPs rank pages that show the input box immediately, explain accepted formats, include examples, and use ""counter/converter/generator/checker"" intent words.","WordCounter.net, CharacterCountTool, Grammarly, WordCounter.io, ConvertCase, TitleCaseConverter, Diffchecker, Text-Compare",https://wordcounter.net/ | https://charactercounttool.com/ | https://www.grammarly.com/character-counter | https://convertcase.net/ | https://titlecaseconverter.com/ | https://www.diffchecker.com/text-compare/ | https://www.text-compare.com/,"Create a concise SEO block with examples, use cases, limitations, FAQs, and related-tool links. Keep the tool UI unchanged, but align title/H1/meta copy with the primary keyword. Current visible content is thin for a competitive text query. GSC already shows impressions, so prioritize CTR testing and request indexing after deployment. Add variants such as ""Number to Words Converter online"" and ""Number to Words Converter free"" only where natural."
P3,https://anyconverter.io/da/character-counter/,da\character-counter\index.html,da,text,0,8,40.25,Tegntæller Online Gratis | AnyConverter,Tegntæller,330,Tegntæller,Tegntæller online; Tegntæller gratis; Tegntæller generator,"Text-tool SERPs rank pages that show the input box immediately, explain accepted formats, include examples, and use ""counter/converter/generator/checker"" intent words.","WordCounter.net, CharacterCountTool, Grammarly, WordCounter.io, ConvertCase, TitleCaseConverter, Diffchecker, Text-Compare",https://wordcounter.net/ | https://charactercounttool.com/ | https://www.grammarly.com/character-counter | https://convertcase.net/ | https://titlecaseconverter.com/ | https://www.diffchecker.com/text-compare/ | https://www.text-compare.com/,"Create a localized SEO block with examples, common use cases, limitations, and links to related tools. Keep the tool UI unchanged, but align title/H1/meta copy with the primary keyword. Current visible content is thin for a competitive text query. GSC already shows impressions, so prioritize CTR testing and request indexing after deployment. Add variants such as ""Tegntæller online"" and ""Tegntæller gratis"" only where natural."
P3,https://anyconverter.io/da/add-page-numbers/,da\add-page-numbers\index.html,da,pdf,0,7,61.43,Tilføj Sidetal til PDF Online Gratis | AnyConverter,Tilføj Sidetal til PDF,238,add page numbers to pdf online,add page numbers to pdf online; add page numbers to pdf online gratis; add page numbers to pdf online i browseren,"Top PDF SERPs lead with the exact task, privacy/free/browser language, clear upload controls, adjacent PDF actions, and short step-by-step copy.","Adobe Acrobat, iLovePDF, Smallpdf, PDF24, Sejda, PDF2Go, PDFChef, FreeConvert, PDFgear",https://www.adobe.com/acrobat/online.html | https://www.ilovepdf.com/ | https://smallpdf.com/pdf-tools | https://tools.pdf24.org/en/ | https://www.sejda.com/ | https://www.pdf2go.com/ | https://www.freeconvert.com/pdf-tools,"Create a localized SEO block with examples, common use cases, limitations, and links to related tools. Keep the tool UI unchanged, but align title/H1/meta copy with the primary keyword. Current visible content is thin for a competitive pdf query. GSC already shows impressions, so prioritize CTR testing and request indexing after deployment. Add variants such as ""add page numbers to pdf online"" and ""add page numbers to pdf online gratis"" only where natural."
P3,https://anyconverter.io/da/ip-address-lookup/,da\ip-address-lookup\index.html,da,device,0,7,69.71,IP-adresse Opslag Online Gratis | AnyConverter,IP-adresse Opslag,316,ip address lookup,ip address lookup online; ip address lookup test; ip address lookup tjekker,"Device/test SERPs rank tools that run checks instantly, explain permissions/privacy, show clear pass/fail states, and include troubleshooting guidance.","OnlineMicTest, WebcamMicTest, Loom, EIZO, DeadPixelTest.org, WhatIsMyViewport, mdigi, Typing.com, TypingTest.com, LiveChat",https://www.onlinemictest.com/ | https://webcammictest.com/ | https://www.loom.com/webcam-test | https://www.eizo.be/monitor-test/ | https://deadpixeltest.org/ | https://whatismyviewport.com/ | https://typing.com/student/typing-test | https://www.typingtest.com/ | https://www.livechat.com/typing-speed-test/,"Create a localized SEO block with examples, common use cases, limitations, and links to related tools. Keep the tool UI unchanged, but align title/H1/meta copy with the primary keyword. Current visible content is thin for a competitive device query. GSC already shows impressions, so prioritize CTR testing and request indexing after deployment. Add variants such as ""ip address lookup online"" and ""ip address lookup test"" only where natural."
P3,https://anyconverter.io/es/add-watermark/,es\add-watermark\index.html,es,pdf,0,7,79.43,Añadir Marca de Agua a PDF Online Gratis | AnyConverter,Añadir Marca de Agua a PDF,283,add watermark,add watermark online; add watermark gratis; add watermark en el navegador,"Top PDF SERPs lead with the exact task, privacy/free/browser language, clear upload controls, adjacent PDF actions, and short step-by-step copy.","Adobe Acrobat, iLovePDF, Smallpdf, PDF24, Sejda, PDF2Go, PDFChef, FreeConvert, PDFgear",https://www.adobe.com/acrobat/online.html | https://www.ilovepdf.com/ | https://smallpdf.com/pdf-tools | https://tools.pdf24.org/en/ | https://www.sejda.com/ | https://www.pdf2go.com/ | https://www.freeconvert.com/pdf-tools,"Create a localized SEO block with intent-specific examples, common use cases, limitations, and links to closely related tools. Keep the tool UI unchanged, but align title/H1/meta copy with the primary keyword. Current visible content is thin for a competitive pdf query. GSC already shows impressions, so prioritize CTR testing and request indexing after deployment. Add variants such as ""add watermark online"" and ""add watermark gratis"" only where natural."
P3,https://anyconverter.io/es/uuid-generator/,es\uuid-generator\index.html,es,dev,0,7,64,Generador de UUID Online Gratis | AnyConverter,Generador de UUID / GUID,476,uuid generator,uuid generator online; uuid generator validador; uuid generator formateador,"Developer-tool SERPs favor exact utility names, example input/output, validation/error states, copy/download buttons, and ""formatter/validator/converter/parser"" modifiers.","JSONFormatter.org, CodeBeautify, JSONLint, regex101, RegExr, Base64Decode.org, emn178, KeyCDN, MD5file",https://jsonformatter.org/ | https://codebeautify.org/ | https://jsonlint.com/ | https://regex101.com/ | https://regexr.com/ | https://www.base64decode.org/ | https://emn178.github.io/online-tools/ | https://tools.keycdn.com/,"Create a localized SEO block with intent-specific examples, common use cases, limitations, and links to closely related tools. Keep the tool UI unchanged, but align title/H1/meta copy with the primary keyword. Current visible content is thin for a competitive dev query. GSC already shows impressions, so prioritize CTR testing and request indexing after deployment. Add variants such as ""uuid generator online"" and ""uuid generator validador"" only where natural."
P3,https://anyconverter.io/image-converter/,image-converter\index.html,en,image,0,7,56,Image Converter Online — PNG JPG WebP AVIF Free | AnyConverter,Free Online Image Converter,407,Free Online Image Converter,Free Online Image Converter,"Image/QR SERPs favor exact task pages with compression/conversion settings, supported formats, file-size expectations, and device-friendly download/share actions.","TinyPNG, ImageCompressor.com, iLoveIMG, FreeConvert, Img2Go, toWebP.io, CloudConvert, Picflow, QR Code Generator",https://tinypng.com/ | https://imagecompressor.com/ | https://www.iloveimg.com/ | https://www.freeconvert.com/image-converter | https://www.img2go.com/ | https://towebp.io/ | https://cloudconvert.com/ | https://www.qr-code-generator.com/,"Create a concise SEO block with examples, use cases, limitations, FAQs, and related-tool links. Keep the tool UI unchanged, but align title/H1/meta copy with the primary keyword. Current visible content is thin for a competitive image query. GSC already shows impressions, so prioritize CTR testing and request indexing after deployment. Add variants such as ""Free Online Image Converter"" and ""Free Online Image Converter"" only where natural."
P3,https://anyconverter.io/invoice-generator/,invoice-generator\index.html,en,business,0,7,90.29,Invoice Generator Online Free | AnyConverter,Invoice Generator,351,invoice generator,free invoice maker; invoice template; create invoice online,"Business-generator SERPs emphasize fast form completion, template quality, compliance/trust notes, export formats, and practical examples for common business types.","Zoho, Canva, Invoice Simple, Shopify, Termly, PrivacyPolicies.com, iubenda",https://www.zoho.com/us/invoice/free-invoice-generator.html | https://www.canva.com/invoice/ | https://www.shopify.com/tools/policy-generator | https://termly.io/products/privacy-policy-generator/ | https://www.privacypolicies.com/privacy-policy-generator/ | https://www.iubenda.com/en/blog/shopify-privacy-policy-generator-why-you-should-use-one/,"Create a concise SEO block with examples, use cases, limitations, FAQs, and related-tool links. Keep the tool UI unchanged, but align title/H1/meta copy with the primary keyword. Current visible content is thin for a competitive business query. GSC already shows impressions, so prioritize CTR testing and request indexing after deployment. Add variants such as ""invoice generator online"" and ""invoice generator template"" only where natural."
P3,https://anyconverter.io/da/protect-pdf/,da\protect-pdf\index.html,da,pdf,0,6,44.33,Beskyt PDF med Adgangskode Online Gratis | AnyConverter,Beskyt PDF med Adgangskode,203,beskyt pdf,beskyt pdf online; beskyt pdf gratis; beskyt pdf i browseren,"Top PDF SERPs lead with the exact task, privacy/free/browser language, clear upload controls, adjacent PDF actions, and short step-by-step copy.","Adobe Acrobat, iLovePDF, Smallpdf, PDF24, Sejda, PDF2Go, PDFChef, FreeConvert, PDFgear",https://www.adobe.com/acrobat/online.html | https://www.ilovepdf.com/ | https://smallpdf.com/pdf-tools | https://tools.pdf24.org/en/ | https://www.sejda.com/ | https://www.pdf2go.com/ | https://www.freeconvert.com/pdf-tools,"Create a localized SEO block with examples, common use cases, limitations, and links to related tools. Keep the tool UI unchanged, but align title/H1/meta copy with the primary keyword. Current visible content is thin for a competitive pdf query. GSC already shows impressions, so prioritize CTR testing and request indexing after deployment. Add variants such as ""beskyt pdf online"" and ""beskyt pdf gratis"" only where natural."
P3,https://anyconverter.io/es/coin-flip/,es\coin-flip\index.html,es,random,0,6,41.67,Lanzar Moneda Online Gratis — Cara o Cruz | AnyConverter,Lanzar Moneda Online,253,Lanzar Moneda Online,Lanzar Moneda Online; Lanzar Moneda Online aleatorio; Lanzar Moneda Online resultado justo,"Randomizer SERPs favor playful but instant tools with probability/fairness notes, shareable results, list import/export, and task-specific variants.","Random.org, Calculator.net, Picker Wheel, Wheel of Names, Roll a Die, FlipSimu, AppSorteos, DnD Dice Roller",https://www.random.org/ | https://www.calculator.net/random-number-generator.html | https://pickerwheel.com/ | https://wheelofnames.com/ | https://rolladie.net/ | https://flipsimu.com/ | https://app-sorteos.com/en,"Create a localized SEO block with intent-specific examples, common use cases, limitations, and links to closely related tools. Keep the tool UI unchanged, but align title/H1/meta copy with the primary keyword. Current visible content is thin for a competitive random query. GSC already shows impressions, so prioritize CTR testing and request indexing after deployment. Add variants such as ""Lanzar Moneda Online"" and ""Lanzar Moneda Online aleatorio"" only where natural."
P3,https://anyconverter.io/es/random-picker/,es\random-picker\index.html,es,random,0,6,49,Selector Aleatorio — Elige Elementos al Azar | AnyConverter,Selector Aleatorio Online,280,selector random,selector random online; selector random aleatorio; selector random resultado justo,"Randomizer SERPs favor playful but instant tools with probability/fairness notes, shareable results, list import/export, and task-specific variants.","Random.org, Calculator.net, Picker Wheel, Wheel of Names, Roll a Die, FlipSimu, AppSorteos, DnD Dice Roller",https://www.random.org/ | https://www.calculator.net/random-number-generator.html | https://pickerwheel.com/ | https://wheelofnames.com/ | https://rolladie.net/ | https://flipsimu.com/ | https://app-sorteos.com/en,"Create a localized SEO block with intent-specific examples, common use cases, limitations, and links to closely related tools. Keep the tool UI unchanged, but align title/H1/meta copy with the primary keyword. Current visible content is thin for a competitive random query. GSC already shows impressions, so prioritize CTR testing and request indexing after deployment. Add variants such as ""selector random online"" and ""selector random aleatorio"" only where natural."
P3,https://anyconverter.io/html-beautifier/,html-beautifier\index.html,en,dev,0,6,73.5,HTML Beautifier &amp; Minifier Online Free | AnyConverter,HTML Beautifier &amp; Minifier,377,beautifier html,beautifier html online; beautifier html validator; beautifier html formatter,"Developer-tool SERPs favor exact utility names, example input/output, validation/error states, copy/download buttons, and ""formatter/validator/converter/parser"" modifiers.","JSONFormatter.org, CodeBeautify, JSONLint, regex101, RegExr, Base64Decode.org, emn178, KeyCDN, MD5file",https://jsonformatter.org/ | https://codebeautify.org/ | https://jsonlint.com/ | https://regex101.com/ | https://regexr.com/ | https://www.base64decode.org/ | https://emn178.github.io/online-tools/ | https://tools.keycdn.com/,"Create a concise SEO block with examples, use cases, limitations, FAQs, and related-tool links. Keep the tool UI unchanged, but align title/H1/meta copy with the primary keyword. Current visible content is thin for a competitive dev query. GSC already shows impressions, so prioritize CTR testing and request indexing after deployment. Add variants such as ""beautifier html online"" and ""beautifier html validator"" only where natural."
P3,https://anyconverter.io/screen-resolution/,screen-resolution\index.html,en,device,0,6,83.17,Screen Resolution Checker Online Free | AnyConverter,Screen Resolution Checker,285,Screen Resolution Checker,Screen Resolution Checker online; Screen Resolution Checker test; Screen Resolution Checker,"Device/test SERPs rank tools that run checks instantly, explain permissions/privacy, show clear pass/fail states, and include troubleshooting guidance.","OnlineMicTest, WebcamMicTest, Loom, EIZO, DeadPixelTest.org, WhatIsMyViewport, mdigi, Typing.com, TypingTest.com, LiveChat",https://www.onlinemictest.com/ | https://webcammictest.com/ | https://www.loom.com/webcam-test | https://www.eizo.be/monitor-test/ | https://deadpixeltest.org/ | https://whatismyviewport.com/ | https://typing.com/student/typing-test | https://www.typingtest.com/ | https://www.livechat.com/typing-speed-test/,"Create a concise SEO block with examples, use cases, limitations, FAQs, and related-tool links. Keep the tool UI unchanged, but align title/H1/meta copy with the primary keyword. Current visible content is thin for a competitive device query. GSC already shows impressions, so prioritize CTR testing and request indexing after deployment. Add variants such as ""Screen Resolution Checker online"" and ""Screen Resolution Checker test"" only where natural."
P3,https://anyconverter.io/url-encoder/,url-encoder\index.html,en,dev,0,6,62.83,URL Encoder &amp; Decoder Online — Free | AnyConverter,URL Encoder &amp; Decoder,389,url encoder,url encoder online; url encoder validator; url encoder formatter,"Developer-tool SERPs favor exact utility names, example input/output, validation/error states, copy/download buttons, and ""formatter/validator/converter/parser"" modifiers.","JSONFormatter.org, CodeBeautify, JSONLint, regex101, RegExr, Base64Decode.org, emn178, KeyCDN, MD5file",https://jsonformatter.org/ | https://codebeautify.org/ | https://jsonlint.com/ | https://regex101.com/ | https://regexr.com/ | https://www.base64decode.org/ | https://emn178.github.io/online-tools/ | https://tools.keycdn.com/,"Create a concise SEO block with examples, use cases, limitations, FAQs, and related-tool links. Keep the tool UI unchanged, but align title/H1/meta copy with the primary keyword. Current visible content is thin for a competitive dev query. GSC already shows impressions, so prioritize CTR testing and request indexing after deployment. Add variants such as ""url encoder online"" and ""url encoder validator"" only where natural."
P3,https://anyconverter.io/es/microphone-tester/,es\microphone-tester\index.html,es,device,0,5,61.4,Probador de Micrófono Online Gratis | AnyConverter,Probador de Micrófono,270,Probador de Micrófono,Probador de Micrófono online; Probador de Micrófono prueba; Probador de Micrófono verificador,"Device/test SERPs rank tools that run checks instantly, explain permissions/privacy, show clear pass/fail states, and include troubleshooting guidance.","OnlineMicTest, WebcamMicTest, Loom, EIZO, DeadPixelTest.org, WhatIsMyViewport, mdigi, Typing.com, TypingTest.com, LiveChat",https://www.onlinemictest.com/ | https://webcammictest.com/ | https://www.loom.com/webcam-test | https://www.eizo.be/monitor-test/ | https://deadpixeltest.org/ | https://whatismyviewport.com/ | https://typing.com/student/typing-test | https://www.typingtest.com/ | https://www.livechat.com/typing-speed-test/,"Create a localized SEO block with intent-specific examples, common use cases, limitations, and links to closely related tools. Keep the tool UI unchanged, but align title/H1/meta copy with the primary keyword. Current visible content is thin for a competitive device query. GSC already shows impressions, so prioritize CTR testing and request indexing after deployment. Add variants such as ""Probador de Micrófono online"" and ""Probador de Micrófono prueba"" only where natural."
P3,https://anyconverter.io/ip-address-lookup/,ip-address-lookup\index.html,en,device,0,5,85.4,IP Address Lookup Online Free | AnyConverter,IP Address Lookup,372,ip address lookup,ip address lookup online; ip address lookup test; ip address lookup checker,"Device/test SERPs rank tools that run checks instantly, explain permissions/privacy, show clear pass/fail states, and include troubleshooting guidance.","OnlineMicTest, WebcamMicTest, Loom, EIZO, DeadPixelTest.org, WhatIsMyViewport, mdigi, Typing.com, TypingTest.com, LiveChat",https://www.onlinemictest.com/ | https://webcammictest.com/ | https://www.loom.com/webcam-test | https://www.eizo.be/monitor-test/ | https://deadpixeltest.org/ | https://whatismyviewport.com/ | https://typing.com/student/typing-test | https://www.typingtest.com/ | https://www.livechat.com/typing-speed-test/,"Create a concise SEO block with examples, use cases, limitations, FAQs, and related-tool links. Keep the tool UI unchanged, but align title/H1/meta copy with the primary keyword. Current visible content is thin for a competitive device query. GSC already shows impressions, so prioritize CTR testing and request indexing after deployment. Add variants such as ""ip address lookup online"" and ""ip address lookup test"" only where natural."
P3,https://anyconverter.io/text-repeater/,text-repeater\index.html,en,text,0,5,81.8,Text Repeater Online Free | AnyConverter,Text Repeater,282,text repeater online,text repeater online; text repeater online free; text repeater online generator,"Text-tool SERPs rank pages that show the input box immediately, explain accepted formats, include examples, and use ""counter/converter/generator/checker"" intent words.","WordCounter.net, CharacterCountTool, Grammarly, WordCounter.io, ConvertCase, TitleCaseConverter, Diffchecker, Text-Compare",https://wordcounter.net/ | https://charactercounttool.com/ | https://www.grammarly.com/character-counter | https://convertcase.net/ | https://titlecaseconverter.com/ | https://www.diffchecker.com/text-compare/ | https://www.text-compare.com/,"Create a concise SEO block with examples, use cases, limitations, FAQs, and related-tool links. Keep the tool UI unchanged, but align title/H1/meta copy with the primary keyword. Current visible content is thin for a competitive text query. GSC already shows impressions, so prioritize CTR testing and request indexing after deployment. Add variants such as ""text repeater online"" and ""text repeater online free"" only where natural."
P3,https://anyconverter.io/compare-pdf/,compare-pdf\index.html,en,pdf,0,4,72.75,Compare Two PDFs Side by Side Online Free | AnyConverter,Compare Two PDFs Side by Side,286,compare two pdfs,compare two pdfs online; compare two pdfs free; compare two pdfs browser-based,"Top PDF SERPs lead with the exact task, privacy/free/browser language, clear upload controls, adjacent PDF actions, and short step-by-step copy.","Adobe Acrobat, iLovePDF, Smallpdf, PDF24, Sejda, PDF2Go, PDFChef, FreeConvert, PDFgear",https://www.adobe.com/acrobat/online.html | https://www.ilovepdf.com/ | https://smallpdf.com/pdf-tools | https://tools.pdf24.org/en/ | https://www.sejda.com/ | https://www.pdf2go.com/ | https://www.freeconvert.com/pdf-tools,"Create a concise SEO block with examples, use cases, limitations, FAQs, and related-tool links. Keep the tool UI unchanged, but align title/H1/meta copy with the primary keyword. Current visible content is thin for a competitive pdf query. GSC already shows impressions, so prioritize CTR testing and request indexing after deployment. Add variants such as ""compare two pdfs online"" and ""compare two pdfs free"" only where natural."
P3,https://anyconverter.io/da/microphone-tester/,da\microphone-tester\index.html,da,device,0,4,46.25,Mikrofon Test Online Gratis | AnyConverter,Mikrofon Test,196,Mikrofon Test,Mikrofon Test online; Mikrofon Test; Mikrofon Test tjekker,"Device/test SERPs rank tools that run checks instantly, explain permissions/privacy, show clear pass/fail states, and include troubleshooting guidance.","OnlineMicTest, WebcamMicTest, Loom, EIZO, DeadPixelTest.org, WhatIsMyViewport, mdigi, Typing.com, TypingTest.com, LiveChat",https://www.onlinemictest.com/ | https://webcammictest.com/ | https://www.loom.com/webcam-test | https://www.eizo.be/monitor-test/ | https://deadpixeltest.org/ | https://whatismyviewport.com/ | https://typing.com/student/typing-test | https://www.typingtest.com/ | https://www.livechat.com/typing-speed-test/,"Create a localized SEO block with examples, common use cases, limitations, and links to related tools. Keep the tool UI unchanged, but align title/H1/meta copy with the primary keyword. Current visible content is thin for a competitive device query. GSC already shows impressions, so prioritize CTR testing and request indexing after deployment. Add variants such as ""Mikrofon Test online"" and ""Mikrofon Test"" only where natural."
P3,https://anyconverter.io/da/webcam-tester/,da\webcam-tester\index.html,da,device,0,4,52.5,Webkameratest Online Gratis | AnyConverter,Webkameratest,190,Webkameratest,Webkameratest online; Webkameratest; Webkameratest tjekker,"Device/test SERPs rank tools that run checks instantly, explain permissions/privacy, show clear pass/fail states, and include troubleshooting guidance.","OnlineMicTest, WebcamMicTest, Loom, EIZO, DeadPixelTest.org, WhatIsMyViewport, mdigi, Typing.com, TypingTest.com, LiveChat",https://www.onlinemictest.com/ | https://webcammictest.com/ | https://www.loom.com/webcam-test | https://www.eizo.be/monitor-test/ | https://deadpixeltest.org/ | https://whatismyviewport.com/ | https://typing.com/student/typing-test | https://www.typingtest.com/ | https://www.livechat.com/typing-speed-test/,"Create a localized SEO block with examples, common use cases, limitations, and links to related tools. Keep the tool UI unchanged, but align title/H1/meta copy with the primary keyword. Current visible content is thin for a competitive device query. GSC already shows impressions, so prioritize CTR testing and request indexing after deployment. Add variants such as ""Webkameratest online"" and ""Webkameratest"" only where natural."
P3,https://anyconverter.io/es/jwt-decoder/,es\jwt-decoder\index.html,es,dev,0,4,51.5,Decodificador JWT Online Gratis | AnyConverter,Decodificador JWT,524,token decoder,token decoder online; token decoder validador; token decoder formateador,"Developer-tool SERPs favor exact utility names, example input/output, validation/error states, copy/download buttons, and ""formatter/validator/converter/parser"" modifiers.","JSONFormatter.org, CodeBeautify, JSONLint, regex101, RegExr, Base64Decode.org, emn178, KeyCDN, MD5file",https://jsonformatter.org/ | https://codebeautify.org/ | https://jsonlint.com/ | https://regex101.com/ | https://regexr.com/ | https://www.base64decode.org/ | https://emn178.github.io/online-tools/ | https://tools.keycdn.com/,"Create a localized SEO block with intent-specific examples, common use cases, limitations, and links to closely related tools. Keep the tool UI unchanged, but align title/H1/meta copy with the primary keyword. Current visible content is thin for a competitive dev query. GSC already shows impressions, so prioritize CTR testing and request indexing after deployment. Add variants such as ""token decoder online"" and ""token decoder validador"" only where natural."
P3,https://anyconverter.io/todo-list/,todo-list\index.html,en,productivity,0,4,54.5,To-do List Online Free | AnyConverter,To-do List Online,254,To-do List,To-do List online; To-do List free; To-do List planner,"Productivity SERPs emphasize immediate use, saved state, focus/timer workflows, templates, reminders, and low-friction task capture.","Pomofocus, PomodoroTimer.online, TomatoTimers, vClock, Online Stopwatch, Habi, HabitBox, Structured, Canva, Any.do, Microsoft To Do, Todoist",https://pomofocus.io/ | https://www.pomodorotimer.online/ | https://www.tomatotimers.com/ | https://vclock.com/timer/ | https://vclock.com/stopwatch/ | https://www.online-stopwatch.com/ | https://habi.app/ | https://habitbox.app/ | https://structured.app/daily-planner | https://www.canva.com/planners/templates/daily/ | https://todoist.com/ | https://to-do.office.com/tasks/,"Create a concise SEO block with examples, use cases, limitations, FAQs, and related-tool links. Keep the tool UI unchanged, but align title/H1/meta copy with the primary keyword. Current visible content is thin for a competitive productivity query. GSC already shows impressions, so prioritize CTR testing and request indexing after deployment. Add variants such as ""To-do List online"" and ""To-do List free"" only where natural."
P3,https://anyconverter.io/coin-flip/,coin-flip\index.html,en,random,0,3,115.33,Coin Flip Online Free — Heads or Tails | AnyConverter,Coin Flip Online,234,Coin Flip,Coin Flip online; Coin Flip random picker; Coin Flip fair results,"Randomizer SERPs favor playful but instant tools with probability/fairness notes, shareable results, list import/export, and task-specific variants.","Random.org, Calculator.net, Picker Wheel, Wheel of Names, Roll a Die, FlipSimu, AppSorteos, DnD Dice Roller",https://www.random.org/ | https://www.calculator.net/random-number-generator.html | https://pickerwheel.com/ | https://wheelofnames.com/ | https://rolladie.net/ | https://flipsimu.com/ | https://app-sorteos.com/en,"Create a concise SEO block with examples, use cases, limitations, FAQs, and related-tool links. Keep the tool UI unchanged, but align title/H1/meta copy with the primary keyword. Current visible content is thin for a competitive random query. GSC already shows impressions, so prioritize CTR testing and request indexing after deployment. Add variants such as ""Coin Flip online"" and ""Coin Flip random picker"" only where natural."
P3,https://anyconverter.io/da/stopwatch/,da\stopwatch\index.html,da,productivity,0,3,74,Stopur Online Gratis | AnyConverter,Stopur Online,223,Stopur Online,Stopur Online; Stopur Online gratis; Stopur Online planlaegger,"Productivity SERPs emphasize immediate use, saved state, focus/timer workflows, templates, reminders, and low-friction task capture.","Pomofocus, PomodoroTimer.online, TomatoTimers, vClock, Online Stopwatch, Habi, HabitBox, Structured, Canva, Any.do, Microsoft To Do, Todoist",https://pomofocus.io/ | https://www.pomodorotimer.online/ | https://www.tomatotimers.com/ | https://vclock.com/timer/ | https://vclock.com/stopwatch/ | https://www.online-stopwatch.com/ | https://habi.app/ | https://habitbox.app/ | https://structured.app/daily-planner | https://www.canva.com/planners/templates/daily/ | https://todoist.com/ | https://to-do.office.com/tasks/,"Create a localized SEO block with examples, common use cases, limitations, and links to related tools. Keep the tool UI unchanged, but align title/H1/meta copy with the primary keyword. Current visible content is thin for a competitive productivity query. GSC already shows impressions, so prioritize CTR testing and request indexing after deployment. Add variants such as ""Stopur Online"" and ""Stopur Online gratis"" only where natural."
P3,https://anyconverter.io/es/ascii-art-generator/,es\ascii-art-generator\index.html,es,text,0,3,73,Generador de Arte ASCII Online Gratis | AnyConverter,Generador de Arte ASCII,426,Generador de Arte ASCII,Generador de Arte ASCII online; Generador de Arte ASCII gratis; Generador de Arte ASCII,"Text-tool SERPs rank pages that show the input box immediately, explain accepted formats, include examples, and use ""counter/converter/generator/checker"" intent words.","WordCounter.net, CharacterCountTool, Grammarly, WordCounter.io, ConvertCase, TitleCaseConverter, Diffchecker, Text-Compare",https://wordcounter.net/ | https://charactercounttool.com/ | https://www.grammarly.com/character-counter | https://convertcase.net/ | https://titlecaseconverter.com/ | https://www.diffchecker.com/text-compare/ | https://www.text-compare.com/,"Create a localized SEO block with intent-specific examples, common use cases, limitations, and links to closely related tools. Keep the tool UI unchanged, but align title/H1/meta copy with the primary keyword. Current visible content is thin for a competitive text query. GSC already shows impressions, so prioritize CTR testing and request indexing after deployment. Add variants such as ""Generador de Arte ASCII online"" and ""Generador de Arte ASCII gratis"" only where natural."
P3,https://anyconverter.io/es/css-gradient-generator/,es\css-gradient-generator\index.html,es,dev,0,3,94,Generador de Gradientes CSS Online Gratis | AnyConverter,Generador de Gradientes CSS,388,Generador de Gradientes CSS,Generador de Gradientes CSS online; Generador de Gradientes CSS validador; Generador de Gradientes CSS formateador,"Developer-tool SERPs favor exact utility names, example input/output, validation/error states, copy/download buttons, and ""formatter/validator/converter/parser"" modifiers.","JSONFormatter.org, CodeBeautify, JSONLint, regex101, RegExr, Base64Decode.org, emn178, KeyCDN, MD5file",https://jsonformatter.org/ | https://codebeautify.org/ | https://jsonlint.com/ | https://regex101.com/ | https://regexr.com/ | https://www.base64decode.org/ | https://emn178.github.io/online-tools/ | https://tools.keycdn.com/,"Create a localized SEO block with intent-specific examples, common use cases, limitations, and links to closely related tools. Keep the tool UI unchanged, but align title/H1/meta copy with the primary keyword. Current visible content is thin for a competitive dev query. GSC already shows impressions, so prioritize CTR testing and request indexing after deployment. Add variants such as ""Generador de Gradientes CSS online"" and ""Generador de Gradientes CSS validador"" only where natural."
P3,https://anyconverter.io/es/privacy-policy-generator/,es\privacy-policy-generator\index.html,es,business,0,3,87.67,Generador de Política de Privacidad Online Gratis | AnyConverter,Generador de Política de Privacidad,422,generador de politica de privacidad,plantilla politica privacidad; RGPD; politica de privacidad web,"Business-generator SERPs emphasize fast form completion, template quality, compliance/trust notes, export formats, and practical examples for common business types.","Zoho, Canva, Invoice Simple, Shopify, Termly, PrivacyPolicies.com, iubenda",https://www.zoho.com/us/invoice/free-invoice-generator.html | https://www.canva.com/invoice/ | https://www.shopify.com/tools/policy-generator | https://termly.io/products/privacy-policy-generator/ | https://www.privacypolicies.com/privacy-policy-generator/ | https://www.iubenda.com/en/blog/shopify-privacy-policy-generator-why-you-should-use-one/,"Create a localized SEO block with intent-specific examples, common use cases, limitations, and links to closely related tools. Keep the tool UI unchanged, but align title/H1/meta copy with the primary keyword. Current visible content is thin for a competitive business query. GSC already shows impressions, so prioritize CTR testing and request indexing after deployment. Add variants such as ""generador de politica de privacidad online"" and ""generador de politica de privacidad plantilla"" only where natural."
P3,https://anyconverter.io/loan-calculator/,loan-calculator\index.html,en,calculator,0,3,50.33,Loan &amp; EMI Calculator Online Free | AnyConverter,Loan &amp; EMI Calculator,459,Loan & EMI Calculator,Loan & EMI Calculator online; Loan & EMI Calculator formula; Loan & EMI Calculator example,"Calculator SERPs reward pages with visible formulas, worked examples, definitions, country/unit variations, and trustworthy explanations around the calculator.","Calculator.net, Omni Calculator, Mayo Clinic, CDC/NHLBI, Bankrate, Investor.gov, Wise, Zoho, Moneysmart, Nordea",https://www.calculator.net/ | https://www.omnicalculator.com/ | https://www.mayoclinic.org/healthy-lifestyle/weight-loss/in-depth/calorie-calculator/itt-20402304 | https://www.cdc.gov/bmi/adult-calculator/index.html | https://www.investor.gov/financial-tools-calculators/calculators/compound-interest-calculator | https://www.bankrate.com/calculators.aspx | https://wise.com/us/currency-converter/ | https://www.zoho.com/books/gst-calculator/ | https://moneysmart.gov.au/budgeting/compound-interest-calculator,"Create a concise SEO block with examples, use cases, limitations, FAQs, and related-tool links. Keep the tool UI unchanged, but align title/H1/meta copy with the primary keyword. Current visible content is thin for a competitive calculator query. GSC already shows impressions, so prioritize CTR testing and request indexing after deployment. Add variants such as ""Loan & EMI Calculator online"" and ""Loan & EMI Calculator formula"" only where natural."
P3,https://anyconverter.io/morse-code-converter/,morse-code-converter\index.html,en,dev,0,3,49,Morse Code Converter Online Free | AnyConverter,Morse Code Converter,376,Morse Code Converter,Morse Code Converter online; Morse Code Converter validator; Morse Code Converter formatter,"Developer-tool SERPs favor exact utility names, example input/output, validation/error states, copy/download buttons, and ""formatter/validator/converter/parser"" modifiers.","JSONFormatter.org, CodeBeautify, JSONLint, regex101, RegExr, Base64Decode.org, emn178, KeyCDN, MD5file",https://jsonformatter.org/ | https://codebeautify.org/ | https://jsonlint.com/ | https://regex101.com/ | https://regexr.com/ | https://www.base64decode.org/ | https://emn178.github.io/online-tools/ | https://tools.keycdn.com/,"Create a concise SEO block with examples, use cases, limitations, FAQs, and related-tool links. Keep the tool UI unchanged, but align title/H1/meta copy with the primary keyword. Current visible content is thin for a competitive dev query. GSC already shows impressions, so prioritize CTR testing and request indexing after deployment. Add variants such as ""Morse Code Converter online"" and ""Morse Code Converter validator"" only where natural."
P3,https://anyconverter.io/scan-to-pdf/,scan-to-pdf\index.html,en,pdf,0,3,72.67,Scan to PDF — Images to PDF Online Free | AnyConverter,Scan to PDF,293,pdf combine,pdf combine online; pdf combine free; pdf combine browser-based,"Top PDF SERPs lead with the exact task, privacy/free/browser language, clear upload controls, adjacent PDF actions, and short step-by-step copy.","Adobe Acrobat, iLovePDF, Smallpdf, PDF24, Sejda, PDF2Go, PDFChef, FreeConvert, PDFgear",https://www.adobe.com/acrobat/online.html | https://www.ilovepdf.com/ | https://smallpdf.com/pdf-tools | https://tools.pdf24.org/en/ | https://www.sejda.com/ | https://www.pdf2go.com/ | https://www.freeconvert.com/pdf-tools,"Create a concise SEO block with examples, use cases, limitations, FAQs, and related-tool links. Keep the tool UI unchanged, but align title/H1/meta copy with the primary keyword. Current visible content is thin for a competitive pdf query. GSC already shows impressions, so prioritize CTR testing and request indexing after deployment. Add variants such as ""pdf combine online"" and ""pdf combine free"" only where natural."
P3,https://anyconverter.io/typing-speed-test/,typing-speed-test\index.html,en,device,0,3,91.67,Typing Speed Test Online Free | AnyConverter,Typing Speed Test,483,speed test Online,speed test Online; speed test Online checker,"Device/test SERPs rank tools that run checks instantly, explain permissions/privacy, show clear pass/fail states, and include troubleshooting guidance.","OnlineMicTest, WebcamMicTest, Loom, EIZO, DeadPixelTest.org, WhatIsMyViewport, mdigi, Typing.com, TypingTest.com, LiveChat",https://www.onlinemictest.com/ | https://webcammictest.com/ | https://www.loom.com/webcam-test | https://www.eizo.be/monitor-test/ | https://deadpixeltest.org/ | https://whatismyviewport.com/ | https://typing.com/student/typing-test | https://www.typingtest.com/ | https://www.livechat.com/typing-speed-test/,"Create a concise SEO block with examples, use cases, limitations, FAQs, and related-tool links. Keep the tool UI unchanged, but align title/H1/meta copy with the primary keyword. Current visible content is thin for a competitive device query. GSC already shows impressions, so prioritize CTR testing and request indexing after deployment. Add variants such as ""speed test Online"" and ""speed test Online checker"" only where natural."
P3,https://anyconverter.io/es/text-case-converter/,es\text-case-converter\index.html,es,text,0,2,46.5,Conversor de Mayúsculas y Minúsculas Online Gratis | AnyConverter,Conversor de Mayúsculas y Minúsculas,517,Conversor de Mayúsculas y Minúsculas,Conversor de Mayúsculas y Minúsculas online; Conversor de Mayúsculas y Minúsculas gratis; Conversor de Mayúsculas y Minúsculas generador,"Text-tool SERPs rank pages that show the input box immediately, explain accepted formats, include examples, and use ""counter/converter/generator/checker"" intent words.","WordCounter.net, CharacterCountTool, Grammarly, WordCounter.io, ConvertCase, TitleCaseConverter, Diffchecker, Text-Compare",https://wordcounter.net/ | https://charactercounttool.com/ | https://www.grammarly.com/character-counter | https://convertcase.net/ | https://titlecaseconverter.com/ | https://www.diffchecker.com/text-compare/ | https://www.text-compare.com/,"Create a localized SEO block with intent-specific examples, common use cases, limitations, and links to closely related tools. Keep the tool UI unchanged, but align title/H1/meta copy with the primary keyword. Current visible content is thin for a competitive text query. GSC already shows impressions, so prioritize CTR testing and request indexing after deployment. Add variants such as ""Conversor de Mayúsculas y Minúsculas online"" and ""Conversor de Mayúsculas y Minúsculas gratis"" only where natural."
P3,https://anyconverter.io/pdf-security/,pdf-security\index.html,en,pdf,0,2,90,PDF Security — Set Permissions Online Free | AnyConverter,PDF Security — Set Permissions,266,PDF Security,PDF Security online; PDF Security free; PDF Security browser-based,"Top PDF SERPs lead with the exact task, privacy/free/browser language, clear upload controls, adjacent PDF actions, and short step-by-step copy.","Adobe Acrobat, iLovePDF, Smallpdf, PDF24, Sejda, PDF2Go, PDFChef, FreeConvert, PDFgear",https://www.adobe.com/acrobat/online.html | https://www.ilovepdf.com/ | https://smallpdf.com/pdf-tools | https://tools.pdf24.org/en/ | https://www.sejda.com/ | https://www.pdf2go.com/ | https://www.freeconvert.com/pdf-tools,"Create a concise SEO block with examples, use cases, limitations, FAQs, and related-tool links. Keep the tool UI unchanged, but align title/H1/meta copy with the primary keyword. Current visible content is thin for a competitive pdf query. GSC already shows impressions, so prioritize CTR testing and request indexing after deployment. Add variants such as ""PDF Security online"" and ""PDF Security free"" only where natural."
P3,https://anyconverter.io/text-case-converter/,text-case-converter\index.html,en,text,0,2,81.5,Text Case Converter Online Free | AnyConverter,Text Case Converter,469,Text Case Converter,Text Case Converter online; Text Case Converter free; Text Case Converter generator,"Text-tool SERPs rank pages that show the input box immediately, explain accepted formats, include examples, and use ""counter/converter/generator/checker"" intent words.","WordCounter.net, CharacterCountTool, Grammarly, WordCounter.io, ConvertCase, TitleCaseConverter, Diffchecker, Text-Compare",https://wordcounter.net/ | https://charactercounttool.com/ | https://www.grammarly.com/character-counter | https://convertcase.net/ | https://titlecaseconverter.com/ | https://www.diffchecker.com/text-compare/ | https://www.text-compare.com/,"Create a concise SEO block with examples, use cases, limitations, FAQs, and related-tool links. Keep the tool UI unchanged, but align title/H1/meta copy with the primary keyword. Current visible content is thin for a competitive text query. GSC already shows impressions, so prioritize CTR testing and request indexing after deployment. Add variants such as ""Text Case Converter online"" and ""Text Case Converter free"" only where natural."
P3,https://anyconverter.io/compound-interest-calculator/,compound-interest-calculator\index.html,en,calculator,0,1,93,Compound Interest Calculator Online Free | AnyConverter,Compound Interest Calculator,553,Compound Interest Calculator,Compound Interest Calculator online; Compound Interest Calculator formula; Compound Interest Calculator example,"Calculator SERPs reward pages with visible formulas, worked examples, definitions, country/unit variations, and trustworthy explanations around the calculator.","Calculator.net, Omni Calculator, Mayo Clinic, CDC/NHLBI, Bankrate, Investor.gov, Wise, Zoho, Moneysmart, Nordea",https://www.calculator.net/ | https://www.omnicalculator.com/ | https://www.mayoclinic.org/healthy-lifestyle/weight-loss/in-depth/calorie-calculator/itt-20402304 | https://www.cdc.gov/bmi/adult-calculator/index.html | https://www.investor.gov/financial-tools-calculators/calculators/compound-interest-calculator | https://www.bankrate.com/calculators.aspx | https://wise.com/us/currency-converter/ | https://www.zoho.com/books/gst-calculator/ | https://moneysmart.gov.au/budgeting/compound-interest-calculator,"Create a concise SEO block with examples, use cases, limitations, FAQs, and related-tool links. Keep the tool UI unchanged, but align title/H1/meta copy with the primary keyword. Current visible content is thin for a competitive calculator query. GSC already shows impressions, so prioritize CTR testing and request indexing after deployment. Add variants such as ""Compound Interest Calculator online"" and ""Compound Interest Calculator formula"" only where natural."
P3,https://anyconverter.io/css-shadow-generator/,css-shadow-generator\index.html,en,dev,0,1,43,CSS Shadow Generator Online Free | AnyConverter,CSS Shadow Generator,347,css shadow generator,css shadow generator online; css shadow generator validator; css shadow generator formatter,"Developer-tool SERPs favor exact utility names, example input/output, validation/error states, copy/download buttons, and ""formatter/validator/converter/parser"" modifiers.","JSONFormatter.org, CodeBeautify, JSONLint, regex101, RegExr, Base64Decode.org, emn178, KeyCDN, MD5file",https://jsonformatter.org/ | https://codebeautify.org/ | https://jsonlint.com/ | https://regex101.com/ | https://regexr.com/ | https://www.base64decode.org/ | https://emn178.github.io/online-tools/ | https://tools.keycdn.com/,"Create a concise SEO block with examples, use cases, limitations, FAQs, and related-tool links. Keep the tool UI unchanged, but align title/H1/meta copy with the primary keyword. Current visible content is thin for a competitive dev query. GSC already shows impressions, so prioritize CTR testing and request indexing after deployment. Add variants such as ""css shadow generator online"" and ""css shadow generator validator"" only where natural."
P3,https://anyconverter.io/da/blood-type-compatibility/,da\blood-type-compatibility\index.html,da,calculator,0,1,50,Blodtypekompatibilitetstjekker Online Gratis | AnyConverter,Blodtypekompatibilitetstjekker,316,blood type compatibility,blood type compatibility online; blood type compatibility formel; blood type compatibility eksempel,"Calculator SERPs reward pages with visible formulas, worked examples, definitions, country/unit variations, and trustworthy explanations around the calculator.","Calculator.net, Omni Calculator, Mayo Clinic, CDC/NHLBI, Bankrate, Investor.gov, Wise, Zoho, Moneysmart, Nordea",https://www.calculator.net/ | https://www.omnicalculator.com/ | https://www.mayoclinic.org/healthy-lifestyle/weight-loss/in-depth/calorie-calculator/itt-20402304 | https://www.cdc.gov/bmi/adult-calculator/index.html | https://www.investor.gov/financial-tools-calculators/calculators/compound-interest-calculator | https://www.bankrate.com/calculators.aspx | https://wise.com/us/currency-converter/ | https://www.zoho.com/books/gst-calculator/ | https://moneysmart.gov.au/budgeting/compound-interest-calculator,"Create a localized SEO block with examples, common use cases, limitations, and links to related tools. Keep the tool UI unchanged, but align title/H1/meta copy with the primary keyword. Current visible content is thin for a competitive calculator query. GSC already shows impressions, so prioritize CTR testing and request indexing after deployment. Add variants such as ""blood type compatibility online"" and ""blood type compatibility formel"" only where natural."
P3,https://anyconverter.io/da/cron-expression-parser/,da\cron-expression-parser\index.html,da,dev,0,1,65,Cron Udtryks Parser Online Gratis | AnyConverter,Cron Udtryks Parser,305,Cron Udtryks Parser,Cron Udtryks Parser online; Cron Udtryks Parser validator; Cron Udtryks Parser formatter,"Developer-tool SERPs favor exact utility names, example input/output, validation/error states, copy/download buttons, and ""formatter/validator/converter/parser"" modifiers.","JSONFormatter.org, CodeBeautify, JSONLint, regex101, RegExr, Base64Decode.org, emn178, KeyCDN, MD5file",https://jsonformatter.org/ | https://codebeautify.org/ | https://jsonlint.com/ | https://regex101.com/ | https://regexr.com/ | https://www.base64decode.org/ | https://emn178.github.io/online-tools/ | https://tools.keycdn.com/,"Create a localized SEO block with examples, common use cases, limitations, and links to related tools. Keep the tool UI unchanged, but align title/H1/meta copy with the primary keyword. Current visible content is thin for a competitive dev query. GSC already shows impressions, so prioritize CTR testing and request indexing after deployment. Add variants such as ""Cron Udtryks Parser online"" and ""Cron Udtryks Parser validator"" only where natural."
P3,https://anyconverter.io/da/image-compressor/,da\image-compressor\index.html,da,image,0,1,76,Billedkomprimering Online Gratis | AnyConverter,Billedkomprimering,418,Billedkomprimering,Billedkomprimering online; Billedkomprimering gratis; Billedkomprimering konverter,"Image/QR SERPs favor exact task pages with compression/conversion settings, supported formats, file-size expectations, and device-friendly download/share actions.","TinyPNG, ImageCompressor.com, iLoveIMG, FreeConvert, Img2Go, toWebP.io, CloudConvert, Picflow, QR Code Generator",https://tinypng.com/ | https://imagecompressor.com/ | https://www.iloveimg.com/ | https://www.freeconvert.com/image-converter | https://www.img2go.com/ | https://towebp.io/ | https://cloudconvert.com/ | https://www.qr-code-generator.com/,"Create a localized SEO block with examples, common use cases, limitations, and links to related tools. Keep the tool UI unchanged, but align title/H1/meta copy with the primary keyword. Current visible content is thin for a competitive image query. GSC already shows impressions, so prioritize CTR testing and request indexing after deployment. Add variants such as ""Billedkomprimering online"" and ""Billedkomprimering gratis"" only where natural."
P3,https://anyconverter.io/da/percentage-calculator/,da\percentage-calculator\index.html,da,calculator,0,1,67,Procentberegner Online Gratis | AnyConverter,Procentberegner,436,Procentberegner,Procentberegner online; Procentberegner formel; Procentberegner eksempel,"Calculator SERPs reward pages with visible formulas, worked examples, definitions, country/unit variations, and trustworthy explanations around the calculator.","Calculator.net, Omni Calculator, Mayo Clinic, CDC/NHLBI, Bankrate, Investor.gov, Wise, Zoho, Moneysmart, Nordea",https://www.calculator.net/ | https://www.omnicalculator.com/ | https://www.mayoclinic.org/healthy-lifestyle/weight-loss/in-depth/calorie-calculator/itt-20402304 | https://www.cdc.gov/bmi/adult-calculator/index.html | https://www.investor.gov/financial-tools-calculators/calculators/compound-interest-calculator | https://www.bankrate.com/calculators.aspx | https://wise.com/us/currency-converter/ | https://www.zoho.com/books/gst-calculator/ | https://moneysmart.gov.au/budgeting/compound-interest-calculator,"Create a localized SEO block with examples, common use cases, limitations, and links to related tools. Keep the tool UI unchanged, but align title/H1/meta copy with the primary keyword. Current visible content is thin for a competitive calculator query. GSC already shows impressions, so prioritize CTR testing and request indexing after deployment. Add variants such as ""Procentberegner online"" and ""Procentberegner formel"" only where natural."
P3,https://anyconverter.io/da/sticky-notes/,da\sticky-notes\index.html,da,productivity,0,1,56,Sticky Notes Online Gratis | AnyConverter,Sticky Notes Online,238,free online sticky notes,free online sticky notes; free online sticky notes gratis; free online sticky notes planlaegger,"Productivity SERPs emphasize immediate use, saved state, focus/timer workflows, templates, reminders, and low-friction task capture.","Pomofocus, PomodoroTimer.online, TomatoTimers, vClock, Online Stopwatch, Habi, HabitBox, Structured, Canva, Any.do, Microsoft To Do, Todoist",https://pomofocus.io/ | https://www.pomodorotimer.online/ | https://www.tomatotimers.com/ | https://vclock.com/timer/ | https://vclock.com/stopwatch/ | https://www.online-stopwatch.com/ | https://habi.app/ | https://habitbox.app/ | https://structured.app/daily-planner | https://www.canva.com/planners/templates/daily/ | https://todoist.com/ | https://to-do.office.com/tasks/,"Create a localized SEO block with examples, common use cases, limitations, and links to related tools. Keep the tool UI unchanged, but align title/H1/meta copy with the primary keyword. Current visible content is thin for a competitive productivity query. GSC already shows impressions, so prioritize CTR testing and request indexing after deployment. Add variants such as ""free online sticky notes"" and ""free online sticky notes gratis"" only where natural."
P3,https://anyconverter.io/es/crop-pdf/,es\crop-pdf\index.html,es,pdf,0,1,84,Recortar Páginas PDF Online Gratis | AnyConverter,Recortar Páginas de PDF,283,Recortar Páginas PDF,Recortar Páginas PDF online; Recortar Páginas PDF gratis; Recortar Páginas PDF en el navegador,"Top PDF SERPs lead with the exact task, privacy/free/browser language, clear upload controls, adjacent PDF actions, and short step-by-step copy.","Adobe Acrobat, iLovePDF, Smallpdf, PDF24, Sejda, PDF2Go, PDFChef, FreeConvert, PDFgear",https://www.adobe.com/acrobat/online.html | https://www.ilovepdf.com/ | https://smallpdf.com/pdf-tools | https://tools.pdf24.org/en/ | https://www.sejda.com/ | https://www.pdf2go.com/ | https://www.freeconvert.com/pdf-tools,"Create a localized SEO block with intent-specific examples, common use cases, limitations, and links to closely related tools. Keep the tool UI unchanged, but align title/H1/meta copy with the primary keyword. Current visible content is thin for a competitive pdf query. GSC already shows impressions, so prioritize CTR testing and request indexing after deployment. Add variants such as ""Recortar Páginas PDF online"" and ""Recortar Páginas PDF gratis"" only where natural."
P3,https://anyconverter.io/es/csv-query/,es\csv-query\index.html,es,dev,0,1,67,Herramienta de Consulta CSV — Ejecuta SQL en | AnyConverter,Herramienta de Consulta CSV — Ejecuta SQL en Archivos CSV,600,csv to sql,csv to sql online; csv to sql validador; csv to sql formateador,"Developer-tool SERPs favor exact utility names, example input/output, validation/error states, copy/download buttons, and ""formatter/validator/converter/parser"" modifiers.","JSONFormatter.org, CodeBeautify, JSONLint, regex101, RegExr, Base64Decode.org, emn178, KeyCDN, MD5file",https://jsonformatter.org/ | https://codebeautify.org/ | https://jsonlint.com/ | https://regex101.com/ | https://regexr.com/ | https://www.base64decode.org/ | https://emn178.github.io/online-tools/ | https://tools.keycdn.com/,"Create a localized SEO block with intent-specific examples, common use cases, limitations, and links to closely related tools. Keep the tool UI unchanged, but align title/H1/meta copy with the primary keyword. Current visible content is thin for a competitive dev query. GSC already shows impressions, so prioritize CTR testing and request indexing after deployment. Add variants such as ""csv to sql online"" and ""csv to sql validador"" only where natural."
P3,https://anyconverter.io/es/ip-address-lookup/,es\ip-address-lookup\index.html,es,device,0,1,89,Búsqueda de Dirección IP Online Gratis | AnyConverter,Búsqueda de Dirección IP,376,ip address lookup,ip address lookup online; ip address lookup prueba; ip address lookup verificador,"Device/test SERPs rank tools that run checks instantly, explain permissions/privacy, show clear pass/fail states, and include troubleshooting guidance.","OnlineMicTest, WebcamMicTest, Loom, EIZO, DeadPixelTest.org, WhatIsMyViewport, mdigi, Typing.com, TypingTest.com, LiveChat",https://www.onlinemictest.com/ | https://webcammictest.com/ | https://www.loom.com/webcam-test | https://www.eizo.be/monitor-test/ | https://deadpixeltest.org/ | https://whatismyviewport.com/ | https://typing.com/student/typing-test | https://www.typingtest.com/ | https://www.livechat.com/typing-speed-test/,"Create a localized SEO block with intent-specific examples, common use cases, limitations, and links to closely related tools. Keep the tool UI unchanged, but align title/H1/meta copy with the primary keyword. Current visible content is thin for a competitive device query. GSC already shows impressions, so prioritize CTR testing and request indexing after deployment. Add variants such as ""ip address lookup online"" and ""ip address lookup prueba"" only where natural."
P3,https://anyconverter.io/es/json-to-yaml/,es\json-to-yaml\index.html,es,dev,0,1,49,Convertidor JSON a YAML Online Gratis | AnyConverter,Convertidor JSON ↔ YAML,378,Convertidor JSON a YAML,Convertidor JSON a YAML online; Convertidor JSON a YAML validador; Convertidor JSON a YAML formateador,"Developer-tool SERPs favor exact utility names, example input/output, validation/error states, copy/download buttons, and ""formatter/validator/converter/parser"" modifiers.","JSONFormatter.org, CodeBeautify, JSONLint, regex101, RegExr, Base64Decode.org, emn178, KeyCDN, MD5file",https://jsonformatter.org/ | https://codebeautify.org/ | https://jsonlint.com/ | https://regex101.com/ | https://regexr.com/ | https://www.base64decode.org/ | https://emn178.github.io/online-tools/ | https://tools.keycdn.com/,"Create a localized SEO block with intent-specific examples, common use cases, limitations, and links to closely related tools. Keep the tool UI unchanged, but align title/H1/meta copy with the primary keyword. Current visible content is thin for a competitive dev query. GSC already shows impressions, so prioritize CTR testing and request indexing after deployment. Add variants such as ""Convertidor JSON a YAML online"" and ""Convertidor JSON a YAML validador"" only where natural."
P3,https://anyconverter.io/es/organize-pdf/,es\organize-pdf\index.html,es,pdf,0,1,91,Organizar Páginas de PDF Online Gratis | AnyConverter,Organizar Páginas de PDF,268,Organizar Páginas de PDF,Organizar Páginas de PDF online; Organizar Páginas de PDF gratis; Organizar Páginas de PDF en el navegador,"Top PDF SERPs lead with the exact task, privacy/free/browser language, clear upload controls, adjacent PDF actions, and short step-by-step copy.","Adobe Acrobat, iLovePDF, Smallpdf, PDF24, Sejda, PDF2Go, PDFChef, FreeConvert, PDFgear",https://www.adobe.com/acrobat/online.html | https://www.ilovepdf.com/ | https://smallpdf.com/pdf-tools | https://tools.pdf24.org/en/ | https://www.sejda.com/ | https://www.pdf2go.com/ | https://www.freeconvert.com/pdf-tools,"Create a localized SEO block with intent-specific examples, common use cases, limitations, and links to closely related tools. Keep the tool UI unchanged, but align title/H1/meta copy with the primary keyword. Current visible content is thin for a competitive pdf query. GSC already shows impressions, so prioritize CTR testing and request indexing after deployment. Add variants such as ""Organizar Páginas de PDF online"" and ""Organizar Páginas de PDF gratis"" only where natural."
P3,https://anyconverter.io/es/protect-pdf/,es\protect-pdf\index.html,es,pdf,0,1,67,Proteger PDF con Contraseña Online Gratis | AnyConverter,Proteger PDF con Contraseña,236,Proteger PDF con Contraseña,Proteger PDF con Contraseña online; Proteger PDF con Contraseña gratis; Proteger PDF con Contraseña en el navegador,"Top PDF SERPs lead with the exact task, privacy/free/browser language, clear upload controls, adjacent PDF actions, and short step-by-step copy.","Adobe Acrobat, iLovePDF, Smallpdf, PDF24, Sejda, PDF2Go, PDFChef, FreeConvert, PDFgear",https://www.adobe.com/acrobat/online.html | https://www.ilovepdf.com/ | https://smallpdf.com/pdf-tools | https://tools.pdf24.org/en/ | https://www.sejda.com/ | https://www.pdf2go.com/ | https://www.freeconvert.com/pdf-tools,"Create a localized SEO block with intent-specific examples, common use cases, limitations, and links to closely related tools. Keep the tool UI unchanged, but align title/H1/meta copy with the primary keyword. Current visible content is thin for a competitive pdf query. GSC already shows impressions, so prioritize CTR testing and request indexing after deployment. Add variants such as ""Proteger PDF con Contraseña online"" and ""Proteger PDF con Contraseña gratis"" only where natural."
P3,https://anyconverter.io/es/regex-tester/,es\regex-tester\index.html,es,dev,0,1,52,Probador de Expresiones Regulares Online Gratis | AnyConverter,Probador de Expresiones Regulares,317,regex tester,regular expression tester; regex validator; test regex online,"Developer-tool SERPs favor exact utility names, example input/output, validation/error states, copy/download buttons, and ""formatter/validator/converter/parser"" modifiers.","JSONFormatter.org, CodeBeautify, JSONLint, regex101, RegExr, Base64Decode.org, emn178, KeyCDN, MD5file",https://jsonformatter.org/ | https://codebeautify.org/ | https://jsonlint.com/ | https://regex101.com/ | https://regexr.com/ | https://www.base64decode.org/ | https://emn178.github.io/online-tools/ | https://tools.keycdn.com/,"Create a localized SEO block with intent-specific examples, common use cases, limitations, and links to closely related tools. Keep the tool UI unchanged, but align title/H1/meta copy with the primary keyword. Current visible content is thin for a competitive dev query. GSC already shows impressions, so prioritize CTR testing and request indexing after deployment. Add variants such as ""regex tester online"" and ""regex tester validador"" only where natural."
P3,https://anyconverter.io/redact-pdf/,redact-pdf\index.html,en,pdf,0,1,90,Redact PDF Online Free | AnyConverter,Redact PDF,318,Redact PDF,Redact PDF online; Redact PDF free; Redact PDF browser-based,"Top PDF SERPs lead with the exact task, privacy/free/browser language, clear upload controls, adjacent PDF actions, and short step-by-step copy.","Adobe Acrobat, iLovePDF, Smallpdf, PDF24, Sejda, PDF2Go, PDFChef, FreeConvert, PDFgear",https://www.adobe.com/acrobat/online.html | https://www.ilovepdf.com/ | https://smallpdf.com/pdf-tools | https://tools.pdf24.org/en/ | https://www.sejda.com/ | https://www.pdf2go.com/ | https://www.freeconvert.com/pdf-tools,"Create a concise SEO block with examples, use cases, limitations, FAQs, and related-tool links. Keep the tool UI unchanged, but align title/H1/meta copy with the primary keyword. Current visible content is thin for a competitive pdf query. GSC already shows impressions, so prioritize CTR testing and request indexing after deployment. Add variants such as ""Redact PDF online"" and ""Redact PDF free"" only where natural."
P3,https://anyconverter.io/aspect-ratio-calculator/,aspect-ratio-calculator\index.html,en,calculator,,,,Aspect Ratio Calculator Online Free | AnyConverter,Aspect Ratio Calculator,405,Aspect Ratio Calculator,Aspect Ratio Calculator online; Aspect Ratio Calculator formula; Aspect Ratio Calculator example,"Calculator SERPs reward pages with visible formulas, worked examples, definitions, country/unit variations, and trustworthy explanations around the calculator.","Calculator.net, Omni Calculator, Mayo Clinic, CDC/NHLBI, Bankrate, Investor.gov, Wise, Zoho, Moneysmart, Nordea",https://www.calculator.net/ | https://www.omnicalculator.com/ | https://www.mayoclinic.org/healthy-lifestyle/weight-loss/in-depth/calorie-calculator/itt-20402304 | https://www.cdc.gov/bmi/adult-calculator/index.html | https://www.investor.gov/financial-tools-calculators/calculators/compound-interest-calculator | https://www.bankrate.com/calculators.aspx | https://wise.com/us/currency-converter/ | https://www.zoho.com/books/gst-calculator/ | https://moneysmart.gov.au/budgeting/compound-interest-calculator,"Create a concise SEO block with examples, use cases, limitations, FAQs, and related-tool links. Keep the tool UI unchanged, but align title/H1/meta copy with the primary keyword. Current visible content is thin for a competitive calculator query. This page needs stronger relevance signals because GSC has little or no query data yet. Add variants such as ""Aspect Ratio Calculator online"" and ""Aspect Ratio Calculator formula"" only where natural."
P3,https://anyconverter.io/base64-encoder/,base64-encoder\index.html,en,dev,,,,Base64 Encoder &amp; Decoder Online — Free | AnyConverter,Base64 Encoder &amp; Decoder,430,Base64 Encoder & Decoder,Base64 Encoder & Decoder online; Base64 Encoder & Decoder validator; Base64 Encoder & Decoder formatter,"Developer-tool SERPs favor exact utility names, example input/output, validation/error states, copy/download buttons, and ""formatter/validator/converter/parser"" modifiers.","JSONFormatter.org, CodeBeautify, JSONLint, regex101, RegExr, Base64Decode.org, emn178, KeyCDN, MD5file",https://jsonformatter.org/ | https://codebeautify.org/ | https://jsonlint.com/ | https://regex101.com/ | https://regexr.com/ | https://www.base64decode.org/ | https://emn178.github.io/online-tools/ | https://tools.keycdn.com/,"Create a concise SEO block with examples, use cases, limitations, FAQs, and related-tool links. Keep the tool UI unchanged, but align title/H1/meta copy with the primary keyword. Current visible content is thin for a competitive dev query. This page needs stronger relevance signals because GSC has little or no query data yet. Add variants such as ""Base64 Encoder & Decoder online"" and ""Base64 Encoder & Decoder validator"" only where natural."
P3,https://anyconverter.io/bmi-calculator/,bmi-calculator\index.html,en,calculator,,,,BMI Calculator Online Free | AnyConverter,BMI Calculator,447,BMI Calculator,BMI Calculator online; BMI Calculator formula; BMI Calculator example,"Calculator SERPs reward pages with visible formulas, worked examples, definitions, country/unit variations, and trustworthy explanations around the calculator.","Calculator.net, Omni Calculator, Mayo Clinic, CDC/NHLBI, Bankrate, Investor.gov, Wise, Zoho, Moneysmart, Nordea",https://www.calculator.net/ | https://www.omnicalculator.com/ | https://www.mayoclinic.org/healthy-lifestyle/weight-loss/in-depth/calorie-calculator/itt-20402304 | https://www.cdc.gov/bmi/adult-calculator/index.html | https://www.investor.gov/financial-tools-calculators/calculators/compound-interest-calculator | https://www.bankrate.com/calculators.aspx | https://wise.com/us/currency-converter/ | https://www.zoho.com/books/gst-calculator/ | https://moneysmart.gov.au/budgeting/compound-interest-calculator,"Create a concise SEO block with examples, use cases, limitations, FAQs, and related-tool links. Keep the tool UI unchanged, but align title/H1/meta copy with the primary keyword. Current visible content is thin for a competitive calculator query. This page needs stronger relevance signals because GSC has little or no query data yet. Add variants such as ""BMI Calculator online"" and ""BMI Calculator formula"" only where natural."
P3,https://anyconverter.io/browser-info/,browser-info\index.html,en,device,,,,Browser Info Viewer Online Free | AnyConverter,Browser Info Viewer,244,Browser Info Viewer,Browser Info Viewer online; Browser Info Viewer test; Browser Info Viewer checker,"Device/test SERPs rank tools that run checks instantly, explain permissions/privacy, show clear pass/fail states, and include troubleshooting guidance.","OnlineMicTest, WebcamMicTest, Loom, EIZO, DeadPixelTest.org, WhatIsMyViewport, mdigi, Typing.com, TypingTest.com, LiveChat",https://www.onlinemictest.com/ | https://webcammictest.com/ | https://www.loom.com/webcam-test | https://www.eizo.be/monitor-test/ | https://deadpixeltest.org/ | https://whatismyviewport.com/ | https://typing.com/student/typing-test | https://www.typingtest.com/ | https://www.livechat.com/typing-speed-test/,"Create a concise SEO block with examples, use cases, limitations, FAQs, and related-tool links. Keep the tool UI unchanged, but align title/H1/meta copy with the primary keyword. Current visible content is thin for a competitive device query. This page needs stronger relevance signals because GSC has little or no query data yet. Add variants such as ""Browser Info Viewer online"" and ""Browser Info Viewer test"" only where natural."
P3,https://anyconverter.io/calorie-calculator/,calorie-calculator\index.html,en,calculator,,,,Calorie Calculator Online Free | AnyConverter,Calorie Calculator,576,Calorie Calculator,Calorie Calculator online; Calorie Calculator formula; Calorie Calculator example,"Calculator SERPs reward pages with visible formulas, worked examples, definitions, country/unit variations, and trustworthy explanations around the calculator.","Calculator.net, Omni Calculator, Mayo Clinic, CDC/NHLBI, Bankrate, Investor.gov, Wise, Zoho, Moneysmart, Nordea",https://www.calculator.net/ | https://www.omnicalculator.com/ | https://www.mayoclinic.org/healthy-lifestyle/weight-loss/in-depth/calorie-calculator/itt-20402304 | https://www.cdc.gov/bmi/adult-calculator/index.html | https://www.investor.gov/financial-tools-calculators/calculators/compound-interest-calculator | https://www.bankrate.com/calculators.aspx | https://wise.com/us/currency-converter/ | https://www.zoho.com/books/gst-calculator/ | https://moneysmart.gov.au/budgeting/compound-interest-calculator,"Create a concise SEO block with examples, use cases, limitations, FAQs, and related-tool links. Keep the tool UI unchanged, but align title/H1/meta copy with the primary keyword. Current visible content is thin for a competitive calculator query. This page needs stronger relevance signals because GSC has little or no query data yet. Add variants such as ""Calorie Calculator online"" and ""Calorie Calculator formula"" only where natural."
P3,https://anyconverter.io/character-counter/,character-counter\index.html,en,text,,,,Character Counter Online Free | AnyConverter,Character Counter,360,Character Counter,Character Counter online; Character Counter free; Character Counter generator,"Text-tool SERPs rank pages that show the input box immediately, explain accepted formats, include examples, and use ""counter/converter/generator/checker"" intent words.","WordCounter.net, CharacterCountTool, Grammarly, WordCounter.io, ConvertCase, TitleCaseConverter, Diffchecker, Text-Compare",https://wordcounter.net/ | https://charactercounttool.com/ | https://www.grammarly.com/character-counter | https://convertcase.net/ | https://titlecaseconverter.com/ | https://www.diffchecker.com/text-compare/ | https://www.text-compare.com/,"Create a concise SEO block with examples, use cases, limitations, FAQs, and related-tool links. Keep the tool UI unchanged, but align title/H1/meta copy with the primary keyword. Current visible content is thin for a competitive text query. This page needs stronger relevance signals because GSC has little or no query data yet. Add variants such as ""Character Counter online"" and ""Character Counter free"" only where natural."
P3,https://anyconverter.io/color-converter/,color-converter\index.html,en,dev,,,,Color Converter Online — HEX RGB HSL CMYK Free | AnyConverter,"Color Converter — HEX, RGB, HSL, CMYK",425,Color Converter,Color Converter online; Color Converter validator; Color Converter formatter,"Developer-tool SERPs favor exact utility names, example input/output, validation/error states, copy/download buttons, and ""formatter/validator/converter/parser"" modifiers.","JSONFormatter.org, CodeBeautify, JSONLint, regex101, RegExr, Base64Decode.org, emn178, KeyCDN, MD5file",https://jsonformatter.org/ | https://codebeautify.org/ | https://jsonlint.com/ | https://regex101.com/ | https://regexr.com/ | https://www.base64decode.org/ | https://emn178.github.io/online-tools/ | https://tools.keycdn.com/,"Create a concise SEO block with examples, use cases, limitations, FAQs, and related-tool links. Keep the tool UI unchanged, but align title/H1/meta copy with the primary keyword. Current visible content is thin for a competitive dev query. This page needs stronger relevance signals because GSC has little or no query data yet. Add variants such as ""Color Converter online"" and ""Color Converter validator"" only where natural."
P3,https://anyconverter.io/cron-expression-parser/,cron-expression-parser\index.html,en,dev,,,,Cron Expression Parser Online Free | AnyConverter,Cron Expression Parser,373,Cron Expression Parser,Cron Expression Parser online; Cron Expression Parser validator; Cron Expression Parser formatter,"Developer-tool SERPs favor exact utility names, example input/output, validation/error states, copy/download buttons, and ""formatter/validator/converter/parser"" modifiers.","JSONFormatter.org, CodeBeautify, JSONLint, regex101, RegExr, Base64Decode.org, emn178, KeyCDN, MD5file",https://jsonformatter.org/ | https://codebeautify.org/ | https://jsonlint.com/ | https://regex101.com/ | https://regexr.com/ | https://www.base64decode.org/ | https://emn178.github.io/online-tools/ | https://tools.keycdn.com/,"Create a concise SEO block with examples, use cases, limitations, FAQs, and related-tool links. Keep the tool UI unchanged, but align title/H1/meta copy with the primary keyword. Current visible content is thin for a competitive dev query. This page needs stronger relevance signals because GSC has little or no query data yet. Add variants such as ""Cron Expression Parser online"" and ""Cron Expression Parser validator"" only where natural."
P3,https://anyconverter.io/css-gradient-generator/,css-gradient-generator\index.html,en,dev,,,,CSS Gradient Generator Online Free | AnyConverter,CSS Gradient Generator,357,CSS Gradient Generator,CSS Gradient Generator online; CSS Gradient Generator validator; CSS Gradient Generator formatter,"Developer-tool SERPs favor exact utility names, example input/output, validation/error states, copy/download buttons, and ""formatter/validator/converter/parser"" modifiers.","JSONFormatter.org, CodeBeautify, JSONLint, regex101, RegExr, Base64Decode.org, emn178, KeyCDN, MD5file",https://jsonformatter.org/ | https://codebeautify.org/ | https://jsonlint.com/ | https://regex101.com/ | https://regexr.com/ | https://www.base64decode.org/ | https://emn178.github.io/online-tools/ | https://tools.keycdn.com/,"Create a concise SEO block with examples, use cases, limitations, FAQs, and related-tool links. Keep the tool UI unchanged, but align title/H1/meta copy with the primary keyword. Current visible content is thin for a competitive dev query. This page needs stronger relevance signals because GSC has little or no query data yet. Add variants such as ""CSS Gradient Generator online"" and ""CSS Gradient Generator validator"" only where natural."
P3,https://anyconverter.io/currency-converter/,currency-converter\index.html,en,calculator,,,,Currency Converter Online Free | AnyConverter,Currency Converter,406,Currency Converter,Currency Converter online; Currency Converter formula; Currency Converter example,"Calculator SERPs reward pages with visible formulas, worked examples, definitions, country/unit variations, and trustworthy explanations around the calculator.","Calculator.net, Omni Calculator, Mayo Clinic, CDC/NHLBI, Bankrate, Investor.gov, Wise, Zoho, Moneysmart, Nordea",https://www.calculator.net/ | https://www.omnicalculator.com/ | https://www.mayoclinic.org/healthy-lifestyle/weight-loss/in-depth/calorie-calculator/itt-20402304 | https://www.cdc.gov/bmi/adult-calculator/index.html | https://www.investor.gov/financial-tools-calculators/calculators/compound-interest-calculator | https://www.bankrate.com/calculators.aspx | https://wise.com/us/currency-converter/ | https://www.zoho.com/books/gst-calculator/ | https://moneysmart.gov.au/budgeting/compound-interest-calculator,"Create a concise SEO block with examples, use cases, limitations, FAQs, and related-tool links. Keep the tool UI unchanged, but align title/H1/meta copy with the primary keyword. Current visible content is thin for a competitive calculator query. This page needs stronger relevance signals because GSC has little or no query data yet. Add variants such as ""Currency Converter online"" and ""Currency Converter formula"" only where natural."
P3,https://anyconverter.io/da/aspect-ratio-calculator/,da\aspect-ratio-calculator\index.html,da,calculator,,,,Billedforholdsberegner Online Gratis | AnyConverter,Billedforholdsberegner,368,Billedforholdsberegner,Billedforholdsberegner online; Billedforholdsberegner formel; Billedforholdsberegner eksempel,"Calculator SERPs reward pages with visible formulas, worked examples, definitions, country/unit variations, and trustworthy explanations around the calculator.","Calculator.net, Omni Calculator, Mayo Clinic, CDC/NHLBI, Bankrate, Investor.gov, Wise, Zoho, Moneysmart, Nordea",https://www.calculator.net/ | https://www.omnicalculator.com/ | https://www.mayoclinic.org/healthy-lifestyle/weight-loss/in-depth/calorie-calculator/itt-20402304 | https://www.cdc.gov/bmi/adult-calculator/index.html | https://www.investor.gov/financial-tools-calculators/calculators/compound-interest-calculator | https://www.bankrate.com/calculators.aspx | https://wise.com/us/currency-converter/ | https://www.zoho.com/books/gst-calculator/ | https://moneysmart.gov.au/budgeting/compound-interest-calculator,"Create a localized SEO block with examples, common use cases, limitations, and links to related tools. Keep the tool UI unchanged, but align title/H1/meta copy with the primary keyword. Current visible content is thin for a competitive calculator query. This page needs stronger relevance signals because GSC has little or no query data yet. Add variants such as ""Billedforholdsberegner online"" and ""Billedforholdsberegner formel"" only where natural."
P3,https://anyconverter.io/da/base64-encoder/,da\base64-encoder\index.html,da,dev,,,,Base64 Encoder og Decoder Online Gratis | AnyConverter,Base64 Encoder og Decoder,263,Base64 Encoder og Decoder,Base64 Encoder og Decoder online; Base64 Encoder og Decoder validator; Base64 Encoder og Decoder formatter,"Developer-tool SERPs favor exact utility names, example input/output, validation/error states, copy/download buttons, and ""formatter/validator/converter/parser"" modifiers.","JSONFormatter.org, CodeBeautify, JSONLint, regex101, RegExr, Base64Decode.org, emn178, KeyCDN, MD5file",https://jsonformatter.org/ | https://codebeautify.org/ | https://jsonlint.com/ | https://regex101.com/ | https://regexr.com/ | https://www.base64decode.org/ | https://emn178.github.io/online-tools/ | https://tools.keycdn.com/,"Create a localized SEO block with examples, common use cases, limitations, and links to related tools. Keep the tool UI unchanged, but align title/H1/meta copy with the primary keyword. Current visible content is thin for a competitive dev query. This page needs stronger relevance signals because GSC has little or no query data yet. Add variants such as ""Base64 Encoder og Decoder online"" and ""Base64 Encoder og Decoder validator"" only where natural."
P3,https://anyconverter.io/da/browser-info/,da\browser-info\index.html,da,device,,,,Browser Info Fremviser Online Gratis | AnyConverter,Browser Info Fremviser,188,Browser Info Fremviser,Browser Info Fremviser online; Browser Info Fremviser test; Browser Info Fremviser tjekker,"Device/test SERPs rank tools that run checks instantly, explain permissions/privacy, show clear pass/fail states, and include troubleshooting guidance.","OnlineMicTest, WebcamMicTest, Loom, EIZO, DeadPixelTest.org, WhatIsMyViewport, mdigi, Typing.com, TypingTest.com, LiveChat",https://www.onlinemictest.com/ | https://webcammictest.com/ | https://www.loom.com/webcam-test | https://www.eizo.be/monitor-test/ | https://deadpixeltest.org/ | https://whatismyviewport.com/ | https://typing.com/student/typing-test | https://www.typingtest.com/ | https://www.livechat.com/typing-speed-test/,"Create a localized SEO block with examples, common use cases, limitations, and links to related tools. Keep the tool UI unchanged, but align title/H1/meta copy with the primary keyword. Current visible content is thin for a competitive device query. This page needs stronger relevance signals because GSC has little or no query data yet. Add variants such as ""Browser Info Fremviser online"" and ""Browser Info Fremviser test"" only where natural."
P3,https://anyconverter.io/da/color-converter/,da\color-converter\index.html,da,dev,,,,Farvekonverter Online — HEX RGB HSL CMYK Gratis | AnyConverter,"Farvekonverter — HEX, RGB, HSL, CMYK",394,Farvekonverter,Farvekonverter online; Farvekonverter validator; Farvekonverter formatter,"Developer-tool SERPs favor exact utility names, example input/output, validation/error states, copy/download buttons, and ""formatter/validator/converter/parser"" modifiers.","JSONFormatter.org, CodeBeautify, JSONLint, regex101, RegExr, Base64Decode.org, emn178, KeyCDN, MD5file",https://jsonformatter.org/ | https://codebeautify.org/ | https://jsonlint.com/ | https://regex101.com/ | https://regexr.com/ | https://www.base64decode.org/ | https://emn178.github.io/online-tools/ | https://tools.keycdn.com/,"Create a localized SEO block with examples, common use cases, limitations, and links to related tools. Keep the tool UI unchanged, but align title/H1/meta copy with the primary keyword. Current visible content is thin for a competitive dev query. This page needs stronger relevance signals because GSC has little or no query data yet. Add variants such as ""Farvekonverter online"" and ""Farvekonverter validator"" only where natural."
P3,https://anyconverter.io/da/crop-pdf/,da\crop-pdf\index.html,da,pdf,,,,Beskær PDF-sider Online Gratis | AnyConverter,Beskær PDF-sider,244,Beskær PDF-sider,Beskær PDF-sider online; Beskær PDF-sider gratis; Beskær PDF-sider i browseren,"Top PDF SERPs lead with the exact task, privacy/free/browser language, clear upload controls, adjacent PDF actions, and short step-by-step copy.","Adobe Acrobat, iLovePDF, Smallpdf, PDF24, Sejda, PDF2Go, PDFChef, FreeConvert, PDFgear",https://www.adobe.com/acrobat/online.html | https://www.ilovepdf.com/ | https://smallpdf.com/pdf-tools | https://tools.pdf24.org/en/ | https://www.sejda.com/ | https://www.pdf2go.com/ | https://www.freeconvert.com/pdf-tools,"Create a localized SEO block with examples, common use cases, limitations, and links to related tools. Keep the tool UI unchanged, but align title/H1/meta copy with the primary keyword. Current visible content is thin for a competitive pdf query. This page needs stronger relevance signals because GSC has little or no query data yet. Add variants such as ""Beskær PDF-sider online"" and ""Beskær PDF-sider gratis"" only where natural."
P3,https://anyconverter.io/da/css-shadow-generator/,da\css-shadow-generator\index.html,da,dev,,,,CSS Skygge Generator Online Gratis | AnyConverter,CSS Skygge Generator,310,css shadow generator,css shadow generator online; css shadow generator validator; css shadow generator formatter,"Developer-tool SERPs favor exact utility names, example input/output, validation/error states, copy/download buttons, and ""formatter/validator/converter/parser"" modifiers.","JSONFormatter.org, CodeBeautify, JSONLint, regex101, RegExr, Base64Decode.org, emn178, KeyCDN, MD5file",https://jsonformatter.org/ | https://codebeautify.org/ | https://jsonlint.com/ | https://regex101.com/ | https://regexr.com/ | https://www.base64decode.org/ | https://emn178.github.io/online-tools/ | https://tools.keycdn.com/,"Create a localized SEO block with examples, common use cases, limitations, and links to related tools. Keep the tool UI unchanged, but align title/H1/meta copy with the primary keyword. Current visible content is thin for a competitive dev query. This page needs stronger relevance signals because GSC has little or no query data yet. Add variants such as ""css shadow generator online"" and ""css shadow generator validator"" only where natural."
P3,https://anyconverter.io/da/csv-query/,da\csv-query\index.html,da,dev,,,,CSV-forespørgselsværktøj — Kør SQL på CSV-filer | AnyConverter,CSV-forespørgselsværktøj — Kør SQL på CSV-filer,517,csv to sql,csv to sql online; csv to sql validator; csv to sql formatter,"Developer-tool SERPs favor exact utility names, example input/output, validation/error states, copy/download buttons, and ""formatter/validator/converter/parser"" modifiers.","JSONFormatter.org, CodeBeautify, JSONLint, regex101, RegExr, Base64Decode.org, emn178, KeyCDN, MD5file",https://jsonformatter.org/ | https://codebeautify.org/ | https://jsonlint.com/ | https://regex101.com/ | https://regexr.com/ | https://www.base64decode.org/ | https://emn178.github.io/online-tools/ | https://tools.keycdn.com/,"Create a localized SEO block with examples, common use cases, limitations, and links to related tools. Keep the tool UI unchanged, but align title/H1/meta copy with the primary keyword. Current visible content is thin for a competitive dev query. This page needs stronger relevance signals because GSC has little or no query data yet. Add variants such as ""csv to sql online"" and ""csv to sql validator"" only where natural."
P3,https://anyconverter.io/da/csv-to-sql/,da\csv-to-sql\index.html,da,dev,,,,CSV til SQL Konverter Online Gratis | AnyConverter,CSV til SQL Konverter,306,csv to sql,csv to sql online; csv to sql validator; csv to sql formatter,"Developer-tool SERPs favor exact utility names, example input/output, validation/error states, copy/download buttons, and ""formatter/validator/converter/parser"" modifiers.","JSONFormatter.org, CodeBeautify, JSONLint, regex101, RegExr, Base64Decode.org, emn178, KeyCDN, MD5file",https://jsonformatter.org/ | https://codebeautify.org/ | https://jsonlint.com/ | https://regex101.com/ | https://regexr.com/ | https://www.base64decode.org/ | https://emn178.github.io/online-tools/ | https://tools.keycdn.com/,"Create a localized SEO block with examples, common use cases, limitations, and links to related tools. Keep the tool UI unchanged, but align title/H1/meta copy with the primary keyword. Current visible content is thin for a competitive dev query. This page needs stronger relevance signals because GSC has little or no query data yet. Add variants such as ""csv to sql online"" and ""csv to sql validator"" only where natural."
P3,https://anyconverter.io/da/currency-converter/,da\currency-converter\index.html,da,calculator,,,,Valutaomregner Online Gratis | AnyConverter,Valutaomregner,343,Valutaomregner,Valutaomregner online; Valutaomregner formel; Valutaomregner eksempel,"Calculator SERPs reward pages with visible formulas, worked examples, definitions, country/unit variations, and trustworthy explanations around the calculator.","Calculator.net, Omni Calculator, Mayo Clinic, CDC/NHLBI, Bankrate, Investor.gov, Wise, Zoho, Moneysmart, Nordea",https://www.calculator.net/ | https://www.omnicalculator.com/ | https://www.mayoclinic.org/healthy-lifestyle/weight-loss/in-depth/calorie-calculator/itt-20402304 | https://www.cdc.gov/bmi/adult-calculator/index.html | https://www.investor.gov/financial-tools-calculators/calculators/compound-interest-calculator | https://www.bankrate.com/calculators.aspx | https://wise.com/us/currency-converter/ | https://www.zoho.com/books/gst-calculator/ | https://moneysmart.gov.au/budgeting/compound-interest-calculator,"Create a localized SEO block with examples, common use cases, limitations, and links to related tools. Keep the tool UI unchanged, but align title/H1/meta copy with the primary keyword. Current visible content is thin for a competitive calculator query. This page needs stronger relevance signals because GSC has little or no query data yet. Add variants such as ""Valutaomregner online"" and ""Valutaomregner formel"" only where natural."
P3,https://anyconverter.io/da/dead-pixel-checker/,da\dead-pixel-checker\index.html,da,device,,,,Dødpixel Tjekker Online Gratis | AnyConverter,Dødpixel Tjekker,274,online dead pixel test,online dead pixel test; online dead pixel test tjekker,"Device/test SERPs rank tools that run checks instantly, explain permissions/privacy, show clear pass/fail states, and include troubleshooting guidance.","OnlineMicTest, WebcamMicTest, Loom, EIZO, DeadPixelTest.org, WhatIsMyViewport, mdigi, Typing.com, TypingTest.com, LiveChat",https://www.onlinemictest.com/ | https://webcammictest.com/ | https://www.loom.com/webcam-test | https://www.eizo.be/monitor-test/ | https://deadpixeltest.org/ | https://whatismyviewport.com/ | https://typing.com/student/typing-test | https://www.typingtest.com/ | https://www.livechat.com/typing-speed-test/,"Create a localized SEO block with examples, common use cases, limitations, and links to related tools. Keep the tool UI unchanged, but align title/H1/meta copy with the primary keyword. Current visible content is thin for a competitive device query. This page needs stronger relevance signals because GSC has little or no query data yet. Add variants such as ""online dead pixel test"" and ""online dead pixel test tjekker"" only where natural."
P3,https://anyconverter.io/da/decision-maker/,da\decision-maker\index.html,da,random,,,,Beslutningstageren — Kan Ikke Vælge? Lad Os | AnyConverter,Beslutningstager Online,237,decision maker generator,decision maker generator online; decision maker generator tilfaeldig; decision maker generator retfaerdigt resultat,"Randomizer SERPs favor playful but instant tools with probability/fairness notes, shareable results, list import/export, and task-specific variants.","Random.org, Calculator.net, Picker Wheel, Wheel of Names, Roll a Die, FlipSimu, AppSorteos, DnD Dice Roller",https://www.random.org/ | https://www.calculator.net/random-number-generator.html | https://pickerwheel.com/ | https://wheelofnames.com/ | https://rolladie.net/ | https://flipsimu.com/ | https://app-sorteos.com/en,"Create a localized SEO block with examples, common use cases, limitations, and links to related tools. Keep the tool UI unchanged, but align title/H1/meta copy with the primary keyword. Current visible content is thin for a competitive random query. This page needs stronger relevance signals because GSC has little or no query data yet. Add variants such as ""decision maker generator online"" and ""decision maker generator tilfaeldig"" only where natural."
P3,https://anyconverter.io/da/dice-roller/,da\dice-roller\index.html,da,random,,,,Terningkaster Online Gratis — d4 d6 d8 d10 d12 d20 | AnyConverter,Terningkaster Online,273,d20 online roller,d20 online roller; d20 online roller tilfaeldig; d20 online roller retfaerdigt resultat,"Randomizer SERPs favor playful but instant tools with probability/fairness notes, shareable results, list import/export, and task-specific variants.","Random.org, Calculator.net, Picker Wheel, Wheel of Names, Roll a Die, FlipSimu, AppSorteos, DnD Dice Roller",https://www.random.org/ | https://www.calculator.net/random-number-generator.html | https://pickerwheel.com/ | https://wheelofnames.com/ | https://rolladie.net/ | https://flipsimu.com/ | https://app-sorteos.com/en,"Create a localized SEO block with examples, common use cases, limitations, and links to related tools. Keep the tool UI unchanged, but align title/H1/meta copy with the primary keyword. Current visible content is thin for a competitive random query. This page needs stronger relevance signals because GSC has little or no query data yet. Add variants such as ""d20 online roller"" and ""d20 online roller tilfaeldig"" only where natural."
P3,https://anyconverter.io/da/discount-calculator/,da\discount-calculator\index.html,da,calculator,,,,Rabatberegner Online Gratis | AnyConverter,Rabatberegner,400,discount calculator,sale price calculator; percent off calculator; price after discount,"Calculator SERPs reward pages with visible formulas, worked examples, definitions, country/unit variations, and trustworthy explanations around the calculator.","Calculator.net, Omni Calculator, Mayo Clinic, CDC/NHLBI, Bankrate, Investor.gov, Wise, Zoho, Moneysmart, Nordea",https://www.calculator.net/ | https://www.omnicalculator.com/ | https://www.mayoclinic.org/healthy-lifestyle/weight-loss/in-depth/calorie-calculator/itt-20402304 | https://www.cdc.gov/bmi/adult-calculator/index.html | https://www.investor.gov/financial-tools-calculators/calculators/compound-interest-calculator | https://www.bankrate.com/calculators.aspx | https://wise.com/us/currency-converter/ | https://www.zoho.com/books/gst-calculator/ | https://moneysmart.gov.au/budgeting/compound-interest-calculator,"Create a localized SEO block with examples, common use cases, limitations, and links to related tools. Keep the tool UI unchanged, but align title/H1/meta copy with the primary keyword. Current visible content is thin for a competitive calculator query. This page needs stronger relevance signals because GSC has little or no query data yet. Add variants such as ""discount calculator online"" and ""discount calculator formel"" only where natural."
P3,https://anyconverter.io/da/extract-pdf-pages/,da\extract-pdf-pages\index.html,da,pdf,,,,Udtræk PDF-sider Online Gratis | AnyConverter,Udtræk PDF-sider,239,extract pdf pages free,extract pdf pages free online; extract pdf pages free gratis; extract pdf pages free i browseren,"Top PDF SERPs lead with the exact task, privacy/free/browser language, clear upload controls, adjacent PDF actions, and short step-by-step copy.","Adobe Acrobat, iLovePDF, Smallpdf, PDF24, Sejda, PDF2Go, PDFChef, FreeConvert, PDFgear",https://www.adobe.com/acrobat/online.html | https://www.ilovepdf.com/ | https://smallpdf.com/pdf-tools | https://tools.pdf24.org/en/ | https://www.sejda.com/ | https://www.pdf2go.com/ | https://www.freeconvert.com/pdf-tools,"Create a localized SEO block with examples, common use cases, limitations, and links to related tools. Keep the tool UI unchanged, but align title/H1/meta copy with the primary keyword. Current visible content is thin for a competitive pdf query. This page needs stronger relevance signals because GSC has little or no query data yet. Add variants such as ""extract pdf pages free online"" and ""extract pdf pages free gratis"" only where natural."
P3,https://anyconverter.io/da/gst-vat-calculator/,da\gst-vat-calculator\index.html,da,calculator,,,,Moms / GST Beregner Online Gratis | AnyConverter,Moms / GST Beregner,436,Moms / GST Beregner,Moms / GST Beregner online; Moms / GST Beregner formel; Moms / GST Beregner eksempel,"Calculator SERPs reward pages with visible formulas, worked examples, definitions, country/unit variations, and trustworthy explanations around the calculator.","Calculator.net, Omni Calculator, Mayo Clinic, CDC/NHLBI, Bankrate, Investor.gov, Wise, Zoho, Moneysmart, Nordea",https://www.calculator.net/ | https://www.omnicalculator.com/ | https://www.mayoclinic.org/healthy-lifestyle/weight-loss/in-depth/calorie-calculator/itt-20402304 | https://www.cdc.gov/bmi/adult-calculator/index.html | https://www.investor.gov/financial-tools-calculators/calculators/compound-interest-calculator | https://www.bankrate.com/calculators.aspx | https://wise.com/us/currency-converter/ | https://www.zoho.com/books/gst-calculator/ | https://moneysmart.gov.au/budgeting/compound-interest-calculator,"Create a localized SEO block with examples, common use cases, limitations, and links to related tools. Keep the tool UI unchanged, but align title/H1/meta copy with the primary keyword. Current visible content is thin for a competitive calculator query. This page needs stronger relevance signals because GSC has little or no query data yet. Add variants such as ""Moms / GST Beregner online"" and ""Moms / GST Beregner formel"" only where natural."
P3,https://anyconverter.io/da/habit-tracker/,da\habit-tracker\index.html,da,productivity,,,,Vanetracker Online Gratis | AnyConverter,Vanetracker Online,231,habit tracker online,habit tracker online; habit tracker online gratis; habit tracker online planlaegger,"Productivity SERPs emphasize immediate use, saved state, focus/timer workflows, templates, reminders, and low-friction task capture.","Pomofocus, PomodoroTimer.online, TomatoTimers, vClock, Online Stopwatch, Habi, HabitBox, Structured, Canva, Any.do, Microsoft To Do, Todoist",https://pomofocus.io/ | https://www.pomodorotimer.online/ | https://www.tomatotimers.com/ | https://vclock.com/timer/ | https://vclock.com/stopwatch/ | https://www.online-stopwatch.com/ | https://habi.app/ | https://habitbox.app/ | https://structured.app/daily-planner | https://www.canva.com/planners/templates/daily/ | https://todoist.com/ | https://to-do.office.com/tasks/,"Create a localized SEO block with examples, common use cases, limitations, and links to related tools. Keep the tool UI unchanged, but align title/H1/meta copy with the primary keyword. Current visible content is thin for a competitive productivity query. This page needs stronger relevance signals because GSC has little or no query data yet. Add variants such as ""habit tracker online"" and ""habit tracker online gratis"" only where natural."
P3,https://anyconverter.io/da/hash-generator/,da\hash-generator\index.html,da,dev,,,,Hash Generator Online — MD5 SHA256 SHA512 Gratis | AnyConverter,"Hash Generator — MD5, SHA-256, SHA-512",302,Hash Generator,Hash Generator online; Hash Generator validator; Hash Generator formatter,"Developer-tool SERPs favor exact utility names, example input/output, validation/error states, copy/download buttons, and ""formatter/validator/converter/parser"" modifiers.","JSONFormatter.org, CodeBeautify, JSONLint, regex101, RegExr, Base64Decode.org, emn178, KeyCDN, MD5file",https://jsonformatter.org/ | https://codebeautify.org/ | https://jsonlint.com/ | https://regex101.com/ | https://regexr.com/ | https://www.base64decode.org/ | https://emn178.github.io/online-tools/ | https://tools.keycdn.com/,"Create a localized SEO block with examples, common use cases, limitations, and links to related tools. Keep the tool UI unchanged, but align title/H1/meta copy with the primary keyword. Current visible content is thin for a competitive dev query. This page needs stronger relevance signals because GSC has little or no query data yet. Add variants such as ""Hash Generator online"" and ""Hash Generator validator"" only where natural."
P3,https://anyconverter.io/da/html-beautifier/,da\html-beautifier\index.html,da,dev,,,,HTML Formaterer &amp; Minifier Online Gratis | AnyConverter,HTML Formaterer &amp; Minifier,346,beautifier html,beautifier html online; beautifier html validator; beautifier html formatter,"Developer-tool SERPs favor exact utility names, example input/output, validation/error states, copy/download buttons, and ""formatter/validator/converter/parser"" modifiers.","JSONFormatter.org, CodeBeautify, JSONLint, regex101, RegExr, Base64Decode.org, emn178, KeyCDN, MD5file",https://jsonformatter.org/ | https://codebeautify.org/ | https://jsonlint.com/ | https://regex101.com/ | https://regexr.com/ | https://www.base64decode.org/ | https://emn178.github.io/online-tools/ | https://tools.keycdn.com/,"Create a localized SEO block with examples, common use cases, limitations, and links to related tools. Keep the tool UI unchanged, but align title/H1/meta copy with the primary keyword. Current visible content is thin for a competitive dev query. This page needs stronger relevance signals because GSC has little or no query data yet. Add variants such as ""beautifier html online"" and ""beautifier html validator"" only where natural."
P3,https://anyconverter.io/da/html-to-pdf/,da\html-to-pdf\index.html,da,pdf,,,,Konverter HTML til PDF Online Gratis | AnyConverter,HTML til PDF Konverter,240,Konverter HTML til PDF,Konverter HTML til PDF online; Konverter HTML til PDF gratis; Konverter HTML til PDF i browseren,"Top PDF SERPs lead with the exact task, privacy/free/browser language, clear upload controls, adjacent PDF actions, and short step-by-step copy.","Adobe Acrobat, iLovePDF, Smallpdf, PDF24, Sejda, PDF2Go, PDFChef, FreeConvert, PDFgear",https://www.adobe.com/acrobat/online.html | https://www.ilovepdf.com/ | https://smallpdf.com/pdf-tools | https://tools.pdf24.org/en/ | https://www.sejda.com/ | https://www.pdf2go.com/ | https://www.freeconvert.com/pdf-tools,"Create a localized SEO block with examples, common use cases, limitations, and links to related tools. Keep the tool UI unchanged, but align title/H1/meta copy with the primary keyword. Current visible content is thin for a competitive pdf query. This page needs stronger relevance signals because GSC has little or no query data yet. Add variants such as ""Konverter HTML til PDF online"" and ""Konverter HTML til PDF gratis"" only where natural."
P3,https://anyconverter.io/da/image-converter/,da\image-converter\index.html,da,image,,,,Billedkonverter Online Gratis — PNG JPG WebP | AnyConverter,Gratis Online Billedkonverter,278,Gratis Online Billedkonverter,Gratis Online Billedkonverter,"Image/QR SERPs favor exact task pages with compression/conversion settings, supported formats, file-size expectations, and device-friendly download/share actions.","TinyPNG, ImageCompressor.com, iLoveIMG, FreeConvert, Img2Go, toWebP.io, CloudConvert, Picflow, QR Code Generator",https://tinypng.com/ | https://imagecompressor.com/ | https://www.iloveimg.com/ | https://www.freeconvert.com/image-converter | https://www.img2go.com/ | https://towebp.io/ | https://cloudconvert.com/ | https://www.qr-code-generator.com/,"Create a localized SEO block with examples, common use cases, limitations, and links to related tools. Keep the tool UI unchanged, but align title/H1/meta copy with the primary keyword. Current visible content is thin for a competitive image query. This page needs stronger relevance signals because GSC has little or no query data yet. Add variants such as ""Gratis Online Billedkonverter"" and ""Gratis Online Billedkonverter"" only where natural."
P3,https://anyconverter.io/da/json-formatter/,da\json-formatter\index.html,da,dev,,,,JSON Formatter Online Gratis | AnyConverter,JSON Formatter og Validator,278,JSON formatter,JSON validering; format JSON online; JSON beautifier,"Developer-tool SERPs favor exact utility names, example input/output, validation/error states, copy/download buttons, and ""formatter/validator/converter/parser"" modifiers.","JSONFormatter.org, CodeBeautify, JSONLint, regex101, RegExr, Base64Decode.org, emn178, KeyCDN, MD5file",https://jsonformatter.org/ | https://codebeautify.org/ | https://jsonlint.com/ | https://regex101.com/ | https://regexr.com/ | https://www.base64decode.org/ | https://emn178.github.io/online-tools/ | https://tools.keycdn.com/,"Create a localized SEO block with examples, common use cases, limitations, and links to related tools. Keep the tool UI unchanged, but align title/H1/meta copy with the primary keyword. Current visible content is thin for a competitive dev query. This page needs stronger relevance signals because GSC has little or no query data yet. Add variants such as ""JSON formatter online"" and ""JSON formatter validator"" only where natural."
P3,https://anyconverter.io/da/json-to-yaml/,da\json-to-yaml\index.html,da,dev,,,,JSON til YAML Konverter Online Gratis | AnyConverter,JSON ↔ YAML Konverter,323,JSON til YAML Konverter,JSON til YAML Konverter online; JSON til YAML Konverter validator; JSON til YAML Konverter formatter,"Developer-tool SERPs favor exact utility names, example input/output, validation/error states, copy/download buttons, and ""formatter/validator/converter/parser"" modifiers.","JSONFormatter.org, CodeBeautify, JSONLint, regex101, RegExr, Base64Decode.org, emn178, KeyCDN, MD5file",https://jsonformatter.org/ | https://codebeautify.org/ | https://jsonlint.com/ | https://regex101.com/ | https://regexr.com/ | https://www.base64decode.org/ | https://emn178.github.io/online-tools/ | https://tools.keycdn.com/,"Create a localized SEO block with examples, common use cases, limitations, and links to related tools. Keep the tool UI unchanged, but align title/H1/meta copy with the primary keyword. Current visible content is thin for a competitive dev query. This page needs stronger relevance signals because GSC has little or no query data yet. Add variants such as ""JSON til YAML Konverter online"" and ""JSON til YAML Konverter validator"" only where natural."
P3,https://anyconverter.io/da/jwt-decoder/,da\jwt-decoder\index.html,da,dev,,,,JWT Dekoder Online Gratis | AnyConverter,JWT Dekoder,392,token decoder,token decoder online; token decoder validator; token decoder formatter,"Developer-tool SERPs favor exact utility names, example input/output, validation/error states, copy/download buttons, and ""formatter/validator/converter/parser"" modifiers.","JSONFormatter.org, CodeBeautify, JSONLint, regex101, RegExr, Base64Decode.org, emn178, KeyCDN, MD5file",https://jsonformatter.org/ | https://codebeautify.org/ | https://jsonlint.com/ | https://regex101.com/ | https://regexr.com/ | https://www.base64decode.org/ | https://emn178.github.io/online-tools/ | https://tools.keycdn.com/,"Create a localized SEO block with examples, common use cases, limitations, and links to related tools. Keep the tool UI unchanged, but align title/H1/meta copy with the primary keyword. Current visible content is thin for a competitive dev query. This page needs stronger relevance signals because GSC has little or no query data yet. Add variants such as ""token decoder online"" and ""token decoder validator"" only where natural."
P3,https://anyconverter.io/da/keyboard-tester/,da\keyboard-tester\index.html,da,device,,,,Tastaturtest Online Gratis | AnyConverter,Tastaturtest,199,keyboard tester online,keyboard tester online; keyboard tester online tjekker,"Device/test SERPs rank tools that run checks instantly, explain permissions/privacy, show clear pass/fail states, and include troubleshooting guidance.","OnlineMicTest, WebcamMicTest, Loom, EIZO, DeadPixelTest.org, WhatIsMyViewport, mdigi, Typing.com, TypingTest.com, LiveChat",https://www.onlinemictest.com/ | https://webcammictest.com/ | https://www.loom.com/webcam-test | https://www.eizo.be/monitor-test/ | https://deadpixeltest.org/ | https://whatismyviewport.com/ | https://typing.com/student/typing-test | https://www.typingtest.com/ | https://www.livechat.com/typing-speed-test/,"Create a localized SEO block with examples, common use cases, limitations, and links to related tools. Keep the tool UI unchanged, but align title/H1/meta copy with the primary keyword. Current visible content is thin for a competitive device query. This page needs stronger relevance signals because GSC has little or no query data yet. Add variants such as ""keyboard tester online"" and ""keyboard tester online tjekker"" only where natural."
P3,https://anyconverter.io/da/lorem-ipsum-generator/,da\lorem-ipsum-generator\index.html,da,text,,,,Lorem Ipsum Generator Online Gratis | AnyConverter,Lorem Ipsum Generator,379,Lorem Ipsum Generator,Lorem Ipsum Generator online; Lorem Ipsum Generator gratis; Lorem Ipsum Generator,"Text-tool SERPs rank pages that show the input box immediately, explain accepted formats, include examples, and use ""counter/converter/generator/checker"" intent words.","WordCounter.net, CharacterCountTool, Grammarly, WordCounter.io, ConvertCase, TitleCaseConverter, Diffchecker, Text-Compare",https://wordcounter.net/ | https://charactercounttool.com/ | https://www.grammarly.com/character-counter | https://convertcase.net/ | https://titlecaseconverter.com/ | https://www.diffchecker.com/text-compare/ | https://www.text-compare.com/,"Create a localized SEO block with examples, common use cases, limitations, and links to related tools. Keep the tool UI unchanged, but align title/H1/meta copy with the primary keyword. Current visible content is thin for a competitive text query. This page needs stronger relevance signals because GSC has little or no query data yet. Add variants such as ""Lorem Ipsum Generator online"" and ""Lorem Ipsum Generator gratis"" only where natural."
P3,https://anyconverter.io/da/markdown-html/,da\markdown-html\index.html,da,dev,,,,Markdown til HTML Konverter Online Gratis | AnyConverter,Markdown til HTML Konverter,316,Markdown til HTML Konverter,Markdown til HTML Konverter online; Markdown til HTML Konverter validator; Markdown til HTML Konverter formatter,"Developer-tool SERPs favor exact utility names, example input/output, validation/error states, copy/download buttons, and ""formatter/validator/converter/parser"" modifiers.","JSONFormatter.org, CodeBeautify, JSONLint, regex101, RegExr, Base64Decode.org, emn178, KeyCDN, MD5file",https://jsonformatter.org/ | https://codebeautify.org/ | https://jsonlint.com/ | https://regex101.com/ | https://regexr.com/ | https://www.base64decode.org/ | https://emn178.github.io/online-tools/ | https://tools.keycdn.com/,"Create a localized SEO block with examples, common use cases, limitations, and links to related tools. Keep the tool UI unchanged, but align title/H1/meta copy with the primary keyword. Current visible content is thin for a competitive dev query. This page needs stronger relevance signals because GSC has little or no query data yet. Add variants such as ""Markdown til HTML Konverter online"" and ""Markdown til HTML Konverter validator"" only where natural."
P3,https://anyconverter.io/da/meeting-timer/,da\meeting-timer\index.html,da,productivity,,,,Mødetimer Online Gratis — Dagsorden Timer | AnyConverter,Mødetimer Online,258,meeting timer,meeting timer online; meeting timer gratis; meeting timer planlaegger,"Productivity SERPs emphasize immediate use, saved state, focus/timer workflows, templates, reminders, and low-friction task capture.","Pomofocus, PomodoroTimer.online, TomatoTimers, vClock, Online Stopwatch, Habi, HabitBox, Structured, Canva, Any.do, Microsoft To Do, Todoist",https://pomofocus.io/ | https://www.pomodorotimer.online/ | https://www.tomatotimers.com/ | https://vclock.com/timer/ | https://vclock.com/stopwatch/ | https://www.online-stopwatch.com/ | https://habi.app/ | https://habitbox.app/ | https://structured.app/daily-planner | https://www.canva.com/planners/templates/daily/ | https://todoist.com/ | https://to-do.office.com/tasks/,"Create a localized SEO block with examples, common use cases, limitations, and links to related tools. Keep the tool UI unchanged, but align title/H1/meta copy with the primary keyword. Current visible content is thin for a competitive productivity query. This page needs stronger relevance signals because GSC has little or no query data yet. Add variants such as ""meeting timer online"" and ""meeting timer gratis"" only where natural."
P3,https://anyconverter.io/da/morse-code-converter/,da\morse-code-converter\index.html,da,dev,,,,Morsekode Konverter Online Gratis | AnyConverter,Morsekode Konverter,357,Morsekode Konverter,Morsekode Konverter online; Morsekode Konverter validator; Morsekode Konverter formatter,"Developer-tool SERPs favor exact utility names, example input/output, validation/error states, copy/download buttons, and ""formatter/validator/converter/parser"" modifiers.","JSONFormatter.org, CodeBeautify, JSONLint, regex101, RegExr, Base64Decode.org, emn178, KeyCDN, MD5file",https://jsonformatter.org/ | https://codebeautify.org/ | https://jsonlint.com/ | https://regex101.com/ | https://regexr.com/ | https://www.base64decode.org/ | https://emn178.github.io/online-tools/ | https://tools.keycdn.com/,"Create a localized SEO block with examples, common use cases, limitations, and links to related tools. Keep the tool UI unchanged, but align title/H1/meta copy with the primary keyword. Current visible content is thin for a competitive dev query. This page needs stronger relevance signals because GSC has little or no query data yet. Add variants such as ""Morsekode Konverter online"" and ""Morsekode Konverter validator"" only where natural."
P3,https://anyconverter.io/da/optimize-pdf/,da\optimize-pdf\index.html,da,pdf,,,,Optimer og Komprimer PDF Online Gratis | AnyConverter,Optimer og Komprimer PDF,231,komprimer pdf,komprimer pdf online; komprimer pdf gratis; komprimer pdf i browseren,"Top PDF SERPs lead with the exact task, privacy/free/browser language, clear upload controls, adjacent PDF actions, and short step-by-step copy.","Adobe Acrobat, iLovePDF, Smallpdf, PDF24, Sejda, PDF2Go, PDFChef, FreeConvert, PDFgear",https://www.adobe.com/acrobat/online.html | https://www.ilovepdf.com/ | https://smallpdf.com/pdf-tools | https://tools.pdf24.org/en/ | https://www.sejda.com/ | https://www.pdf2go.com/ | https://www.freeconvert.com/pdf-tools,"Create a localized SEO block with examples, common use cases, limitations, and links to related tools. Keep the tool UI unchanged, but align title/H1/meta copy with the primary keyword. Current visible content is thin for a competitive pdf query. This page needs stronger relevance signals because GSC has little or no query data yet. Add variants such as ""komprimer pdf online"" and ""komprimer pdf gratis"" only where natural."
P3,https://anyconverter.io/da/pdf-forms/,da\pdf-forms\index.html,da,pdf,,,,Udfyld PDF-formularer Online Gratis | AnyConverter,Udfyld PDF-formularer Online,248,fill PDF forms online,PDF form filler; create fillable PDF; free PDF forms,"Top PDF SERPs lead with the exact task, privacy/free/browser language, clear upload controls, adjacent PDF actions, and short step-by-step copy.","Adobe Acrobat, iLovePDF, Smallpdf, PDF24, Sejda, PDF2Go, PDFChef, FreeConvert, PDFgear",https://www.adobe.com/acrobat/online.html | https://www.ilovepdf.com/ | https://smallpdf.com/pdf-tools | https://tools.pdf24.org/en/ | https://www.sejda.com/ | https://www.pdf2go.com/ | https://www.freeconvert.com/pdf-tools,"Create a localized SEO block with examples, common use cases, limitations, and links to related tools. Keep the tool UI unchanged, but align title/H1/meta copy with the primary keyword. Current visible content is thin for a competitive pdf query. This page needs stronger relevance signals because GSC has little or no query data yet. Add variants such as ""fill PDF forms online"" and ""fill PDF forms online gratis"" only where natural."
P3,https://anyconverter.io/da/pdf-merge/,da\pdf-merge\index.html,da,pdf,,,,Sammensæt PDF Online Gratis | AnyConverter,Sammensæt PDF-Filer Online,291,flet PDF online,kombiner PDF; samle PDF filer; PDF merger,"Top PDF SERPs lead with the exact task, privacy/free/browser language, clear upload controls, adjacent PDF actions, and short step-by-step copy.","Adobe Acrobat, iLovePDF, Smallpdf, PDF24, Sejda, PDF2Go, PDFChef, FreeConvert, PDFgear",https://www.adobe.com/acrobat/online.html | https://www.ilovepdf.com/ | https://smallpdf.com/pdf-tools | https://tools.pdf24.org/en/ | https://www.sejda.com/ | https://www.pdf2go.com/ | https://www.freeconvert.com/pdf-tools,"Create a localized SEO block with examples, common use cases, limitations, and links to related tools. Keep the tool UI unchanged, but align title/H1/meta copy with the primary keyword. Current visible content is thin for a competitive pdf query. This page needs stronger relevance signals because GSC has little or no query data yet. Add variants such as ""flet PDF online"" and ""flet PDF online gratis"" only where natural."
P3,https://anyconverter.io/da/pdf-security/,da\pdf-security\index.html,da,pdf,,,,PDF-sikkerhed — Angiv Tilladelser Online Gratis | AnyConverter,PDF-sikkerhed — Angiv Tilladelser,237,PDF-sikkerhed,PDF-sikkerhed online; PDF-sikkerhed gratis; PDF-sikkerhed i browseren,"Top PDF SERPs lead with the exact task, privacy/free/browser language, clear upload controls, adjacent PDF actions, and short step-by-step copy.","Adobe Acrobat, iLovePDF, Smallpdf, PDF24, Sejda, PDF2Go, PDFChef, FreeConvert, PDFgear",https://www.adobe.com/acrobat/online.html | https://www.ilovepdf.com/ | https://smallpdf.com/pdf-tools | https://tools.pdf24.org/en/ | https://www.sejda.com/ | https://www.pdf2go.com/ | https://www.freeconvert.com/pdf-tools,"Create a localized SEO block with examples, common use cases, limitations, and links to related tools. Keep the tool UI unchanged, but align title/H1/meta copy with the primary keyword. Current visible content is thin for a competitive pdf query. This page needs stronger relevance signals because GSC has little or no query data yet. Add variants such as ""PDF-sikkerhed online"" and ""PDF-sikkerhed gratis"" only where natural."
P3,https://anyconverter.io/da/pdf-split/,da\pdf-split\index.html,da,pdf,,,,Del PDF Online — Udtræk Sider Gratis | AnyConverter,Del PDF — Udtræk Sider Online,383,split PDF online,extract PDF pages; separate PDF pages; split PDF file,"Top PDF SERPs lead with the exact task, privacy/free/browser language, clear upload controls, adjacent PDF actions, and short step-by-step copy.","Adobe Acrobat, iLovePDF, Smallpdf, PDF24, Sejda, PDF2Go, PDFChef, FreeConvert, PDFgear",https://www.adobe.com/acrobat/online.html | https://www.ilovepdf.com/ | https://smallpdf.com/pdf-tools | https://tools.pdf24.org/en/ | https://www.sejda.com/ | https://www.pdf2go.com/ | https://www.freeconvert.com/pdf-tools,"Create a localized SEO block with examples, common use cases, limitations, and links to related tools. Keep the tool UI unchanged, but align title/H1/meta copy with the primary keyword. Current visible content is thin for a competitive pdf query. This page needs stronger relevance signals because GSC has little or no query data yet. Add variants such as ""split PDF online"" and ""split PDF online gratis"" only where natural."
P3,https://anyconverter.io/da/pomodoro-timer/,da\pomodoro-timer\index.html,da,productivity,,,,Pomodoro Timer Online Gratis | AnyConverter,Pomodoro Timer,331,Pomodoro Timer,Pomodoro Timer online; Pomodoro Timer gratis; Pomodoro Timer planlaegger,"Productivity SERPs emphasize immediate use, saved state, focus/timer workflows, templates, reminders, and low-friction task capture.","Pomofocus, PomodoroTimer.online, TomatoTimers, vClock, Online Stopwatch, Habi, HabitBox, Structured, Canva, Any.do, Microsoft To Do, Todoist",https://pomofocus.io/ | https://www.pomodorotimer.online/ | https://www.tomatotimers.com/ | https://vclock.com/timer/ | https://vclock.com/stopwatch/ | https://www.online-stopwatch.com/ | https://habi.app/ | https://habitbox.app/ | https://structured.app/daily-planner | https://www.canva.com/planners/templates/daily/ | https://todoist.com/ | https://to-do.office.com/tasks/,"Create a localized SEO block with examples, common use cases, limitations, and links to related tools. Keep the tool UI unchanged, but align title/H1/meta copy with the primary keyword. Current visible content is thin for a competitive productivity query. This page needs stronger relevance signals because GSC has little or no query data yet. Add variants such as ""Pomodoro Timer online"" and ""Pomodoro Timer gratis"" only where natural."
P3,https://anyconverter.io/da/privacy-policy-generator/,da\privacy-policy-generator\index.html,da,business,,,,Generator til Privatlivspolitik Online Gratis | AnyConverter,Generator til Privatlivspolitik,332,privatlivspolitik generator,privatlivspolitik skabelon; GDPR privatlivspolitik; hjemmeside privatlivspolitik,"Business-generator SERPs emphasize fast form completion, template quality, compliance/trust notes, export formats, and practical examples for common business types.","Zoho, Canva, Invoice Simple, Shopify, Termly, PrivacyPolicies.com, iubenda",https://www.zoho.com/us/invoice/free-invoice-generator.html | https://www.canva.com/invoice/ | https://www.shopify.com/tools/policy-generator | https://termly.io/products/privacy-policy-generator/ | https://www.privacypolicies.com/privacy-policy-generator/ | https://www.iubenda.com/en/blog/shopify-privacy-policy-generator-why-you-should-use-one/,"Create a localized SEO block with examples, common use cases, limitations, and links to related tools. Keep the tool UI unchanged, but align title/H1/meta copy with the primary keyword. Current visible content is thin for a competitive business query. This page needs stronger relevance signals because GSC has little or no query data yet. Add variants such as ""privatlivspolitik generator online"" and ""privatlivspolitik generator skabelon"" only where natural."
P3,https://anyconverter.io/da/px-to-rem/,da\px-to-rem\index.html,da,dev,,,,PX til REM Konverter Online Gratis | AnyConverter,PX til REM Konverter,320,px to rem,px to rem online; px to rem validator; px to rem formatter,"Developer-tool SERPs favor exact utility names, example input/output, validation/error states, copy/download buttons, and ""formatter/validator/converter/parser"" modifiers.","JSONFormatter.org, CodeBeautify, JSONLint, regex101, RegExr, Base64Decode.org, emn178, KeyCDN, MD5file",https://jsonformatter.org/ | https://codebeautify.org/ | https://jsonlint.com/ | https://regex101.com/ | https://regexr.com/ | https://www.base64decode.org/ | https://emn178.github.io/online-tools/ | https://tools.keycdn.com/,"Create a localized SEO block with examples, common use cases, limitations, and links to related tools. Keep the tool UI unchanged, but align title/H1/meta copy with the primary keyword. Current visible content is thin for a competitive dev query. This page needs stronger relevance signals because GSC has little or no query data yet. Add variants such as ""px to rem online"" and ""px to rem validator"" only where natural."
P3,https://anyconverter.io/da/random-picker/,da\random-picker\index.html,da,random,,,,Tilfældig Vælger — Vælg Tilfældige Elementer | AnyConverter,Tilfældig Vælger Online,241,Tilfældig Vælger Online,Tilfældig Vælger Online; Tilfældig Vælger Online tilfaeldig; Tilfældig Vælger Online retfaerdigt resultat,"Randomizer SERPs favor playful but instant tools with probability/fairness notes, shareable results, list import/export, and task-specific variants.","Random.org, Calculator.net, Picker Wheel, Wheel of Names, Roll a Die, FlipSimu, AppSorteos, DnD Dice Roller",https://www.random.org/ | https://www.calculator.net/random-number-generator.html | https://pickerwheel.com/ | https://wheelofnames.com/ | https://rolladie.net/ | https://flipsimu.com/ | https://app-sorteos.com/en,"Create a localized SEO block with examples, common use cases, limitations, and links to related tools. Keep the tool UI unchanged, but align title/H1/meta copy with the primary keyword. Current visible content is thin for a competitive random query. This page needs stronger relevance signals because GSC has little or no query data yet. Add variants such as ""Tilfældig Vælger Online"" and ""Tilfældig Vælger Online tilfaeldig"" only where natural."
P3,https://anyconverter.io/da/redact-pdf/,da\redact-pdf\index.html,da,pdf,,,,Rediger PDF Online Gratis — Slet Følsomt Indhold | AnyConverter,Rediger PDF,288,rediger pdf,rediger pdf online; rediger pdf gratis; rediger pdf i browseren,"Top PDF SERPs lead with the exact task, privacy/free/browser language, clear upload controls, adjacent PDF actions, and short step-by-step copy.","Adobe Acrobat, iLovePDF, Smallpdf, PDF24, Sejda, PDF2Go, PDFChef, FreeConvert, PDFgear",https://www.adobe.com/acrobat/online.html | https://www.ilovepdf.com/ | https://smallpdf.com/pdf-tools | https://tools.pdf24.org/en/ | https://www.sejda.com/ | https://www.pdf2go.com/ | https://www.freeconvert.com/pdf-tools,"Create a localized SEO block with examples, common use cases, limitations, and links to related tools. Keep the tool UI unchanged, but align title/H1/meta copy with the primary keyword. Current visible content is thin for a competitive pdf query. This page needs stronger relevance signals because GSC has little or no query data yet. Add variants such as ""rediger pdf online"" and ""rediger pdf gratis"" only where natural."
P3,https://anyconverter.io/da/regex-tester/,da\regex-tester\index.html,da,dev,,,,Regex Tester Online Gratis | AnyConverter,Online Regex Tester,267,regex tester,regular expression tester; regex validator; test regex online,"Developer-tool SERPs favor exact utility names, example input/output, validation/error states, copy/download buttons, and ""formatter/validator/converter/parser"" modifiers.","JSONFormatter.org, CodeBeautify, JSONLint, regex101, RegExr, Base64Decode.org, emn178, KeyCDN, MD5file",https://jsonformatter.org/ | https://codebeautify.org/ | https://jsonlint.com/ | https://regex101.com/ | https://regexr.com/ | https://www.base64decode.org/ | https://emn178.github.io/online-tools/ | https://tools.keycdn.com/,"Create a localized SEO block with examples, common use cases, limitations, and links to related tools. Keep the tool UI unchanged, but align title/H1/meta copy with the primary keyword. Current visible content is thin for a competitive dev query. This page needs stronger relevance signals because GSC has little or no query data yet. Add variants such as ""regex tester online"" and ""regex tester validator"" only where natural."
P3,https://anyconverter.io/da/remove-pdf-pages/,da\remove-pdf-pages\index.html,da,pdf,,,,Fjern PDF-sider Online Gratis | AnyConverter,Fjern PDF-sider,215,remove pages from PDF,delete PDF pages; remove PDF page online; PDF page remover,"Top PDF SERPs lead with the exact task, privacy/free/browser language, clear upload controls, adjacent PDF actions, and short step-by-step copy.","Adobe Acrobat, iLovePDF, Smallpdf, PDF24, Sejda, PDF2Go, PDFChef, FreeConvert, PDFgear",https://www.adobe.com/acrobat/online.html | https://www.ilovepdf.com/ | https://smallpdf.com/pdf-tools | https://tools.pdf24.org/en/ | https://www.sejda.com/ | https://www.pdf2go.com/ | https://www.freeconvert.com/pdf-tools,"Create a localized SEO block with examples, common use cases, limitations, and links to related tools. Keep the tool UI unchanged, but align title/H1/meta copy with the primary keyword. Current visible content is thin for a competitive pdf query. This page needs stronger relevance signals because GSC has little or no query data yet. Add variants such as ""remove pages from PDF online"" and ""remove pages from PDF gratis"" only where natural."
P3,https://anyconverter.io/da/roman-numeral-converter/,da\roman-numeral-converter\index.html,da,text,,,,Romertal Konverter Online Gratis | AnyConverter,Romertal Konverter,334,roman numeral converter,convert roman numerals; roman numbers converter; roman numeral calculator,"Text-tool SERPs rank pages that show the input box immediately, explain accepted formats, include examples, and use ""counter/converter/generator/checker"" intent words.","WordCounter.net, CharacterCountTool, Grammarly, WordCounter.io, ConvertCase, TitleCaseConverter, Diffchecker, Text-Compare",https://wordcounter.net/ | https://charactercounttool.com/ | https://www.grammarly.com/character-counter | https://convertcase.net/ | https://titlecaseconverter.com/ | https://www.diffchecker.com/text-compare/ | https://www.text-compare.com/,"Create a localized SEO block with examples, common use cases, limitations, and links to related tools. Keep the tool UI unchanged, but align title/H1/meta copy with the primary keyword. Current visible content is thin for a competitive text query. This page needs stronger relevance signals because GSC has little or no query data yet. Add variants such as ""roman numeral converter online"" and ""roman numeral converter gratis"" only where natural."
P3,https://anyconverter.io/da/rotate-pdf/,da\rotate-pdf\index.html,da,pdf,,,,Roter PDF-sider Online Gratis | AnyConverter,Roter PDF-sider,240,rotate PDF online,rotate PDF pages; change PDF orientation; PDF rotator,"Top PDF SERPs lead with the exact task, privacy/free/browser language, clear upload controls, adjacent PDF actions, and short step-by-step copy.","Adobe Acrobat, iLovePDF, Smallpdf, PDF24, Sejda, PDF2Go, PDFChef, FreeConvert, PDFgear",https://www.adobe.com/acrobat/online.html | https://www.ilovepdf.com/ | https://smallpdf.com/pdf-tools | https://tools.pdf24.org/en/ | https://www.sejda.com/ | https://www.pdf2go.com/ | https://www.freeconvert.com/pdf-tools,"Create a localized SEO block with examples, common use cases, limitations, and links to related tools. Keep the tool UI unchanged, but align title/H1/meta copy with the primary keyword. Current visible content is thin for a competitive pdf query. This page needs stronger relevance signals because GSC has little or no query data yet. Add variants such as ""rotate PDF online"" and ""rotate PDF online gratis"" only where natural."
P3,https://anyconverter.io/da/scan-to-pdf/,da\scan-to-pdf\index.html,da,pdf,,,,Scan til PDF — Billeder til PDF Online Gratis | AnyConverter,Scan til PDF,264,Scan til PDF,Scan til PDF online; Scan til PDF gratis; Scan til PDF i browseren,"Top PDF SERPs lead with the exact task, privacy/free/browser language, clear upload controls, adjacent PDF actions, and short step-by-step copy.","Adobe Acrobat, iLovePDF, Smallpdf, PDF24, Sejda, PDF2Go, PDFChef, FreeConvert, PDFgear",https://www.adobe.com/acrobat/online.html | https://www.ilovepdf.com/ | https://smallpdf.com/pdf-tools | https://tools.pdf24.org/en/ | https://www.sejda.com/ | https://www.pdf2go.com/ | https://www.freeconvert.com/pdf-tools,"Create a localized SEO block with examples, common use cases, limitations, and links to related tools. Keep the tool UI unchanged, but align title/H1/meta copy with the primary keyword. Current visible content is thin for a competitive pdf query. This page needs stronger relevance signals because GSC has little or no query data yet. Add variants such as ""Scan til PDF online"" and ""Scan til PDF gratis"" only where natural."
P3,https://anyconverter.io/da/sign-pdf/,da\sign-pdf\index.html,da,pdf,,,,Underskriv PDF Online Gratis | AnyConverter,Underskriv PDF Online,253,Underskriv PDF,Underskriv PDF online; Underskriv PDF gratis; Underskriv PDF i browseren,"Top PDF SERPs lead with the exact task, privacy/free/browser language, clear upload controls, adjacent PDF actions, and short step-by-step copy.","Adobe Acrobat, iLovePDF, Smallpdf, PDF24, Sejda, PDF2Go, PDFChef, FreeConvert, PDFgear",https://www.adobe.com/acrobat/online.html | https://www.ilovepdf.com/ | https://smallpdf.com/pdf-tools | https://tools.pdf24.org/en/ | https://www.sejda.com/ | https://www.pdf2go.com/ | https://www.freeconvert.com/pdf-tools,"Create a localized SEO block with examples, common use cases, limitations, and links to related tools. Keep the tool UI unchanged, but align title/H1/meta copy with the primary keyword. Current visible content is thin for a competitive pdf query. This page needs stronger relevance signals because GSC has little or no query data yet. Add variants such as ""Underskriv PDF online"" and ""Underskriv PDF gratis"" only where natural."
P3,https://anyconverter.io/da/sleep-calculator/,da\sleep-calculator\index.html,da,calculator,,,,Søvnberegner Online Gratis | AnyConverter,Søvnberegner,348,sleep calculator,sleep calculator online; sleep calculator formel; sleep calculator eksempel,"Calculator SERPs reward pages with visible formulas, worked examples, definitions, country/unit variations, and trustworthy explanations around the calculator.","Calculator.net, Omni Calculator, Mayo Clinic, CDC/NHLBI, Bankrate, Investor.gov, Wise, Zoho, Moneysmart, Nordea",https://www.calculator.net/ | https://www.omnicalculator.com/ | https://www.mayoclinic.org/healthy-lifestyle/weight-loss/in-depth/calorie-calculator/itt-20402304 | https://www.cdc.gov/bmi/adult-calculator/index.html | https://www.investor.gov/financial-tools-calculators/calculators/compound-interest-calculator | https://www.bankrate.com/calculators.aspx | https://wise.com/us/currency-converter/ | https://www.zoho.com/books/gst-calculator/ | https://moneysmart.gov.au/budgeting/compound-interest-calculator,"Create a localized SEO block with examples, common use cases, limitations, and links to related tools. Keep the tool UI unchanged, but align title/H1/meta copy with the primary keyword. Current visible content is thin for a competitive calculator query. This page needs stronger relevance signals because GSC has little or no query data yet. Add variants such as ""sleep calculator online"" and ""sleep calculator formel"" only where natural."
P3,https://anyconverter.io/da/spin-the-wheel/,da\spin-the-wheel\index.html,da,random,,,,Drej Hjulet — Tilfældig Beslutningshjælper | AnyConverter,Drej Hjulet,231,Drej Hjulet,Drej Hjulet online; Drej Hjulet tilfaeldig; Drej Hjulet retfaerdigt resultat,"Randomizer SERPs favor playful but instant tools with probability/fairness notes, shareable results, list import/export, and task-specific variants.","Random.org, Calculator.net, Picker Wheel, Wheel of Names, Roll a Die, FlipSimu, AppSorteos, DnD Dice Roller",https://www.random.org/ | https://www.calculator.net/random-number-generator.html | https://pickerwheel.com/ | https://wheelofnames.com/ | https://rolladie.net/ | https://flipsimu.com/ | https://app-sorteos.com/en,"Create a localized SEO block with examples, common use cases, limitations, and links to related tools. Keep the tool UI unchanged, but align title/H1/meta copy with the primary keyword. Current visible content is thin for a competitive random query. This page needs stronger relevance signals because GSC has little or no query data yet. Add variants such as ""Drej Hjulet online"" and ""Drej Hjulet tilfaeldig"" only where natural."
P3,https://anyconverter.io/da/team-picker/,da\team-picker\index.html,da,random,,,,Holdvælger — Del Folk op i Tilfældige Hold | AnyConverter,Holdvælger Online,260,team picker,team picker online; team picker tilfaeldig; team picker retfaerdigt resultat,"Randomizer SERPs favor playful but instant tools with probability/fairness notes, shareable results, list import/export, and task-specific variants.","Random.org, Calculator.net, Picker Wheel, Wheel of Names, Roll a Die, FlipSimu, AppSorteos, DnD Dice Roller",https://www.random.org/ | https://www.calculator.net/random-number-generator.html | https://pickerwheel.com/ | https://wheelofnames.com/ | https://rolladie.net/ | https://flipsimu.com/ | https://app-sorteos.com/en,"Create a localized SEO block with examples, common use cases, limitations, and links to related tools. Keep the tool UI unchanged, but align title/H1/meta copy with the primary keyword. Current visible content is thin for a competitive random query. This page needs stronger relevance signals because GSC has little or no query data yet. Add variants such as ""team picker online"" and ""team picker tilfaeldig"" only where natural."
P3,https://anyconverter.io/da/text-diff-checker/,da\text-diff-checker\index.html,da,text,,,,Tekst Forskels Checker Online Gratis | AnyConverter,Tekst Forskels Checker,379,text diff checker,compare text online; text comparison; diff checker,"Text-tool SERPs rank pages that show the input box immediately, explain accepted formats, include examples, and use ""counter/converter/generator/checker"" intent words.","WordCounter.net, CharacterCountTool, Grammarly, WordCounter.io, ConvertCase, TitleCaseConverter, Diffchecker, Text-Compare",https://wordcounter.net/ | https://charactercounttool.com/ | https://www.grammarly.com/character-counter | https://convertcase.net/ | https://titlecaseconverter.com/ | https://www.diffchecker.com/text-compare/ | https://www.text-compare.com/,"Create a localized SEO block with examples, common use cases, limitations, and links to related tools. Keep the tool UI unchanged, but align title/H1/meta copy with the primary keyword. Current visible content is thin for a competitive text query. This page needs stronger relevance signals because GSC has little or no query data yet. Add variants such as ""text diff checker online"" and ""text diff checker gratis"" only where natural."
P3,https://anyconverter.io/da/timestamp-converter/,da\timestamp-converter\index.html,da,dev,,,,Unix Timestamp Konverter Online — Gratis | AnyConverter,Unix Timestamp Konverter,388,Unix Timestamp Konverter,Unix Timestamp Konverter online; Unix Timestamp Konverter validator; Unix Timestamp Konverter formatter,"Developer-tool SERPs favor exact utility names, example input/output, validation/error states, copy/download buttons, and ""formatter/validator/converter/parser"" modifiers.","JSONFormatter.org, CodeBeautify, JSONLint, regex101, RegExr, Base64Decode.org, emn178, KeyCDN, MD5file",https://jsonformatter.org/ | https://codebeautify.org/ | https://jsonlint.com/ | https://regex101.com/ | https://regexr.com/ | https://www.base64decode.org/ | https://emn178.github.io/online-tools/ | https://tools.keycdn.com/,"Create a localized SEO block with examples, common use cases, limitations, and links to related tools. Keep the tool UI unchanged, but align title/H1/meta copy with the primary keyword. Current visible content is thin for a competitive dev query. This page needs stronger relevance signals because GSC has little or no query data yet. Add variants such as ""Unix Timestamp Konverter online"" and ""Unix Timestamp Konverter validator"" only where natural."
P3,https://anyconverter.io/da/typing-speed-test/,da\typing-speed-test\index.html,da,device,,,,Skrivetestigheds Test Online Gratis | AnyConverter,Skrivetestigheds Test,404,Skrivetestigheds Test,Skrivetestigheds Test online; Skrivetestigheds Test; Skrivetestigheds Test tjekker,"Device/test SERPs rank tools that run checks instantly, explain permissions/privacy, show clear pass/fail states, and include troubleshooting guidance.","OnlineMicTest, WebcamMicTest, Loom, EIZO, DeadPixelTest.org, WhatIsMyViewport, mdigi, Typing.com, TypingTest.com, LiveChat",https://www.onlinemictest.com/ | https://webcammictest.com/ | https://www.loom.com/webcam-test | https://www.eizo.be/monitor-test/ | https://deadpixeltest.org/ | https://whatismyviewport.com/ | https://typing.com/student/typing-test | https://www.typingtest.com/ | https://www.livechat.com/typing-speed-test/,"Create a localized SEO block with examples, common use cases, limitations, and links to related tools. Keep the tool UI unchanged, but align title/H1/meta copy with the primary keyword. Current visible content is thin for a competitive device query. This page needs stronger relevance signals because GSC has little or no query data yet. Add variants such as ""Skrivetestigheds Test online"" and ""Skrivetestigheds Test"" only where natural."
P3,https://anyconverter.io/da/unlock-pdf/,da\unlock-pdf\index.html,da,pdf,,,,Lås PDF Op — Fjern Adgangskode Online Gratis | AnyConverter,Lås PDF Op — Fjern Adgangskode,233,Lås PDF Op,Lås PDF Op online; Lås PDF Op gratis; Lås PDF Op i browseren,"Top PDF SERPs lead with the exact task, privacy/free/browser language, clear upload controls, adjacent PDF actions, and short step-by-step copy.","Adobe Acrobat, iLovePDF, Smallpdf, PDF24, Sejda, PDF2Go, PDFChef, FreeConvert, PDFgear",https://www.adobe.com/acrobat/online.html | https://www.ilovepdf.com/ | https://smallpdf.com/pdf-tools | https://tools.pdf24.org/en/ | https://www.sejda.com/ | https://www.pdf2go.com/ | https://www.freeconvert.com/pdf-tools,"Create a localized SEO block with examples, common use cases, limitations, and links to related tools. Keep the tool UI unchanged, but align title/H1/meta copy with the primary keyword. Current visible content is thin for a competitive pdf query. This page needs stronger relevance signals because GSC has little or no query data yet. Add variants such as ""Lås PDF Op online"" and ""Lås PDF Op gratis"" only where natural."
P3,https://anyconverter.io/da/url-encoder/,da\url-encoder\index.html,da,dev,,,,URL Encoder og Decoder Online Gratis | AnyConverter,URL Encoder og Decoder,226,url encoder,url encoder online; url encoder validator; url encoder formatter,"Developer-tool SERPs favor exact utility names, example input/output, validation/error states, copy/download buttons, and ""formatter/validator/converter/parser"" modifiers.","JSONFormatter.org, CodeBeautify, JSONLint, regex101, RegExr, Base64Decode.org, emn178, KeyCDN, MD5file",https://jsonformatter.org/ | https://codebeautify.org/ | https://jsonlint.com/ | https://regex101.com/ | https://regexr.com/ | https://www.base64decode.org/ | https://emn178.github.io/online-tools/ | https://tools.keycdn.com/,"Create a localized SEO block with examples, common use cases, limitations, and links to related tools. Keep the tool UI unchanged, but align title/H1/meta copy with the primary keyword. Current visible content is thin for a competitive dev query. This page needs stronger relevance signals because GSC has little or no query data yet. Add variants such as ""url encoder online"" and ""url encoder validator"" only where natural."
P3,https://anyconverter.io/da/uuid-generator/,da\uuid-generator\index.html,da,dev,,,,UUID Generator Online Gratis | AnyConverter,UUID / GUID Generator,419,uuid generator,uuid generator online; uuid generator validator; uuid generator formatter,"Developer-tool SERPs favor exact utility names, example input/output, validation/error states, copy/download buttons, and ""formatter/validator/converter/parser"" modifiers.","JSONFormatter.org, CodeBeautify, JSONLint, regex101, RegExr, Base64Decode.org, emn178, KeyCDN, MD5file",https://jsonformatter.org/ | https://codebeautify.org/ | https://jsonlint.com/ | https://regex101.com/ | https://regexr.com/ | https://www.base64decode.org/ | https://emn178.github.io/online-tools/ | https://tools.keycdn.com/,"Create a localized SEO block with examples, common use cases, limitations, and links to related tools. Keep the tool UI unchanged, but align title/H1/meta copy with the primary keyword. Current visible content is thin for a competitive dev query. This page needs stronger relevance signals because GSC has little or no query data yet. Add variants such as ""uuid generator online"" and ""uuid generator validator"" only where natural."
P3,https://anyconverter.io/da/viewport-size/,da\viewport-size\index.html,da,device,,,,Viewport Størrelse Tjekker Online Gratis | AnyConverter,Viewport Størrelse Tjekker,236,viewport size,viewport size online; viewport size test; viewport size tjekker,"Device/test SERPs rank tools that run checks instantly, explain permissions/privacy, show clear pass/fail states, and include troubleshooting guidance.","OnlineMicTest, WebcamMicTest, Loom, EIZO, DeadPixelTest.org, WhatIsMyViewport, mdigi, Typing.com, TypingTest.com, LiveChat",https://www.onlinemictest.com/ | https://webcammictest.com/ | https://www.loom.com/webcam-test | https://www.eizo.be/monitor-test/ | https://deadpixeltest.org/ | https://whatismyviewport.com/ | https://typing.com/student/typing-test | https://www.typingtest.com/ | https://www.livechat.com/typing-speed-test/,"Create a localized SEO block with examples, common use cases, limitations, and links to related tools. Keep the tool UI unchanged, but align title/H1/meta copy with the primary keyword. Current visible content is thin for a competitive device query. This page needs stronger relevance signals because GSC has little or no query data yet. Add variants such as ""viewport size online"" and ""viewport size test"" only where natural."
P3,https://anyconverter.io/da/xml-formatter/,da\xml-formatter\index.html,da,dev,,,,XML Formatter Online Gratis | AnyConverter,XML Formatter og Validator,221,XML Formatter,XML Formatter online; XML Formatter validator; XML Formatter,"Developer-tool SERPs favor exact utility names, example input/output, validation/error states, copy/download buttons, and ""formatter/validator/converter/parser"" modifiers.","JSONFormatter.org, CodeBeautify, JSONLint, regex101, RegExr, Base64Decode.org, emn178, KeyCDN, MD5file",https://jsonformatter.org/ | https://codebeautify.org/ | https://jsonlint.com/ | https://regex101.com/ | https://regexr.com/ | https://www.base64decode.org/ | https://emn178.github.io/online-tools/ | https://tools.keycdn.com/,"Create a localized SEO block with examples, common use cases, limitations, and links to related tools. Keep the tool UI unchanged, but align title/H1/meta copy with the primary keyword. Current visible content is thin for a competitive dev query. This page needs stronger relevance signals because GSC has little or no query data yet. Add variants such as ""XML Formatter online"" and ""XML Formatter validator"" only where natural."
P3,https://anyconverter.io/es/add-page-numbers/,es\add-page-numbers\index.html,es,pdf,,,,Añadir Números de Página a PDF Online Gratis | AnyConverter,Añadir Números de Página a PDF,301,add page numbers to pdf online,add page numbers to pdf online; add page numbers to pdf online gratis; add page numbers to pdf online en el navegador,"Top PDF SERPs lead with the exact task, privacy/free/browser language, clear upload controls, adjacent PDF actions, and short step-by-step copy.","Adobe Acrobat, iLovePDF, Smallpdf, PDF24, Sejda, PDF2Go, PDFChef, FreeConvert, PDFgear",https://www.adobe.com/acrobat/online.html | https://www.ilovepdf.com/ | https://smallpdf.com/pdf-tools | https://tools.pdf24.org/en/ | https://www.sejda.com/ | https://www.pdf2go.com/ | https://www.freeconvert.com/pdf-tools,"Create a localized SEO block with intent-specific examples, common use cases, limitations, and links to closely related tools. Keep the tool UI unchanged, but align title/H1/meta copy with the primary keyword. Current visible content is thin for a competitive pdf query. This page needs stronger relevance signals because GSC has little or no query data yet. Add variants such as ""add page numbers to pdf online"" and ""add page numbers to pdf online gratis"" only where natural."
P3,https://anyconverter.io/es/age-calculator/,es\age-calculator\index.html,es,calculator,,,,Calculadora de Edad Online Gratis | AnyConverter,Calculadora de Edad,463,Calculadora de Edad,Calculadora de Edad online; Calculadora de Edad formula; Calculadora de Edad ejemplo,"Calculator SERPs reward pages with visible formulas, worked examples, definitions, country/unit variations, and trustworthy explanations around the calculator.","Calculator.net, Omni Calculator, Mayo Clinic, CDC/NHLBI, Bankrate, Investor.gov, Wise, Zoho, Moneysmart, Nordea",https://www.calculator.net/ | https://www.omnicalculator.com/ | https://www.mayoclinic.org/healthy-lifestyle/weight-loss/in-depth/calorie-calculator/itt-20402304 | https://www.cdc.gov/bmi/adult-calculator/index.html | https://www.investor.gov/financial-tools-calculators/calculators/compound-interest-calculator | https://www.bankrate.com/calculators.aspx | https://wise.com/us/currency-converter/ | https://www.zoho.com/books/gst-calculator/ | https://moneysmart.gov.au/budgeting/compound-interest-calculator,"Create a localized SEO block with intent-specific examples, common use cases, limitations, and links to closely related tools. Keep the tool UI unchanged, but align title/H1/meta copy with the primary keyword. Current visible content is thin for a competitive calculator query. This page needs stronger relevance signals because GSC has little or no query data yet. Add variants such as ""Calculadora de Edad online"" and ""Calculadora de Edad formula"" only where natural."
P3,https://anyconverter.io/es/aspect-ratio-calculator/,es\aspect-ratio-calculator\index.html,es,calculator,,,,Calculadora de Relación de Aspecto Online Gratis | AnyConverter,Calculadora de Relación de Aspecto,442,Calculadora de Relación de Aspecto,Calculadora de Relación de Aspecto online; Calculadora de Relación de Aspecto formula; Calculadora de Relación de Aspecto ejemplo,"Calculator SERPs reward pages with visible formulas, worked examples, definitions, country/unit variations, and trustworthy explanations around the calculator.","Calculator.net, Omni Calculator, Mayo Clinic, CDC/NHLBI, Bankrate, Investor.gov, Wise, Zoho, Moneysmart, Nordea",https://www.calculator.net/ | https://www.omnicalculator.com/ | https://www.mayoclinic.org/healthy-lifestyle/weight-loss/in-depth/calorie-calculator/itt-20402304 | https://www.cdc.gov/bmi/adult-calculator/index.html | https://www.investor.gov/financial-tools-calculators/calculators/compound-interest-calculator | https://www.bankrate.com/calculators.aspx | https://wise.com/us/currency-converter/ | https://www.zoho.com/books/gst-calculator/ | https://moneysmart.gov.au/budgeting/compound-interest-calculator,"Create a localized SEO block with intent-specific examples, common use cases, limitations, and links to closely related tools. Keep the tool UI unchanged, but align title/H1/meta copy with the primary keyword. Current visible content is thin for a competitive calculator query. This page needs stronger relevance signals because GSC has little or no query data yet. Add variants such as ""Calculadora de Relación de Aspecto online"" and ""Calculadora de Relación de Aspecto formula"" only where natural."
P3,https://anyconverter.io/es/bmi-calculator/,es\bmi-calculator\index.html,es,calculator,,,,Calculadora de IMC Online Gratis | AnyConverter,Calculadora de IMC,484,Calculadora de IMC,Calculadora de IMC online; Calculadora de IMC formula; Calculadora de IMC ejemplo,"Calculator SERPs reward pages with visible formulas, worked examples, definitions, country/unit variations, and trustworthy explanations around the calculator.","Calculator.net, Omni Calculator, Mayo Clinic, CDC/NHLBI, Bankrate, Investor.gov, Wise, Zoho, Moneysmart, Nordea",https://www.calculator.net/ | https://www.omnicalculator.com/ | https://www.mayoclinic.org/healthy-lifestyle/weight-loss/in-depth/calorie-calculator/itt-20402304 | https://www.cdc.gov/bmi/adult-calculator/index.html | https://www.investor.gov/financial-tools-calculators/calculators/compound-interest-calculator | https://www.bankrate.com/calculators.aspx | https://wise.com/us/currency-converter/ | https://www.zoho.com/books/gst-calculator/ | https://moneysmart.gov.au/budgeting/compound-interest-calculator,"Create a localized SEO block with intent-specific examples, common use cases, limitations, and links to closely related tools. Keep the tool UI unchanged, but align title/H1/meta copy with the primary keyword. Current visible content is thin for a competitive calculator query. This page needs stronger relevance signals because GSC has little or no query data yet. Add variants such as ""Calculadora de IMC online"" and ""Calculadora de IMC formula"" only where natural."
P3,https://anyconverter.io/es/browser-info/,es\browser-info\index.html,es,device,,,,Visor de Información del Navegador Online Gratis | AnyConverter,Visor de Información del Navegador,243,Visor de Información del Navegador,Visor de Información del Navegador online; Visor de Información del Navegador prueba; Visor de Información del Navegador verificador,"Device/test SERPs rank tools that run checks instantly, explain permissions/privacy, show clear pass/fail states, and include troubleshooting guidance.","OnlineMicTest, WebcamMicTest, Loom, EIZO, DeadPixelTest.org, WhatIsMyViewport, mdigi, Typing.com, TypingTest.com, LiveChat",https://www.onlinemictest.com/ | https://webcammictest.com/ | https://www.loom.com/webcam-test | https://www.eizo.be/monitor-test/ | https://deadpixeltest.org/ | https://whatismyviewport.com/ | https://typing.com/student/typing-test | https://www.typingtest.com/ | https://www.livechat.com/typing-speed-test/,"Create a localized SEO block with intent-specific examples, common use cases, limitations, and links to closely related tools. Keep the tool UI unchanged, but align title/H1/meta copy with the primary keyword. Current visible content is thin for a competitive device query. This page needs stronger relevance signals because GSC has little or no query data yet. Add variants such as ""Visor de Información del Navegador online"" and ""Visor de Información del Navegador prueba"" only where natural."
P3,https://anyconverter.io/es/color-converter/,es\color-converter\index.html,es,dev,,,,Conversor de Colores — HEX RGB HSL CMYK | AnyConverter,"Conversor de Colores — HEX, RGB, HSL, CMYK",472,Conversor de Colores,Conversor de Colores online; Conversor de Colores validador; Conversor de Colores formateador,"Developer-tool SERPs favor exact utility names, example input/output, validation/error states, copy/download buttons, and ""formatter/validator/converter/parser"" modifiers.","JSONFormatter.org, CodeBeautify, JSONLint, regex101, RegExr, Base64Decode.org, emn178, KeyCDN, MD5file",https://jsonformatter.org/ | https://codebeautify.org/ | https://jsonlint.com/ | https://regex101.com/ | https://regexr.com/ | https://www.base64decode.org/ | https://emn178.github.io/online-tools/ | https://tools.keycdn.com/,"Create a localized SEO block with intent-specific examples, common use cases, limitations, and links to closely related tools. Keep the tool UI unchanged, but align title/H1/meta copy with the primary keyword. Current visible content is thin for a competitive dev query. This page needs stronger relevance signals because GSC has little or no query data yet. Add variants such as ""Conversor de Colores online"" and ""Conversor de Colores validador"" only where natural."
P3,https://anyconverter.io/es/countdown-timer/,es\countdown-timer\index.html,es,productivity,,,,Temporizador de Cuenta Regresiva Online Gratis | AnyConverter,Temporizador de Cuenta Regresiva,306,Temporizador de Cuenta Regresiva,Temporizador de Cuenta Regresiva online; Temporizador de Cuenta Regresiva gratis; Temporizador de Cuenta Regresiva planificador,"Productivity SERPs emphasize immediate use, saved state, focus/timer workflows, templates, reminders, and low-friction task capture.","Pomofocus, PomodoroTimer.online, TomatoTimers, vClock, Online Stopwatch, Habi, HabitBox, Structured, Canva, Any.do, Microsoft To Do, Todoist",https://pomofocus.io/ | https://www.pomodorotimer.online/ | https://www.tomatotimers.com/ | https://vclock.com/timer/ | https://vclock.com/stopwatch/ | https://www.online-stopwatch.com/ | https://habi.app/ | https://habitbox.app/ | https://structured.app/daily-planner | https://www.canva.com/planners/templates/daily/ | https://todoist.com/ | https://to-do.office.com/tasks/,"Create a localized SEO block with intent-specific examples, common use cases, limitations, and links to closely related tools. Keep the tool UI unchanged, but align title/H1/meta copy with the primary keyword. Current visible content is thin for a competitive productivity query. This page needs stronger relevance signals because GSC has little or no query data yet. Add variants such as ""Temporizador de Cuenta Regresiva online"" and ""Temporizador de Cuenta Regresiva gratis"" only where natural."
P3,https://anyconverter.io/es/cron-expression-parser/,es\cron-expression-parser\index.html,es,dev,,,,Analizador de Expresiones Cron Online Gratis | AnyConverter,Analizador de Expresiones Cron,365,Analizador de Expresiones Cron,Analizador de Expresiones Cron online; Analizador de Expresiones Cron validador; Analizador de Expresiones Cron formateador,"Developer-tool SERPs favor exact utility names, example input/output, validation/error states, copy/download buttons, and ""formatter/validator/converter/parser"" modifiers.","JSONFormatter.org, CodeBeautify, JSONLint, regex101, RegExr, Base64Decode.org, emn178, KeyCDN, MD5file",https://jsonformatter.org/ | https://codebeautify.org/ | https://jsonlint.com/ | https://regex101.com/ | https://regexr.com/ | https://www.base64decode.org/ | https://emn178.github.io/online-tools/ | https://tools.keycdn.com/,"Create a localized SEO block with intent-specific examples, common use cases, limitations, and links to closely related tools. Keep the tool UI unchanged, but align title/H1/meta copy with the primary keyword. Current visible content is thin for a competitive dev query. This page needs stronger relevance signals because GSC has little or no query data yet. Add variants such as ""Analizador de Expresiones Cron online"" and ""Analizador de Expresiones Cron validador"" only where natural."
P3,https://anyconverter.io/es/css-shadow-generator/,es\css-shadow-generator\index.html,es,dev,,,,Generador de Sombras CSS Online Gratis | AnyConverter,Generador de Sombras CSS,380,css shadow generator,css shadow generator online; css shadow generator validador; css shadow generator formateador,"Developer-tool SERPs favor exact utility names, example input/output, validation/error states, copy/download buttons, and ""formatter/validator/converter/parser"" modifiers.","JSONFormatter.org, CodeBeautify, JSONLint, regex101, RegExr, Base64Decode.org, emn178, KeyCDN, MD5file",https://jsonformatter.org/ | https://codebeautify.org/ | https://jsonlint.com/ | https://regex101.com/ | https://regexr.com/ | https://www.base64decode.org/ | https://emn178.github.io/online-tools/ | https://tools.keycdn.com/,"Create a localized SEO block with intent-specific examples, common use cases, limitations, and links to closely related tools. Keep the tool UI unchanged, but align title/H1/meta copy with the primary keyword. Current visible content is thin for a competitive dev query. This page needs stronger relevance signals because GSC has little or no query data yet. Add variants such as ""css shadow generator online"" and ""css shadow generator validador"" only where natural."
P3,https://anyconverter.io/es/csv-to-sql/,es\csv-to-sql\index.html,es,dev,,,,Conversor CSV a SQL Online Gratis | AnyConverter,Conversor CSV a SQL,381,csv to sql,csv to sql online; csv to sql validador; csv to sql formateador,"Developer-tool SERPs favor exact utility names, example input/output, validation/error states, copy/download buttons, and ""formatter/validator/converter/parser"" modifiers.","JSONFormatter.org, CodeBeautify, JSONLint, regex101, RegExr, Base64Decode.org, emn178, KeyCDN, MD5file",https://jsonformatter.org/ | https://codebeautify.org/ | https://jsonlint.com/ | https://regex101.com/ | https://regexr.com/ | https://www.base64decode.org/ | https://emn178.github.io/online-tools/ | https://tools.keycdn.com/,"Create a localized SEO block with intent-specific examples, common use cases, limitations, and links to closely related tools. Keep the tool UI unchanged, but align title/H1/meta copy with the primary keyword. Current visible content is thin for a competitive dev query. This page needs stronger relevance signals because GSC has little or no query data yet. Add variants such as ""csv to sql online"" and ""csv to sql validador"" only where natural."
P3,https://anyconverter.io/es/currency-converter/,es\currency-converter\index.html,es,calculator,,,,Conversor de Divisas Online Gratis | AnyConverter,Conversor de Divisas,463,Conversor de Divisas,Conversor de Divisas online; Conversor de Divisas formula; Conversor de Divisas ejemplo,"Calculator SERPs reward pages with visible formulas, worked examples, definitions, country/unit variations, and trustworthy explanations around the calculator.","Calculator.net, Omni Calculator, Mayo Clinic, CDC/NHLBI, Bankrate, Investor.gov, Wise, Zoho, Moneysmart, Nordea",https://www.calculator.net/ | https://www.omnicalculator.com/ | https://www.mayoclinic.org/healthy-lifestyle/weight-loss/in-depth/calorie-calculator/itt-20402304 | https://www.cdc.gov/bmi/adult-calculator/index.html | https://www.investor.gov/financial-tools-calculators/calculators/compound-interest-calculator | https://www.bankrate.com/calculators.aspx | https://wise.com/us/currency-converter/ | https://www.zoho.com/books/gst-calculator/ | https://moneysmart.gov.au/budgeting/compound-interest-calculator,"Create a localized SEO block with intent-specific examples, common use cases, limitations, and links to closely related tools. Keep the tool UI unchanged, but align title/H1/meta copy with the primary keyword. Current visible content is thin for a competitive calculator query. This page needs stronger relevance signals because GSC has little or no query data yet. Add variants such as ""Conversor de Divisas online"" and ""Conversor de Divisas formula"" only where natural."
P3,https://anyconverter.io/es/dice-roller/,es\dice-roller\index.html,es,random,,,,Lanzador de Dados — d4 d6 d8 d10 d12 d20 | AnyConverter,Lanzador de Dados Online,326,d20 online roller,d20 online roller; d20 online roller aleatorio; d20 online roller resultado justo,"Randomizer SERPs favor playful but instant tools with probability/fairness notes, shareable results, list import/export, and task-specific variants.","Random.org, Calculator.net, Picker Wheel, Wheel of Names, Roll a Die, FlipSimu, AppSorteos, DnD Dice Roller",https://www.random.org/ | https://www.calculator.net/random-number-generator.html | https://pickerwheel.com/ | https://wheelofnames.com/ | https://rolladie.net/ | https://flipsimu.com/ | https://app-sorteos.com/en,"Create a localized SEO block with intent-specific examples, common use cases, limitations, and links to closely related tools. Keep the tool UI unchanged, but align title/H1/meta copy with the primary keyword. Current visible content is thin for a competitive random query. This page needs stronger relevance signals because GSC has little or no query data yet. Add variants such as ""d20 online roller"" and ""d20 online roller aleatorio"" only where natural."
P3,https://anyconverter.io/es/gst-vat-calculator/,es\gst-vat-calculator\index.html,es,calculator,,,,Calculadora de IVA / GST Online Gratis | AnyConverter,Calculadora de IVA / GST,618,Calculadora de IVA / GST,Calculadora de IVA / GST online; Calculadora de IVA / GST formula; Calculadora de IVA / GST ejemplo,"Calculator SERPs reward pages with visible formulas, worked examples, definitions, country/unit variations, and trustworthy explanations around the calculator.","Calculator.net, Omni Calculator, Mayo Clinic, CDC/NHLBI, Bankrate, Investor.gov, Wise, Zoho, Moneysmart, Nordea",https://www.calculator.net/ | https://www.omnicalculator.com/ | https://www.mayoclinic.org/healthy-lifestyle/weight-loss/in-depth/calorie-calculator/itt-20402304 | https://www.cdc.gov/bmi/adult-calculator/index.html | https://www.investor.gov/financial-tools-calculators/calculators/compound-interest-calculator | https://www.bankrate.com/calculators.aspx | https://wise.com/us/currency-converter/ | https://www.zoho.com/books/gst-calculator/ | https://moneysmart.gov.au/budgeting/compound-interest-calculator,"Create a localized SEO block with intent-specific examples, common use cases, limitations, and links to closely related tools. Keep the tool UI unchanged, but align title/H1/meta copy with the primary keyword. Current visible content is thin for a competitive calculator query. This page needs stronger relevance signals because GSC has little or no query data yet. Add variants such as ""Calculadora de IVA / GST online"" and ""Calculadora de IVA / GST formula"" only where natural."
P3,https://anyconverter.io/es/hash-generator/,es\hash-generator\index.html,es,dev,,,,Generador de Hash — MD5 SHA256 SHA512 | AnyConverter,"Generador de Hash — MD5, SHA-256, SHA-512",322,Generador de Hash,Generador de Hash online; Generador de Hash validador; Generador de Hash formateador,"Developer-tool SERPs favor exact utility names, example input/output, validation/error states, copy/download buttons, and ""formatter/validator/converter/parser"" modifiers.","JSONFormatter.org, CodeBeautify, JSONLint, regex101, RegExr, Base64Decode.org, emn178, KeyCDN, MD5file",https://jsonformatter.org/ | https://codebeautify.org/ | https://jsonlint.com/ | https://regex101.com/ | https://regexr.com/ | https://www.base64decode.org/ | https://emn178.github.io/online-tools/ | https://tools.keycdn.com/,"Create a localized SEO block with intent-specific examples, common use cases, limitations, and links to closely related tools. Keep the tool UI unchanged, but align title/H1/meta copy with the primary keyword. Current visible content is thin for a competitive dev query. This page needs stronger relevance signals because GSC has little or no query data yet. Add variants such as ""Generador de Hash online"" and ""Generador de Hash validador"" only where natural."
P3,https://anyconverter.io/es/html-beautifier/,es\html-beautifier\index.html,es,dev,,,,Embellecedor y Minificador HTML Online Gratis | AnyConverter,Embellecedor y Minificador HTML,400,beautifier html,beautifier html online; beautifier html validador; beautifier html formateador,"Developer-tool SERPs favor exact utility names, example input/output, validation/error states, copy/download buttons, and ""formatter/validator/converter/parser"" modifiers.","JSONFormatter.org, CodeBeautify, JSONLint, regex101, RegExr, Base64Decode.org, emn178, KeyCDN, MD5file",https://jsonformatter.org/ | https://codebeautify.org/ | https://jsonlint.com/ | https://regex101.com/ | https://regexr.com/ | https://www.base64decode.org/ | https://emn178.github.io/online-tools/ | https://tools.keycdn.com/,"Create a localized SEO block with intent-specific examples, common use cases, limitations, and links to closely related tools. Keep the tool UI unchanged, but align title/H1/meta copy with the primary keyword. Current visible content is thin for a competitive dev query. This page needs stronger relevance signals because GSC has little or no query data yet. Add variants such as ""beautifier html online"" and ""beautifier html validador"" only where natural."
P3,https://anyconverter.io/es/html-to-pdf/,es\html-to-pdf\index.html,es,pdf,,,,Convertir HTML a PDF Online Gratis | AnyConverter,Conversor de HTML a PDF,288,Convertir HTML a PDF,Convertir HTML a PDF online; Convertir HTML a PDF gratis; Convertir HTML a PDF en el navegador,"Top PDF SERPs lead with the exact task, privacy/free/browser language, clear upload controls, adjacent PDF actions, and short step-by-step copy.","Adobe Acrobat, iLovePDF, Smallpdf, PDF24, Sejda, PDF2Go, PDFChef, FreeConvert, PDFgear",https://www.adobe.com/acrobat/online.html | https://www.ilovepdf.com/ | https://smallpdf.com/pdf-tools | https://tools.pdf24.org/en/ | https://www.sejda.com/ | https://www.pdf2go.com/ | https://www.freeconvert.com/pdf-tools,"Create a localized SEO block with intent-specific examples, common use cases, limitations, and links to closely related tools. Keep the tool UI unchanged, but align title/H1/meta copy with the primary keyword. Current visible content is thin for a competitive pdf query. This page needs stronger relevance signals because GSC has little or no query data yet. Add variants such as ""Convertir HTML a PDF online"" and ""Convertir HTML a PDF gratis"" only where natural."
P3,https://anyconverter.io/es/image-compressor/,es\image-compressor\index.html,es,image,,,,Compresor de Imágenes Online Gratis | AnyConverter,Compresor de Imágenes,519,Compresor de Imágenes,Compresor de Imágenes online; Compresor de Imágenes gratis; Compresor de Imágenes convertidor,"Image/QR SERPs favor exact task pages with compression/conversion settings, supported formats, file-size expectations, and device-friendly download/share actions.","TinyPNG, ImageCompressor.com, iLoveIMG, FreeConvert, Img2Go, toWebP.io, CloudConvert, Picflow, QR Code Generator",https://tinypng.com/ | https://imagecompressor.com/ | https://www.iloveimg.com/ | https://www.freeconvert.com/image-converter | https://www.img2go.com/ | https://towebp.io/ | https://cloudconvert.com/ | https://www.qr-code-generator.com/,"Create a localized SEO block with intent-specific examples, common use cases, limitations, and links to closely related tools. Keep the tool UI unchanged, but align title/H1/meta copy with the primary keyword. Current visible content is thin for a competitive image query. This page needs stronger relevance signals because GSC has little or no query data yet. Add variants such as ""Compresor de Imágenes online"" and ""Compresor de Imágenes gratis"" only where natural."
P3,https://anyconverter.io/es/image-converter/,es\image-converter\index.html,es,image,,,,Convertidor de Imágenes — PNG JPG WebP | AnyConverter,Convertidor de Imágenes Gratis,318,Convertidor de Imágenes Gratis,Convertidor de Imágenes Gratis online; Convertidor de Imágenes Gratis,"Image/QR SERPs favor exact task pages with compression/conversion settings, supported formats, file-size expectations, and device-friendly download/share actions.","TinyPNG, ImageCompressor.com, iLoveIMG, FreeConvert, Img2Go, toWebP.io, CloudConvert, Picflow, QR Code Generator",https://tinypng.com/ | https://imagecompressor.com/ | https://www.iloveimg.com/ | https://www.freeconvert.com/image-converter | https://www.img2go.com/ | https://towebp.io/ | https://cloudconvert.com/ | https://www.qr-code-generator.com/,"Create a localized SEO block with intent-specific examples, common use cases, limitations, and links to closely related tools. Keep the tool UI unchanged, but align title/H1/meta copy with the primary keyword. Current visible content is thin for a competitive image query. This page needs stronger relevance signals because GSC has little or no query data yet. Add variants such as ""Convertidor de Imágenes Gratis online"" and ""Convertidor de Imágenes Gratis"" only where natural."
P3,https://anyconverter.io/es/invoice-generator/,es\invoice-generator\index.html,es,business,,,,Generador de Facturas Online Gratis | AnyConverter,Generador de Facturas,394,generador de facturas,crear factura online; plantilla de factura; factura PDF,"Business-generator SERPs emphasize fast form completion, template quality, compliance/trust notes, export formats, and practical examples for common business types.","Zoho, Canva, Invoice Simple, Shopify, Termly, PrivacyPolicies.com, iubenda",https://www.zoho.com/us/invoice/free-invoice-generator.html | https://www.canva.com/invoice/ | https://www.shopify.com/tools/policy-generator | https://termly.io/products/privacy-policy-generator/ | https://www.privacypolicies.com/privacy-policy-generator/ | https://www.iubenda.com/en/blog/shopify-privacy-policy-generator-why-you-should-use-one/,"Create a localized SEO block with intent-specific examples, common use cases, limitations, and links to closely related tools. Keep the tool UI unchanged, but align title/H1/meta copy with the primary keyword. Current visible content is thin for a competitive business query. This page needs stronger relevance signals because GSC has little or no query data yet. Add variants such as ""generador de facturas online"" and ""generador de facturas plantilla"" only where natural."
P3,https://anyconverter.io/es/lorem-ipsum-generator/,es\lorem-ipsum-generator\index.html,es,text,,,,Generador de Lorem Ipsum Online Gratis | AnyConverter,Generador de Lorem Ipsum,454,Generador de Lorem Ipsum,Generador de Lorem Ipsum online; Generador de Lorem Ipsum gratis; Generador de Lorem Ipsum,"Text-tool SERPs rank pages that show the input box immediately, explain accepted formats, include examples, and use ""counter/converter/generator/checker"" intent words.","WordCounter.net, CharacterCountTool, Grammarly, WordCounter.io, ConvertCase, TitleCaseConverter, Diffchecker, Text-Compare",https://wordcounter.net/ | https://charactercounttool.com/ | https://www.grammarly.com/character-counter | https://convertcase.net/ | https://titlecaseconverter.com/ | https://www.diffchecker.com/text-compare/ | https://www.text-compare.com/,"Create a localized SEO block with intent-specific examples, common use cases, limitations, and links to closely related tools. Keep the tool UI unchanged, but align title/H1/meta copy with the primary keyword. Current visible content is thin for a competitive text query. This page needs stronger relevance signals because GSC has little or no query data yet. Add variants such as ""Generador de Lorem Ipsum online"" and ""Generador de Lorem Ipsum gratis"" only where natural."
P3,https://anyconverter.io/es/markdown-html/,es\markdown-html\index.html,es,dev,,,,Conversor de Markdown a HTML Online Gratis | AnyConverter,Conversor de Markdown a HTML,403,Conversor de Markdown a HTML,Conversor de Markdown a HTML online; Conversor de Markdown a HTML validador; Conversor de Markdown a HTML formateador,"Developer-tool SERPs favor exact utility names, example input/output, validation/error states, copy/download buttons, and ""formatter/validator/converter/parser"" modifiers.","JSONFormatter.org, CodeBeautify, JSONLint, regex101, RegExr, Base64Decode.org, emn178, KeyCDN, MD5file",https://jsonformatter.org/ | https://codebeautify.org/ | https://jsonlint.com/ | https://regex101.com/ | https://regexr.com/ | https://www.base64decode.org/ | https://emn178.github.io/online-tools/ | https://tools.keycdn.com/,"Create a localized SEO block with intent-specific examples, common use cases, limitations, and links to closely related tools. Keep the tool UI unchanged, but align title/H1/meta copy with the primary keyword. Current visible content is thin for a competitive dev query. This page needs stronger relevance signals because GSC has little or no query data yet. Add variants such as ""Conversor de Markdown a HTML online"" and ""Conversor de Markdown a HTML validador"" only where natural."
P3,https://anyconverter.io/es/monitor-color-test/,es\monitor-color-test\index.html,es,device,,,,Prueba de Color del Monitor Online Gratis | AnyConverter,Prueba de Color del Monitor,330,monitor color test,monitor color test online; monitor color test prueba; monitor color test verificador,"Device/test SERPs rank tools that run checks instantly, explain permissions/privacy, show clear pass/fail states, and include troubleshooting guidance.","OnlineMicTest, WebcamMicTest, Loom, EIZO, DeadPixelTest.org, WhatIsMyViewport, mdigi, Typing.com, TypingTest.com, LiveChat",https://www.onlinemictest.com/ | https://webcammictest.com/ | https://www.loom.com/webcam-test | https://www.eizo.be/monitor-test/ | https://deadpixeltest.org/ | https://whatismyviewport.com/ | https://typing.com/student/typing-test | https://www.typingtest.com/ | https://www.livechat.com/typing-speed-test/,"Create a localized SEO block with intent-specific examples, common use cases, limitations, and links to closely related tools. Keep the tool UI unchanged, but align title/H1/meta copy with the primary keyword. Current visible content is thin for a competitive device query. This page needs stronger relevance signals because GSC has little or no query data yet. Add variants such as ""monitor color test online"" and ""monitor color test prueba"" only where natural."
P3,https://anyconverter.io/es/number-to-words/,es\number-to-words\index.html,es,text,,,,Convertidor de Números a Palabras Online Gratis | AnyConverter,Convertidor de Números a Palabras,345,Convertidor de Números a Palabras,Convertidor de Números a Palabras online; Convertidor de Números a Palabras gratis; Convertidor de Números a Palabras generador,"Text-tool SERPs rank pages that show the input box immediately, explain accepted formats, include examples, and use ""counter/converter/generator/checker"" intent words.","WordCounter.net, CharacterCountTool, Grammarly, WordCounter.io, ConvertCase, TitleCaseConverter, Diffchecker, Text-Compare",https://wordcounter.net/ | https://charactercounttool.com/ | https://www.grammarly.com/character-counter | https://convertcase.net/ | https://titlecaseconverter.com/ | https://www.diffchecker.com/text-compare/ | https://www.text-compare.com/,"Create a localized SEO block with intent-specific examples, common use cases, limitations, and links to closely related tools. Keep the tool UI unchanged, but align title/H1/meta copy with the primary keyword. Current visible content is thin for a competitive text query. This page needs stronger relevance signals because GSC has little or no query data yet. Add variants such as ""Convertidor de Números a Palabras online"" and ""Convertidor de Números a Palabras gratis"" only where natural."
P3,https://anyconverter.io/es/password-strength-checker/,es\password-strength-checker\index.html,es,device,,,,Comprobador de Fortaleza de Contraseña | AnyConverter,Comprobador de Fortaleza de Contraseña,421,password strength checker,password strength checker online; password strength checker prueba; password strength checker verificador,"Device/test SERPs rank tools that run checks instantly, explain permissions/privacy, show clear pass/fail states, and include troubleshooting guidance.","OnlineMicTest, WebcamMicTest, Loom, EIZO, DeadPixelTest.org, WhatIsMyViewport, mdigi, Typing.com, TypingTest.com, LiveChat",https://www.onlinemictest.com/ | https://webcammictest.com/ | https://www.loom.com/webcam-test | https://www.eizo.be/monitor-test/ | https://deadpixeltest.org/ | https://whatismyviewport.com/ | https://typing.com/student/typing-test | https://www.typingtest.com/ | https://www.livechat.com/typing-speed-test/,"Create a localized SEO block with intent-specific examples, common use cases, limitations, and links to closely related tools. Keep the tool UI unchanged, but align title/H1/meta copy with the primary keyword. Current visible content is thin for a competitive device query. This page needs stronger relevance signals because GSC has little or no query data yet. Add variants such as ""password strength checker online"" and ""password strength checker prueba"" only where natural."
P3,https://anyconverter.io/es/pdf-forms/,es\pdf-forms\index.html,es,pdf,,,,Rellenar Formularios PDF Online Gratis | AnyConverter,Rellenar Formularios PDF Online,288,fill PDF forms online,PDF form filler; create fillable PDF; free PDF forms,"Top PDF SERPs lead with the exact task, privacy/free/browser language, clear upload controls, adjacent PDF actions, and short step-by-step copy.","Adobe Acrobat, iLovePDF, Smallpdf, PDF24, Sejda, PDF2Go, PDFChef, FreeConvert, PDFgear",https://www.adobe.com/acrobat/online.html | https://www.ilovepdf.com/ | https://smallpdf.com/pdf-tools | https://tools.pdf24.org/en/ | https://www.sejda.com/ | https://www.pdf2go.com/ | https://www.freeconvert.com/pdf-tools,"Create a localized SEO block with intent-specific examples, common use cases, limitations, and links to closely related tools. Keep the tool UI unchanged, but align title/H1/meta copy with the primary keyword. Current visible content is thin for a competitive pdf query. This page needs stronger relevance signals because GSC has little or no query data yet. Add variants such as ""fill PDF forms online"" and ""fill PDF forms online gratis"" only where natural."
P3,https://anyconverter.io/es/pdf-security/,es\pdf-security\index.html,es,pdf,,,,Seguridad PDF — Establecer Permisos Online Gratis | AnyConverter,Seguridad PDF — Establecer Permisos,288,Seguridad PDF,Seguridad PDF online; Seguridad PDF gratis; Seguridad PDF en el navegador,"Top PDF SERPs lead with the exact task, privacy/free/browser language, clear upload controls, adjacent PDF actions, and short step-by-step copy.","Adobe Acrobat, iLovePDF, Smallpdf, PDF24, Sejda, PDF2Go, PDFChef, FreeConvert, PDFgear",https://www.adobe.com/acrobat/online.html | https://www.ilovepdf.com/ | https://smallpdf.com/pdf-tools | https://tools.pdf24.org/en/ | https://www.sejda.com/ | https://www.pdf2go.com/ | https://www.freeconvert.com/pdf-tools,"Create a localized SEO block with intent-specific examples, common use cases, limitations, and links to closely related tools. Keep the tool UI unchanged, but align title/H1/meta copy with the primary keyword. Current visible content is thin for a competitive pdf query. This page needs stronger relevance signals because GSC has little or no query data yet. Add variants such as ""Seguridad PDF online"" and ""Seguridad PDF gratis"" only where natural."
P3,https://anyconverter.io/es/percentage-calculator/,es\percentage-calculator\index.html,es,calculator,,,,Calculadora de Porcentajes Online Gratis | AnyConverter,Calculadora de Porcentajes,549,Calculadora de Porcentajes,Calculadora de Porcentajes online; Calculadora de Porcentajes formula; Calculadora de Porcentajes ejemplo,"Calculator SERPs reward pages with visible formulas, worked examples, definitions, country/unit variations, and trustworthy explanations around the calculator.","Calculator.net, Omni Calculator, Mayo Clinic, CDC/NHLBI, Bankrate, Investor.gov, Wise, Zoho, Moneysmart, Nordea",https://www.calculator.net/ | https://www.omnicalculator.com/ | https://www.mayoclinic.org/healthy-lifestyle/weight-loss/in-depth/calorie-calculator/itt-20402304 | https://www.cdc.gov/bmi/adult-calculator/index.html | https://www.investor.gov/financial-tools-calculators/calculators/compound-interest-calculator | https://www.bankrate.com/calculators.aspx | https://wise.com/us/currency-converter/ | https://www.zoho.com/books/gst-calculator/ | https://moneysmart.gov.au/budgeting/compound-interest-calculator,"Create a localized SEO block with intent-specific examples, common use cases, limitations, and links to closely related tools. Keep the tool UI unchanged, but align title/H1/meta copy with the primary keyword. Current visible content is thin for a competitive calculator query. This page needs stronger relevance signals because GSC has little or no query data yet. Add variants such as ""Calculadora de Porcentajes online"" and ""Calculadora de Porcentajes formula"" only where natural."
P3,https://anyconverter.io/es/pomodoro-timer/,es\pomodoro-timer\index.html,es,productivity,,,,Temporizador Pomodoro Online Gratis | AnyConverter,Temporizador Pomodoro,411,Temporizador Pomodoro,Temporizador Pomodoro online; Temporizador Pomodoro gratis; Temporizador Pomodoro planificador,"Productivity SERPs emphasize immediate use, saved state, focus/timer workflows, templates, reminders, and low-friction task capture.","Pomofocus, PomodoroTimer.online, TomatoTimers, vClock, Online Stopwatch, Habi, HabitBox, Structured, Canva, Any.do, Microsoft To Do, Todoist",https://pomofocus.io/ | https://www.pomodorotimer.online/ | https://www.tomatotimers.com/ | https://vclock.com/timer/ | https://vclock.com/stopwatch/ | https://www.online-stopwatch.com/ | https://habi.app/ | https://habitbox.app/ | https://structured.app/daily-planner | https://www.canva.com/planners/templates/daily/ | https://todoist.com/ | https://to-do.office.com/tasks/,"Create a localized SEO block with intent-specific examples, common use cases, limitations, and links to closely related tools. Keep the tool UI unchanged, but align title/H1/meta copy with the primary keyword. Current visible content is thin for a competitive productivity query. This page needs stronger relevance signals because GSC has little or no query data yet. Add variants such as ""Temporizador Pomodoro online"" and ""Temporizador Pomodoro gratis"" only where natural."
P3,https://anyconverter.io/es/redact-pdf/,es\redact-pdf\index.html,es,pdf,,,,Redactar PDF Online Gratis | AnyConverter,Redactar PDF,362,redactar pdf,redactar pdf online; redactar pdf gratis; redactar pdf en el navegador,"Top PDF SERPs lead with the exact task, privacy/free/browser language, clear upload controls, adjacent PDF actions, and short step-by-step copy.","Adobe Acrobat, iLovePDF, Smallpdf, PDF24, Sejda, PDF2Go, PDFChef, FreeConvert, PDFgear",https://www.adobe.com/acrobat/online.html | https://www.ilovepdf.com/ | https://smallpdf.com/pdf-tools | https://tools.pdf24.org/en/ | https://www.sejda.com/ | https://www.pdf2go.com/ | https://www.freeconvert.com/pdf-tools,"Create a localized SEO block with intent-specific examples, common use cases, limitations, and links to closely related tools. Keep the tool UI unchanged, but align title/H1/meta copy with the primary keyword. Current visible content is thin for a competitive pdf query. This page needs stronger relevance signals because GSC has little or no query data yet. Add variants such as ""redactar pdf online"" and ""redactar pdf gratis"" only where natural."
P3,https://anyconverter.io/es/roman-numeral-converter/,es\roman-numeral-converter\index.html,es,text,,,,Convertidor de Números Romanos Online Gratis | AnyConverter,Convertidor de Números Romanos,385,roman numeral converter,convert roman numerals; roman numbers converter; roman numeral calculator,"Text-tool SERPs rank pages that show the input box immediately, explain accepted formats, include examples, and use ""counter/converter/generator/checker"" intent words.","WordCounter.net, CharacterCountTool, Grammarly, WordCounter.io, ConvertCase, TitleCaseConverter, Diffchecker, Text-Compare",https://wordcounter.net/ | https://charactercounttool.com/ | https://www.grammarly.com/character-counter | https://convertcase.net/ | https://titlecaseconverter.com/ | https://www.diffchecker.com/text-compare/ | https://www.text-compare.com/,"Create a localized SEO block with intent-specific examples, common use cases, limitations, and links to closely related tools. Keep the tool UI unchanged, but align title/H1/meta copy with the primary keyword. Current visible content is thin for a competitive text query. This page needs stronger relevance signals because GSC has little or no query data yet. Add variants such as ""roman numeral converter online"" and ""roman numeral converter gratis"" only where natural."
P3,https://anyconverter.io/es/sleep-calculator/,es\sleep-calculator\index.html,es,calculator,,,,Calculadora de Sueño Online Gratis | AnyConverter,Calculadora de Sueño,440,sleep calculator,sleep calculator online; sleep calculator formula; sleep calculator ejemplo,"Calculator SERPs reward pages with visible formulas, worked examples, definitions, country/unit variations, and trustworthy explanations around the calculator.","Calculator.net, Omni Calculator, Mayo Clinic, CDC/NHLBI, Bankrate, Investor.gov, Wise, Zoho, Moneysmart, Nordea",https://www.calculator.net/ | https://www.omnicalculator.com/ | https://www.mayoclinic.org/healthy-lifestyle/weight-loss/in-depth/calorie-calculator/itt-20402304 | https://www.cdc.gov/bmi/adult-calculator/index.html | https://www.investor.gov/financial-tools-calculators/calculators/compound-interest-calculator | https://www.bankrate.com/calculators.aspx | https://wise.com/us/currency-converter/ | https://www.zoho.com/books/gst-calculator/ | https://moneysmart.gov.au/budgeting/compound-interest-calculator,"Create a localized SEO block with intent-specific examples, common use cases, limitations, and links to closely related tools. Keep the tool UI unchanged, but align title/H1/meta copy with the primary keyword. Current visible content is thin for a competitive calculator query. This page needs stronger relevance signals because GSC has little or no query data yet. Add variants such as ""sleep calculator online"" and ""sleep calculator formula"" only where natural."
P3,https://anyconverter.io/es/spin-the-wheel/,es\spin-the-wheel\index.html,es,random,,,,Girar la Ruleta — Decisor Aleatorio Online Gratis | AnyConverter,Girar la Ruleta,263,Girar la Ruleta,Girar la Ruleta online; Girar la Ruleta aleatorio; Girar la Ruleta resultado justo,"Randomizer SERPs favor playful but instant tools with probability/fairness notes, shareable results, list import/export, and task-specific variants.","Random.org, Calculator.net, Picker Wheel, Wheel of Names, Roll a Die, FlipSimu, AppSorteos, DnD Dice Roller",https://www.random.org/ | https://www.calculator.net/random-number-generator.html | https://pickerwheel.com/ | https://wheelofnames.com/ | https://rolladie.net/ | https://flipsimu.com/ | https://app-sorteos.com/en,"Create a localized SEO block with intent-specific examples, common use cases, limitations, and links to closely related tools. Keep the tool UI unchanged, but align title/H1/meta copy with the primary keyword. Current visible content is thin for a competitive random query. This page needs stronger relevance signals because GSC has little or no query data yet. Add variants such as ""Girar la Ruleta online"" and ""Girar la Ruleta aleatorio"" only where natural."
P3,https://anyconverter.io/es/team-picker/,es\team-picker\index.html,es,random,,,,Selector de Equipos — Dividir Personas en Equipos | AnyConverter,Selector de Equipos Online,309,team picker,team picker online; team picker aleatorio; team picker resultado justo,"Randomizer SERPs favor playful but instant tools with probability/fairness notes, shareable results, list import/export, and task-specific variants.","Random.org, Calculator.net, Picker Wheel, Wheel of Names, Roll a Die, FlipSimu, AppSorteos, DnD Dice Roller",https://www.random.org/ | https://www.calculator.net/random-number-generator.html | https://pickerwheel.com/ | https://wheelofnames.com/ | https://rolladie.net/ | https://flipsimu.com/ | https://app-sorteos.com/en,"Create a localized SEO block with intent-specific examples, common use cases, limitations, and links to closely related tools. Keep the tool UI unchanged, but align title/H1/meta copy with the primary keyword. Current visible content is thin for a competitive random query. This page needs stronger relevance signals because GSC has little or no query data yet. Add variants such as ""team picker online"" and ""team picker aleatorio"" only where natural."
P3,https://anyconverter.io/es/text-repeater/,es\text-repeater\index.html,es,text,,,,Repetidor de Texto Online Gratis | AnyConverter,Repetidor de Texto,301,text repeater online,text repeater online; text repeater online gratis; text repeater online generador,"Text-tool SERPs rank pages that show the input box immediately, explain accepted formats, include examples, and use ""counter/converter/generator/checker"" intent words.","WordCounter.net, CharacterCountTool, Grammarly, WordCounter.io, ConvertCase, TitleCaseConverter, Diffchecker, Text-Compare",https://wordcounter.net/ | https://charactercounttool.com/ | https://www.grammarly.com/character-counter | https://convertcase.net/ | https://titlecaseconverter.com/ | https://www.diffchecker.com/text-compare/ | https://www.text-compare.com/,"Create a localized SEO block with intent-specific examples, common use cases, limitations, and links to closely related tools. Keep the tool UI unchanged, but align title/H1/meta copy with the primary keyword. Current visible content is thin for a competitive text query. This page needs stronger relevance signals because GSC has little or no query data yet. Add variants such as ""text repeater online"" and ""text repeater online gratis"" only where natural."
P3,https://anyconverter.io/es/timestamp-converter/,es\timestamp-converter\index.html,es,dev,,,,Convertidor de Timestamp Unix Online — Gratis | AnyConverter,Convertidor de Timestamp Unix,440,Convertidor de Timestamp Unix,Convertidor de Timestamp Unix online; Convertidor de Timestamp Unix validador; Convertidor de Timestamp Unix formateador,"Developer-tool SERPs favor exact utility names, example input/output, validation/error states, copy/download buttons, and ""formatter/validator/converter/parser"" modifiers.","JSONFormatter.org, CodeBeautify, JSONLint, regex101, RegExr, Base64Decode.org, emn178, KeyCDN, MD5file",https://jsonformatter.org/ | https://codebeautify.org/ | https://jsonlint.com/ | https://regex101.com/ | https://regexr.com/ | https://www.base64decode.org/ | https://emn178.github.io/online-tools/ | https://tools.keycdn.com/,"Create a localized SEO block with intent-specific examples, common use cases, limitations, and links to closely related tools. Keep the tool UI unchanged, but align title/H1/meta copy with the primary keyword. Current visible content is thin for a competitive dev query. This page needs stronger relevance signals because GSC has little or no query data yet. Add variants such as ""Convertidor de Timestamp Unix online"" and ""Convertidor de Timestamp Unix validador"" only where natural."
P3,https://anyconverter.io/es/todo-list/,es\todo-list\index.html,es,productivity,,,,Lista de Tareas Online Gratis | AnyConverter,Lista de Tareas Online,282,Lista de Tareas,Lista de Tareas online; Lista de Tareas gratis; Lista de Tareas planificador,"Productivity SERPs emphasize immediate use, saved state, focus/timer workflows, templates, reminders, and low-friction task capture.","Pomofocus, PomodoroTimer.online, TomatoTimers, vClock, Online Stopwatch, Habi, HabitBox, Structured, Canva, Any.do, Microsoft To Do, Todoist",https://pomofocus.io/ | https://www.pomodorotimer.online/ | https://www.tomatotimers.com/ | https://vclock.com/timer/ | https://vclock.com/stopwatch/ | https://www.online-stopwatch.com/ | https://habi.app/ | https://habitbox.app/ | https://structured.app/daily-planner | https://www.canva.com/planners/templates/daily/ | https://todoist.com/ | https://to-do.office.com/tasks/,"Create a localized SEO block with intent-specific examples, common use cases, limitations, and links to closely related tools. Keep the tool UI unchanged, but align title/H1/meta copy with the primary keyword. Current visible content is thin for a competitive productivity query. This page needs stronger relevance signals because GSC has little or no query data yet. Add variants such as ""Lista de Tareas online"" and ""Lista de Tareas gratis"" only where natural."
P3,https://anyconverter.io/es/typing-speed-test/,es\typing-speed-test\index.html,es,device,,,,Prueba de Velocidad de Escritura Online Gratis | AnyConverter,Prueba de Velocidad de Escritura,558,Prueba de Velocidad de Escritura,Prueba de Velocidad de Escritura online; Prueba de Velocidad de Escritura; Prueba de Velocidad de Escritura verificador,"Device/test SERPs rank tools that run checks instantly, explain permissions/privacy, show clear pass/fail states, and include troubleshooting guidance.","OnlineMicTest, WebcamMicTest, Loom, EIZO, DeadPixelTest.org, WhatIsMyViewport, mdigi, Typing.com, TypingTest.com, LiveChat",https://www.onlinemictest.com/ | https://webcammictest.com/ | https://www.loom.com/webcam-test | https://www.eizo.be/monitor-test/ | https://deadpixeltest.org/ | https://whatismyviewport.com/ | https://typing.com/student/typing-test | https://www.typingtest.com/ | https://www.livechat.com/typing-speed-test/,"Create a localized SEO block with intent-specific examples, common use cases, limitations, and links to closely related tools. Keep the tool UI unchanged, but align title/H1/meta copy with the primary keyword. Current visible content is thin for a competitive device query. This page needs stronger relevance signals because GSC has little or no query data yet. Add variants such as ""Prueba de Velocidad de Escritura online"" and ""Prueba de Velocidad de Escritura"" only where natural."
P3,https://anyconverter.io/es/xml-formatter/,es\xml-formatter\index.html,es,dev,,,,Formateador XML Online Gratis | AnyConverter,Formateador y Validador de XML,253,Formateador XML,Formateador XML online; Formateador XML validador; Formateador XML,"Developer-tool SERPs favor exact utility names, example input/output, validation/error states, copy/download buttons, and ""formatter/validator/converter/parser"" modifiers.","JSONFormatter.org, CodeBeautify, JSONLint, regex101, RegExr, Base64Decode.org, emn178, KeyCDN, MD5file",https://jsonformatter.org/ | https://codebeautify.org/ | https://jsonlint.com/ | https://regex101.com/ | https://regexr.com/ | https://www.base64decode.org/ | https://emn178.github.io/online-tools/ | https://tools.keycdn.com/,"Create a localized SEO block with intent-specific examples, common use cases, limitations, and links to closely related tools. Keep the tool UI unchanged, but align title/H1/meta copy with the primary keyword. Current visible content is thin for a competitive dev query. This page needs stronger relevance signals because GSC has little or no query data yet. Add variants such as ""Formateador XML online"" and ""Formateador XML validador"" only where natural."
P3,https://anyconverter.io/hash-generator/,hash-generator\index.html,en,dev,,,,Hash Generator Online — MD5 SHA256 SHA512 Free | AnyConverter,"Hash Generator — MD5, SHA-256, SHA-512",437,Hash Generator,Hash Generator online; Hash Generator validator; Hash Generator formatter,"Developer-tool SERPs favor exact utility names, example input/output, validation/error states, copy/download buttons, and ""formatter/validator/converter/parser"" modifiers.","JSONFormatter.org, CodeBeautify, JSONLint, regex101, RegExr, Base64Decode.org, emn178, KeyCDN, MD5file",https://jsonformatter.org/ | https://codebeautify.org/ | https://jsonlint.com/ | https://regex101.com/ | https://regexr.com/ | https://www.base64decode.org/ | https://emn178.github.io/online-tools/ | https://tools.keycdn.com/,"Create a concise SEO block with examples, use cases, limitations, FAQs, and related-tool links. Keep the tool UI unchanged, but align title/H1/meta copy with the primary keyword. Current visible content is thin for a competitive dev query. This page needs stronger relevance signals because GSC has little or no query data yet. Add variants such as ""Hash Generator online"" and ""Hash Generator validator"" only where natural."
P3,https://anyconverter.io/html-to-pdf/,html-to-pdf\index.html,en,pdf,,,,HTML to PDF Converter Online Free | AnyConverter,HTML to PDF Converter,267,HTML to PDF Converter,HTML to PDF Converter online; HTML to PDF Converter free; HTML to PDF Converter browser-based,"Top PDF SERPs lead with the exact task, privacy/free/browser language, clear upload controls, adjacent PDF actions, and short step-by-step copy.","Adobe Acrobat, iLovePDF, Smallpdf, PDF24, Sejda, PDF2Go, PDFChef, FreeConvert, PDFgear",https://www.adobe.com/acrobat/online.html | https://www.ilovepdf.com/ | https://smallpdf.com/pdf-tools | https://tools.pdf24.org/en/ | https://www.sejda.com/ | https://www.pdf2go.com/ | https://www.freeconvert.com/pdf-tools,"Create a concise SEO block with examples, use cases, limitations, FAQs, and related-tool links. Keep the tool UI unchanged, but align title/H1/meta copy with the primary keyword. Current visible content is thin for a competitive pdf query. This page needs stronger relevance signals because GSC has little or no query data yet. Add variants such as ""HTML to PDF Converter online"" and ""HTML to PDF Converter free"" only where natural."
P3,https://anyconverter.io/image-compressor/,image-compressor\index.html,en,image,,,,Image Compressor Online Free | AnyConverter,Image Compressor,471,Image Compressor,Image Compressor online; Image Compressor free; Image Compressor converter,"Image/QR SERPs favor exact task pages with compression/conversion settings, supported formats, file-size expectations, and device-friendly download/share actions.","TinyPNG, ImageCompressor.com, iLoveIMG, FreeConvert, Img2Go, toWebP.io, CloudConvert, Picflow, QR Code Generator",https://tinypng.com/ | https://imagecompressor.com/ | https://www.iloveimg.com/ | https://www.freeconvert.com/image-converter | https://www.img2go.com/ | https://towebp.io/ | https://cloudconvert.com/ | https://www.qr-code-generator.com/,"Create a concise SEO block with examples, use cases, limitations, FAQs, and related-tool links. Keep the tool UI unchanged, but align title/H1/meta copy with the primary keyword. Current visible content is thin for a competitive image query. This page needs stronger relevance signals because GSC has little or no query data yet. Add variants such as ""Image Compressor online"" and ""Image Compressor free"" only where natural."
P3,https://anyconverter.io/jpg-to-pdf/,jpg-to-pdf\index.html,en,pdf,,,,JPG to PDF Converter Online Free | AnyConverter,JPG to PDF Converter,263,JPG to PDF Converter,JPG to PDF Converter online; JPG to PDF Converter free; JPG to PDF Converter browser-based,"Top PDF SERPs lead with the exact task, privacy/free/browser language, clear upload controls, adjacent PDF actions, and short step-by-step copy.","Adobe Acrobat, iLovePDF, Smallpdf, PDF24, Sejda, PDF2Go, PDFChef, FreeConvert, PDFgear",https://www.adobe.com/acrobat/online.html | https://www.ilovepdf.com/ | https://smallpdf.com/pdf-tools | https://tools.pdf24.org/en/ | https://www.sejda.com/ | https://www.pdf2go.com/ | https://www.freeconvert.com/pdf-tools,"Create a concise SEO block with examples, use cases, limitations, FAQs, and related-tool links. Keep the tool UI unchanged, but align title/H1/meta copy with the primary keyword. Current visible content is thin for a competitive pdf query. This page needs stronger relevance signals because GSC has little or no query data yet. Add variants such as ""JPG to PDF Converter online"" and ""JPG to PDF Converter free"" only where natural."
P3,https://anyconverter.io/json-formatter/,json-formatter\index.html,en,dev,,,,JSON Formatter &amp; Validator Online — Free | AnyConverter,JSON Formatter &amp; Validator,467,JSON formatter,JSON beautifier; JSON validator; format JSON online,"Developer-tool SERPs favor exact utility names, example input/output, validation/error states, copy/download buttons, and ""formatter/validator/converter/parser"" modifiers.","JSONFormatter.org, CodeBeautify, JSONLint, regex101, RegExr, Base64Decode.org, emn178, KeyCDN, MD5file",https://jsonformatter.org/ | https://codebeautify.org/ | https://jsonlint.com/ | https://regex101.com/ | https://regexr.com/ | https://www.base64decode.org/ | https://emn178.github.io/online-tools/ | https://tools.keycdn.com/,"Create a concise SEO block with examples, use cases, limitations, FAQs, and related-tool links. Keep the tool UI unchanged, but align title/H1/meta copy with the primary keyword. Current visible content is thin for a competitive dev query. This page needs stronger relevance signals because GSC has little or no query data yet. Add variants such as ""JSON formatter online"" and ""JSON formatter validator"" only where natural."
P3,https://anyconverter.io/json-to-yaml/,json-to-yaml\index.html,en,dev,,,,JSON to YAML Converter Online Free | AnyConverter,JSON ↔ YAML Converter,352,JSON ↔ YAML Converter,JSON ↔ YAML Converter online; JSON ↔ YAML Converter validator; JSON ↔ YAML Converter formatter,"Developer-tool SERPs favor exact utility names, example input/output, validation/error states, copy/download buttons, and ""formatter/validator/converter/parser"" modifiers.","JSONFormatter.org, CodeBeautify, JSONLint, regex101, RegExr, Base64Decode.org, emn178, KeyCDN, MD5file",https://jsonformatter.org/ | https://codebeautify.org/ | https://jsonlint.com/ | https://regex101.com/ | https://regexr.com/ | https://www.base64decode.org/ | https://emn178.github.io/online-tools/ | https://tools.keycdn.com/,"Create a concise SEO block with examples, use cases, limitations, FAQs, and related-tool links. Keep the tool UI unchanged, but align title/H1/meta copy with the primary keyword. Current visible content is thin for a competitive dev query. This page needs stronger relevance signals because GSC has little or no query data yet. Add variants such as ""JSON ↔ YAML Converter online"" and ""JSON ↔ YAML Converter validator"" only where natural."
P3,https://anyconverter.io/jwt-decoder/,jwt-decoder\index.html,en,dev,,,,JWT Decoder Online Free | AnyConverter,JWT Decoder,453,token decoder,token decoder online; token decoder validator; token decoder formatter,"Developer-tool SERPs favor exact utility names, example input/output, validation/error states, copy/download buttons, and ""formatter/validator/converter/parser"" modifiers.","JSONFormatter.org, CodeBeautify, JSONLint, regex101, RegExr, Base64Decode.org, emn178, KeyCDN, MD5file",https://jsonformatter.org/ | https://codebeautify.org/ | https://jsonlint.com/ | https://regex101.com/ | https://regexr.com/ | https://www.base64decode.org/ | https://emn178.github.io/online-tools/ | https://tools.keycdn.com/,"Create a concise SEO block with examples, use cases, limitations, FAQs, and related-tool links. Keep the tool UI unchanged, but align title/H1/meta copy with the primary keyword. Current visible content is thin for a competitive dev query. This page needs stronger relevance signals because GSC has little or no query data yet. Add variants such as ""token decoder online"" and ""token decoder validator"" only where natural."
P3,https://anyconverter.io/markdown-html/,markdown-html\index.html,en,dev,,,,Markdown to HTML Converter Online — Free | AnyConverter,Markdown to HTML Converter,400,Markdown to HTML Converter,Markdown to HTML Converter online; Markdown to HTML Converter validator; Markdown to HTML Converter formatter,"Developer-tool SERPs favor exact utility names, example input/output, validation/error states, copy/download buttons, and ""formatter/validator/converter/parser"" modifiers.","JSONFormatter.org, CodeBeautify, JSONLint, regex101, RegExr, Base64Decode.org, emn178, KeyCDN, MD5file",https://jsonformatter.org/ | https://codebeautify.org/ | https://jsonlint.com/ | https://regex101.com/ | https://regexr.com/ | https://www.base64decode.org/ | https://emn178.github.io/online-tools/ | https://tools.keycdn.com/,"Create a concise SEO block with examples, use cases, limitations, FAQs, and related-tool links. Keep the tool UI unchanged, but align title/H1/meta copy with the primary keyword. Current visible content is thin for a competitive dev query. This page needs stronger relevance signals because GSC has little or no query data yet. Add variants such as ""Markdown to HTML Converter online"" and ""Markdown to HTML Converter validator"" only where natural."
P3,https://anyconverter.io/optimize-pdf/,optimize-pdf\index.html,en,pdf,,,,Optimize &amp; Compress PDF Online Free | AnyConverter,Optimize &amp; Compress PDF,240,optimize pdf,optimize pdf online; optimize pdf free; optimize pdf browser-based,"Top PDF SERPs lead with the exact task, privacy/free/browser language, clear upload controls, adjacent PDF actions, and short step-by-step copy.","Adobe Acrobat, iLovePDF, Smallpdf, PDF24, Sejda, PDF2Go, PDFChef, FreeConvert, PDFgear",https://www.adobe.com/acrobat/online.html | https://www.ilovepdf.com/ | https://smallpdf.com/pdf-tools | https://tools.pdf24.org/en/ | https://www.sejda.com/ | https://www.pdf2go.com/ | https://www.freeconvert.com/pdf-tools,"Create a concise SEO block with examples, use cases, limitations, FAQs, and related-tool links. Keep the tool UI unchanged, but align title/H1/meta copy with the primary keyword. Current visible content is thin for a competitive pdf query. This page needs stronger relevance signals because GSC has little or no query data yet. Add variants such as ""optimize pdf online"" and ""optimize pdf free"" only where natural."
P3,https://anyconverter.io/organize-pdf/,organize-pdf\index.html,en,pdf,,,,Organize PDF Pages Online Free | AnyConverter,Organize PDF Pages,274,Organize PDF Pages,Organize PDF Pages online; Organize PDF Pages free; Organize PDF Pages browser-based,"Top PDF SERPs lead with the exact task, privacy/free/browser language, clear upload controls, adjacent PDF actions, and short step-by-step copy.","Adobe Acrobat, iLovePDF, Smallpdf, PDF24, Sejda, PDF2Go, PDFChef, FreeConvert, PDFgear",https://www.adobe.com/acrobat/online.html | https://www.ilovepdf.com/ | https://smallpdf.com/pdf-tools | https://tools.pdf24.org/en/ | https://www.sejda.com/ | https://www.pdf2go.com/ | https://www.freeconvert.com/pdf-tools,"Create a concise SEO block with examples, use cases, limitations, FAQs, and related-tool links. Keep the tool UI unchanged, but align title/H1/meta copy with the primary keyword. Current visible content is thin for a competitive pdf query. This page needs stronger relevance signals because GSC has little or no query data yet. Add variants such as ""Organize PDF Pages online"" and ""Organize PDF Pages free"" only where natural."
P3,https://anyconverter.io/pdf-compress/,pdf-compress\index.html,en,pdf,,,,Compress PDF Online — Reduce PDF File Size Free | AnyConverter,Compress PDF Online — Reduce File Size,412,compress PDF online,reduce PDF size; PDF compressor; compress PDF free,"Top PDF SERPs lead with the exact task, privacy/free/browser language, clear upload controls, adjacent PDF actions, and short step-by-step copy.","Adobe Acrobat, iLovePDF, Smallpdf, PDF24, Sejda, PDF2Go, PDFChef, FreeConvert, PDFgear",https://www.adobe.com/acrobat/online.html | https://www.ilovepdf.com/ | https://smallpdf.com/pdf-tools | https://tools.pdf24.org/en/ | https://www.sejda.com/ | https://www.pdf2go.com/ | https://www.freeconvert.com/pdf-tools,"Create a concise SEO block with examples, use cases, limitations, FAQs, and related-tool links. Keep the tool UI unchanged, but align title/H1/meta copy with the primary keyword. Current visible content is thin for a competitive pdf query. This page needs stronger relevance signals because GSC has little or no query data yet. Add variants such as ""compress PDF online"" and ""compress PDF online free"" only where natural."
P3,https://anyconverter.io/pdf-split/,pdf-split\index.html,en,pdf,,,,Split PDF Online — Extract Pages Free | AnyConverter,Split PDF — Extract Pages Online,401,split PDF online,extract PDF pages; separate PDF pages; split PDF file,"Top PDF SERPs lead with the exact task, privacy/free/browser language, clear upload controls, adjacent PDF actions, and short step-by-step copy.","Adobe Acrobat, iLovePDF, Smallpdf, PDF24, Sejda, PDF2Go, PDFChef, FreeConvert, PDFgear",https://www.adobe.com/acrobat/online.html | https://www.ilovepdf.com/ | https://smallpdf.com/pdf-tools | https://tools.pdf24.org/en/ | https://www.sejda.com/ | https://www.pdf2go.com/ | https://www.freeconvert.com/pdf-tools,"Create a concise SEO block with examples, use cases, limitations, FAQs, and related-tool links. Keep the tool UI unchanged, but align title/H1/meta copy with the primary keyword. Current visible content is thin for a competitive pdf query. This page needs stronger relevance signals because GSC has little or no query data yet. Add variants such as ""split PDF online"" and ""split PDF online free"" only where natural."
P3,https://anyconverter.io/pdf-to-jpg/,pdf-to-jpg\index.html,en,pdf,,,,PDF to JPG Converter Online Free | AnyConverter,PDF to JPG Converter,276,PDF to JPG converter,convert PDF pages to images; PDF to image; PDF to PNG,"Top PDF SERPs lead with the exact task, privacy/free/browser language, clear upload controls, adjacent PDF actions, and short step-by-step copy.","Adobe Acrobat, iLovePDF, Smallpdf, PDF24, Sejda, PDF2Go, PDFChef, FreeConvert, PDFgear",https://www.adobe.com/acrobat/online.html | https://www.ilovepdf.com/ | https://smallpdf.com/pdf-tools | https://tools.pdf24.org/en/ | https://www.sejda.com/ | https://www.pdf2go.com/ | https://www.freeconvert.com/pdf-tools,"Create a concise SEO block with examples, use cases, limitations, FAQs, and related-tool links. Keep the tool UI unchanged, but align title/H1/meta copy with the primary keyword. Current visible content is thin for a competitive pdf query. This page needs stronger relevance signals because GSC has little or no query data yet. Add variants such as ""PDF to JPG converter online"" and ""PDF to JPG converter free"" only where natural."
P3,https://anyconverter.io/percentage-calculator/,percentage-calculator\index.html,en,calculator,,,,Percentage Calculator Online Free | AnyConverter,Percentage Calculator,514,Percentage Calculator,Percentage Calculator online; Percentage Calculator formula; Percentage Calculator example,"Calculator SERPs reward pages with visible formulas, worked examples, definitions, country/unit variations, and trustworthy explanations around the calculator.","Calculator.net, Omni Calculator, Mayo Clinic, CDC/NHLBI, Bankrate, Investor.gov, Wise, Zoho, Moneysmart, Nordea",https://www.calculator.net/ | https://www.omnicalculator.com/ | https://www.mayoclinic.org/healthy-lifestyle/weight-loss/in-depth/calorie-calculator/itt-20402304 | https://www.cdc.gov/bmi/adult-calculator/index.html | https://www.investor.gov/financial-tools-calculators/calculators/compound-interest-calculator | https://www.bankrate.com/calculators.aspx | https://wise.com/us/currency-converter/ | https://www.zoho.com/books/gst-calculator/ | https://moneysmart.gov.au/budgeting/compound-interest-calculator,"Create a concise SEO block with examples, use cases, limitations, FAQs, and related-tool links. Keep the tool UI unchanged, but align title/H1/meta copy with the primary keyword. Current visible content is thin for a competitive calculator query. This page needs stronger relevance signals because GSC has little or no query data yet. Add variants such as ""Percentage Calculator online"" and ""Percentage Calculator formula"" only where natural."
P3,https://anyconverter.io/pomodoro-timer/,pomodoro-timer\index.html,en,productivity,,,,Pomodoro Timer Online Free | AnyConverter,Pomodoro Timer,358,Pomodoro Timer,Pomodoro Timer online; Pomodoro Timer free; Pomodoro Timer planner,"Productivity SERPs emphasize immediate use, saved state, focus/timer workflows, templates, reminders, and low-friction task capture.","Pomofocus, PomodoroTimer.online, TomatoTimers, vClock, Online Stopwatch, Habi, HabitBox, Structured, Canva, Any.do, Microsoft To Do, Todoist",https://pomofocus.io/ | https://www.pomodorotimer.online/ | https://www.tomatotimers.com/ | https://vclock.com/timer/ | https://vclock.com/stopwatch/ | https://www.online-stopwatch.com/ | https://habi.app/ | https://habitbox.app/ | https://structured.app/daily-planner | https://www.canva.com/planners/templates/daily/ | https://todoist.com/ | https://to-do.office.com/tasks/,"Create a concise SEO block with examples, use cases, limitations, FAQs, and related-tool links. Keep the tool UI unchanged, but align title/H1/meta copy with the primary keyword. Current visible content is thin for a competitive productivity query. This page needs stronger relevance signals because GSC has little or no query data yet. Add variants such as ""Pomodoro Timer online"" and ""Pomodoro Timer free"" only where natural."
P3,https://anyconverter.io/privacy-policy-generator/,privacy-policy-generator\index.html,en,business,,,,Privacy Policy Generator Online Free | AnyConverter,Privacy Policy Generator,357,privacy policy generator,free privacy policy template; GDPR privacy policy generator; website privacy policy,"Business-generator SERPs emphasize fast form completion, template quality, compliance/trust notes, export formats, and practical examples for common business types.","Zoho, Canva, Invoice Simple, Shopify, Termly, PrivacyPolicies.com, iubenda",https://www.zoho.com/us/invoice/free-invoice-generator.html | https://www.canva.com/invoice/ | https://www.shopify.com/tools/policy-generator | https://termly.io/products/privacy-policy-generator/ | https://www.privacypolicies.com/privacy-policy-generator/ | https://www.iubenda.com/en/blog/shopify-privacy-policy-generator-why-you-should-use-one/,"Create a concise SEO block with examples, use cases, limitations, FAQs, and related-tool links. Keep the tool UI unchanged, but align title/H1/meta copy with the primary keyword. Current visible content is thin for a competitive business query. This page needs stronger relevance signals because GSC has little or no query data yet. Add variants such as ""privacy policy generator online"" and ""privacy policy generator template"" only where natural."
P3,https://anyconverter.io/protect-pdf/,protect-pdf\index.html,en,pdf,,,,Protect PDF with Password Online Free | AnyConverter,Protect PDF with Password,219,Protect PDF with Password,Protect PDF with Password online; Protect PDF with Password free; Protect PDF with Password browser-based,"Top PDF SERPs lead with the exact task, privacy/free/browser language, clear upload controls, adjacent PDF actions, and short step-by-step copy.","Adobe Acrobat, iLovePDF, Smallpdf, PDF24, Sejda, PDF2Go, PDFChef, FreeConvert, PDFgear",https://www.adobe.com/acrobat/online.html | https://www.ilovepdf.com/ | https://smallpdf.com/pdf-tools | https://tools.pdf24.org/en/ | https://www.sejda.com/ | https://www.pdf2go.com/ | https://www.freeconvert.com/pdf-tools,"Create a concise SEO block with examples, use cases, limitations, FAQs, and related-tool links. Keep the tool UI unchanged, but align title/H1/meta copy with the primary keyword. Current visible content is thin for a competitive pdf query. This page needs stronger relevance signals because GSC has little or no query data yet. Add variants such as ""Protect PDF with Password online"" and ""Protect PDF with Password free"" only where natural."
P3,https://anyconverter.io/qr-code-generator/,qr-code-generator\index.html,en,image,,,,QR Code Generator Online Free | AnyConverter,QR Code Generator,458,QR code generator,free QR code generator; create QR code; QR code maker,"Image/QR SERPs favor exact task pages with compression/conversion settings, supported formats, file-size expectations, and device-friendly download/share actions.","TinyPNG, ImageCompressor.com, iLoveIMG, FreeConvert, Img2Go, toWebP.io, CloudConvert, Picflow, QR Code Generator",https://tinypng.com/ | https://imagecompressor.com/ | https://www.iloveimg.com/ | https://www.freeconvert.com/image-converter | https://www.img2go.com/ | https://towebp.io/ | https://cloudconvert.com/ | https://www.qr-code-generator.com/,"Create a concise SEO block with examples, use cases, limitations, FAQs, and related-tool links. Keep the tool UI unchanged, but align title/H1/meta copy with the primary keyword. Current visible content is thin for a competitive image query. This page needs stronger relevance signals because GSC has little or no query data yet. Add variants such as ""QR code generator online"" and ""QR code generator free"" only where natural."
P3,https://anyconverter.io/random-number-generator/,random-number-generator\index.html,en,random,,,,Random Number Generator Online Free | AnyConverter,Random Number Generator,465,Random Number Generator,Random Number Generator online; Random Number Generator random picker; Random Number Generator fair results,"Randomizer SERPs favor playful but instant tools with probability/fairness notes, shareable results, list import/export, and task-specific variants.","Random.org, Calculator.net, Picker Wheel, Wheel of Names, Roll a Die, FlipSimu, AppSorteos, DnD Dice Roller",https://www.random.org/ | https://www.calculator.net/random-number-generator.html | https://pickerwheel.com/ | https://wheelofnames.com/ | https://rolladie.net/ | https://flipsimu.com/ | https://app-sorteos.com/en,"Create a concise SEO block with examples, use cases, limitations, FAQs, and related-tool links. Keep the tool UI unchanged, but align title/H1/meta copy with the primary keyword. Current visible content is thin for a competitive random query. This page needs stronger relevance signals because GSC has little or no query data yet. Add variants such as ""Random Number Generator online"" and ""Random Number Generator random picker"" only where natural."
P3,https://anyconverter.io/regex-tester/,regex-tester\index.html,en,dev,,,,Regex Tester &amp; Log Extractor Online — Free | AnyConverter,Regex Tester &amp; Log Extractor,444,regex tester,regular expression tester; regex validator; test regex online,"Developer-tool SERPs favor exact utility names, example input/output, validation/error states, copy/download buttons, and ""formatter/validator/converter/parser"" modifiers.","JSONFormatter.org, CodeBeautify, JSONLint, regex101, RegExr, Base64Decode.org, emn178, KeyCDN, MD5file",https://jsonformatter.org/ | https://codebeautify.org/ | https://jsonlint.com/ | https://regex101.com/ | https://regexr.com/ | https://www.base64decode.org/ | https://emn178.github.io/online-tools/ | https://tools.keycdn.com/,"Create a concise SEO block with examples, use cases, limitations, FAQs, and related-tool links. Keep the tool UI unchanged, but align title/H1/meta copy with the primary keyword. Current visible content is thin for a competitive dev query. This page needs stronger relevance signals because GSC has little or no query data yet. Add variants such as ""regex tester online"" and ""regex tester validator"" only where natural."
P3,https://anyconverter.io/rotate-pdf/,rotate-pdf\index.html,en,pdf,,,,Rotate PDF Pages Online Free | AnyConverter,Rotate PDF Pages,260,rotate PDF online,rotate PDF pages; change PDF orientation; PDF rotator,"Top PDF SERPs lead with the exact task, privacy/free/browser language, clear upload controls, adjacent PDF actions, and short step-by-step copy.","Adobe Acrobat, iLovePDF, Smallpdf, PDF24, Sejda, PDF2Go, PDFChef, FreeConvert, PDFgear",https://www.adobe.com/acrobat/online.html | https://www.ilovepdf.com/ | https://smallpdf.com/pdf-tools | https://tools.pdf24.org/en/ | https://www.sejda.com/ | https://www.pdf2go.com/ | https://www.freeconvert.com/pdf-tools,"Create a concise SEO block with examples, use cases, limitations, FAQs, and related-tool links. Keep the tool UI unchanged, but align title/H1/meta copy with the primary keyword. Current visible content is thin for a competitive pdf query. This page needs stronger relevance signals because GSC has little or no query data yet. Add variants such as ""rotate PDF online"" and ""rotate PDF online free"" only where natural."
P3,https://anyconverter.io/sign-pdf/,sign-pdf\index.html,en,pdf,,,,Sign PDF Online Free | AnyConverter,Sign PDF Online,277,Sign PDF,Sign PDF online; Sign PDF free; Sign PDF browser-based,"Top PDF SERPs lead with the exact task, privacy/free/browser language, clear upload controls, adjacent PDF actions, and short step-by-step copy.","Adobe Acrobat, iLovePDF, Smallpdf, PDF24, Sejda, PDF2Go, PDFChef, FreeConvert, PDFgear",https://www.adobe.com/acrobat/online.html | https://www.ilovepdf.com/ | https://smallpdf.com/pdf-tools | https://tools.pdf24.org/en/ | https://www.sejda.com/ | https://www.pdf2go.com/ | https://www.freeconvert.com/pdf-tools,"Create a concise SEO block with examples, use cases, limitations, FAQs, and related-tool links. Keep the tool UI unchanged, but align title/H1/meta copy with the primary keyword. Current visible content is thin for a competitive pdf query. This page needs stronger relevance signals because GSC has little or no query data yet. Add variants such as ""Sign PDF online"" and ""Sign PDF free"" only where natural."
P3,https://anyconverter.io/timestamp-converter/,timestamp-converter\index.html,en,dev,,,,Unix Timestamp Converter Online — Free | AnyConverter,Unix Timestamp Converter,410,Unix Timestamp Converter,Unix Timestamp Converter online; Unix Timestamp Converter validator; Unix Timestamp Converter formatter,"Developer-tool SERPs favor exact utility names, example input/output, validation/error states, copy/download buttons, and ""formatter/validator/converter/parser"" modifiers.","JSONFormatter.org, CodeBeautify, JSONLint, regex101, RegExr, Base64Decode.org, emn178, KeyCDN, MD5file",https://jsonformatter.org/ | https://codebeautify.org/ | https://jsonlint.com/ | https://regex101.com/ | https://regexr.com/ | https://www.base64decode.org/ | https://emn178.github.io/online-tools/ | https://tools.keycdn.com/,"Create a concise SEO block with examples, use cases, limitations, FAQs, and related-tool links. Keep the tool UI unchanged, but align title/H1/meta copy with the primary keyword. Current visible content is thin for a competitive dev query. This page needs stronger relevance signals because GSC has little or no query data yet. Add variants such as ""Unix Timestamp Converter online"" and ""Unix Timestamp Converter validator"" only where natural."
P3,https://anyconverter.io/word-counter/,word-counter\index.html,en,text,,,,Word Counter Online Free | AnyConverter,Word Counter,411,word counter,character counter; count words online; word count checker,"Text-tool SERPs rank pages that show the input box immediately, explain accepted formats, include examples, and use ""counter/converter/generator/checker"" intent words.","WordCounter.net, CharacterCountTool, Grammarly, WordCounter.io, ConvertCase, TitleCaseConverter, Diffchecker, Text-Compare",https://wordcounter.net/ | https://charactercounttool.com/ | https://www.grammarly.com/character-counter | https://convertcase.net/ | https://titlecaseconverter.com/ | https://www.diffchecker.com/text-compare/ | https://www.text-compare.com/,"Create a concise SEO block with examples, use cases, limitations, FAQs, and related-tool links. Keep the tool UI unchanged, but align title/H1/meta copy with the primary keyword. Current visible content is thin for a competitive text query. This page needs stronger relevance signals because GSC has little or no query data yet. Add variants such as ""word counter online"" and ""word counter free"" only where natural."
P3,https://anyconverter.io/world-clock/,world-clock\index.html,en,productivity,,,,World Clock Online Free | AnyConverter,World Clock,280,World Clock,World Clock online; World Clock free; World Clock planner,"Productivity SERPs emphasize immediate use, saved state, focus/timer workflows, templates, reminders, and low-friction task capture.","Pomofocus, PomodoroTimer.online, TomatoTimers, vClock, Online Stopwatch, Habi, HabitBox, Structured, Canva, Any.do, Microsoft To Do, Todoist",https://pomofocus.io/ | https://www.pomodorotimer.online/ | https://www.tomatotimers.com/ | https://vclock.com/timer/ | https://vclock.com/stopwatch/ | https://www.online-stopwatch.com/ | https://habi.app/ | https://habitbox.app/ | https://structured.app/daily-planner | https://www.canva.com/planners/templates/daily/ | https://todoist.com/ | https://to-do.office.com/tasks/,"Create a concise SEO block with examples, use cases, limitations, FAQs, and related-tool links. Keep the tool UI unchanged, but align title/H1/meta copy with the primary keyword. Current visible content is thin for a competitive productivity query. This page needs stronger relevance signals because GSC has little or no query data yet. Add variants such as ""World Clock online"" and ""World Clock free"" only where natural."
P3,https://anyconverter.io/xml-formatter/,xml-formatter\index.html,en,dev,,,,XML Formatter &amp; Validator Online — Free | AnyConverter,XML Formatter &amp; Validator,403,XML Formatter & Validator,XML Formatter & Validator online; XML Formatter & Validator,"Developer-tool SERPs favor exact utility names, example input/output, validation/error states, copy/download buttons, and ""formatter/validator/converter/parser"" modifiers.","JSONFormatter.org, CodeBeautify, JSONLint, regex101, RegExr, Base64Decode.org, emn178, KeyCDN, MD5file",https://jsonformatter.org/ | https://codebeautify.org/ | https://jsonlint.com/ | https://regex101.com/ | https://regexr.com/ | https://www.base64decode.org/ | https://emn178.github.io/online-tools/ | https://tools.keycdn.com/,"Create a concise SEO block with examples, use cases, limitations, FAQs, and related-tool links. Keep the tool UI unchanged, but align title/H1/meta copy with the primary keyword. Current visible content is thin for a competitive dev query. This page needs stronger relevance signals because GSC has little or no query data yet. Add variants such as ""XML Formatter & Validator online"" and ""XML Formatter & Validator"" only where natural."
P4,https://anyconverter.io/es/,es\index.html,es,support,0,29,48.52,"Herramientas de Conversión — JSON, PDF, Imagen | AnyConverter","Herramientas Online Gratuitas — Convierte, Calcula y Crea",710,herramientas online gratis,herramientas PDF; calculadoras; convertidores; utilidades online,"Trust/support pages should reinforce crawl clarity, brand trust, privacy, and internal links to high-value tools rather than target competitive tool keywords.","Google Search Central guidance, high-performing tool directories, SaaS trust/legal pages",https://developers.google.com/search/docs/fundamentals/creating-helpful-content | https://developers.google.com/search/docs/crawling-indexing/sitemaps/overview | https://developers.google.com/search/docs/appearance/title-link | https://developers.google.com/search/docs/appearance/snippet,"Create a localized SEO block with intent-specific examples, common use cases, limitations, and links to closely related tools. Keep the tool UI unchanged, but align title/H1/meta copy with the primary keyword. GSC already shows impressions, so prioritize CTR testing and request indexing after deployment. Add variants such as ""herramientas online gratis AnyConverter"" and ""herramientas online gratis herramientas gratis"" only where natural."
P4,https://anyconverter.io/da/,da\index.html,da,support,0,9,58.78,"Gratis Konverteringsværktøjer — JSON, PDF, Billede | AnyConverter","Gratis Online Værktøjer — Konverter, Beregn og Skab",602,gratis online vaerktojer,PDF vaerktojer; beregnere; konvertere; browser vaerktojer,"Trust/support pages should reinforce crawl clarity, brand trust, privacy, and internal links to high-value tools rather than target competitive tool keywords.","Google Search Central guidance, high-performing tool directories, SaaS trust/legal pages",https://developers.google.com/search/docs/fundamentals/creating-helpful-content | https://developers.google.com/search/docs/crawling-indexing/sitemaps/overview | https://developers.google.com/search/docs/appearance/title-link | https://developers.google.com/search/docs/appearance/snippet,"Create a localized SEO block with examples, common use cases, limitations, and links to related tools. Keep the tool UI unchanged, but align title/H1/meta copy with the primary keyword. Current visible content is thin for a competitive support query. GSC already shows impressions, so prioritize CTR testing and request indexing after deployment. Add variants such as ""gratis online vaerktojer AnyConverter"" and ""gratis online vaerktojer gratis vaerktojer"" only where natural."
P4,https://anyconverter.io/contact/,contact\index.html,en,support,,,,Contact Us — AnyConverter,Get in Touch,157,Contact Us,Contact Us AnyConverter; Contact Us free tools; Contact Us privacy-first tools,"Trust/support pages should reinforce crawl clarity, brand trust, privacy, and internal links to high-value tools rather than target competitive tool keywords.","Google Search Central guidance, high-performing tool directories, SaaS trust/legal pages",https://developers.google.com/search/docs/fundamentals/creating-helpful-content | https://developers.google.com/search/docs/crawling-indexing/sitemaps/overview | https://developers.google.com/search/docs/appearance/title-link | https://developers.google.com/search/docs/appearance/snippet,"Create a concise SEO block with examples, use cases, limitations, FAQs, and related-tool links. Keep the tool UI unchanged, but align title/H1/meta copy with the primary keyword. Current visible content is thin for a competitive support query. This page needs stronger relevance signals because GSC has little or no query data yet. Add variants such as ""Contact Us AnyConverter"" and ""Contact Us free tools"" only where natural."
P4,https://anyconverter.io/cookies/,cookies\index.html,en,support,,,,Cookie Policy — AnyConverter,Cookie Policy,401,Cookie Policy,Cookie Policy AnyConverter; Cookie Policy free tools; Cookie Policy privacy-first tools,"Trust/support pages should reinforce crawl clarity, brand trust, privacy, and internal links to high-value tools rather than target competitive tool keywords.","Google Search Central guidance, high-performing tool directories, SaaS trust/legal pages",https://developers.google.com/search/docs/fundamentals/creating-helpful-content | https://developers.google.com/search/docs/crawling-indexing/sitemaps/overview | https://developers.google.com/search/docs/appearance/title-link | https://developers.google.com/search/docs/appearance/snippet,"Create a concise SEO block with examples, use cases, limitations, FAQs, and related-tool links. Keep the tool UI unchanged, but align title/H1/meta copy with the primary keyword. Current visible content is thin for a competitive support query. This page needs stronger relevance signals because GSC has little or no query data yet. Add variants such as ""Cookie Policy AnyConverter"" and ""Cookie Policy free tools"" only where natural."
P4,https://anyconverter.io/da/about/,da\about\index.html,da,support,,,,Om Os — AnyConverter | Gratis Online Værktøjer,Bygget for Alle. Gratis for Altid.,390,AnyConverter,free online tools; PDF converters; calculators and utilities,"Trust/support pages should reinforce crawl clarity, brand trust, privacy, and internal links to high-value tools rather than target competitive tool keywords.","Google Search Central guidance, high-performing tool directories, SaaS trust/legal pages",https://developers.google.com/search/docs/fundamentals/creating-helpful-content | https://developers.google.com/search/docs/crawling-indexing/sitemaps/overview | https://developers.google.com/search/docs/appearance/title-link | https://developers.google.com/search/docs/appearance/snippet,"Create a localized SEO block with examples, common use cases, limitations, and links to related tools. Keep the tool UI unchanged, but align title/H1/meta copy with the primary keyword. Current visible content is thin for a competitive support query. This page needs stronger relevance signals because GSC has little or no query data yet. Add variants such as ""AnyConverter"" and ""AnyConverter gratis vaerktojer"" only where natural."
P4,https://anyconverter.io/da/blog/,da\blog\index.html,da,support,,,,"Blog — Tips, Guides og Opdateringer | AnyConverter","Tips, Guides og Opdateringer",263,Blog,Blog AnyConverter; Blog gratis vaerktojer; Blog privatliv,"Trust/support pages should reinforce crawl clarity, brand trust, privacy, and internal links to high-value tools rather than target competitive tool keywords.","Google Search Central guidance, high-performing tool directories, SaaS trust/legal pages",https://developers.google.com/search/docs/fundamentals/creating-helpful-content | https://developers.google.com/search/docs/crawling-indexing/sitemaps/overview | https://developers.google.com/search/docs/appearance/title-link | https://developers.google.com/search/docs/appearance/snippet,"Create a localized SEO block with examples, common use cases, limitations, and links to related tools. Keep the tool UI unchanged, but align title/H1/meta copy with the primary keyword. Current visible content is thin for a competitive support query. This page needs stronger relevance signals because GSC has little or no query data yet. Add variants such as ""Blog AnyConverter"" and ""Blog gratis vaerktojer"" only where natural."
P4,https://anyconverter.io/da/contact/,da\contact\index.html,da,support,,,,Kontakt Os — AnyConverter,Skriv til Os,154,Skriv til Os,Skriv til Os AnyConverter; Skriv til Os gratis vaerktojer; Skriv til Os privatliv,"Trust/support pages should reinforce crawl clarity, brand trust, privacy, and internal links to high-value tools rather than target competitive tool keywords.","Google Search Central guidance, high-performing tool directories, SaaS trust/legal pages",https://developers.google.com/search/docs/fundamentals/creating-helpful-content | https://developers.google.com/search/docs/crawling-indexing/sitemaps/overview | https://developers.google.com/search/docs/appearance/title-link | https://developers.google.com/search/docs/appearance/snippet,"Create a localized SEO block with examples, common use cases, limitations, and links to related tools. Keep the tool UI unchanged, but align title/H1/meta copy with the primary keyword. Current visible content is thin for a competitive support query. This page needs stronger relevance signals because GSC has little or no query data yet. Add variants such as ""Skriv til Os AnyConverter"" and ""Skriv til Os gratis vaerktojer"" only where natural."
P4,https://anyconverter.io/da/cookies/,da\cookies\index.html,da,support,,,,Cookiepolitik — AnyConverter,Cookiepolitik,387,Cookiepolitik,Cookiepolitik AnyConverter; Cookiepolitik gratis vaerktojer; Cookiepolitik privatliv,"Trust/support pages should reinforce crawl clarity, brand trust, privacy, and internal links to high-value tools rather than target competitive tool keywords.","Google Search Central guidance, high-performing tool directories, SaaS trust/legal pages",https://developers.google.com/search/docs/fundamentals/creating-helpful-content | https://developers.google.com/search/docs/crawling-indexing/sitemaps/overview | https://developers.google.com/search/docs/appearance/title-link | https://developers.google.com/search/docs/appearance/snippet,"Create a localized SEO block with examples, common use cases, limitations, and links to related tools. Keep the tool UI unchanged, but align title/H1/meta copy with the primary keyword. Current visible content is thin for a competitive support query. This page needs stronger relevance signals because GSC has little or no query data yet. Add variants such as ""Cookiepolitik AnyConverter"" and ""Cookiepolitik gratis vaerktojer"" only where natural."
P4,https://anyconverter.io/da/faq/,da\faq\index.html,da,support,,,,Ofte Stillede Spørgsmål — AnyConverter,Ofte Stillede Spørgsmål,604,AnyConverter FAQ,online tools questions; PDF tools help; browser tool support,"Trust/support pages should reinforce crawl clarity, brand trust, privacy, and internal links to high-value tools rather than target competitive tool keywords.","Google Search Central guidance, high-performing tool directories, SaaS trust/legal pages",https://developers.google.com/search/docs/fundamentals/creating-helpful-content | https://developers.google.com/search/docs/crawling-indexing/sitemaps/overview | https://developers.google.com/search/docs/appearance/title-link | https://developers.google.com/search/docs/appearance/snippet,"Create a localized SEO block with examples, common use cases, limitations, and links to related tools. Keep the tool UI unchanged, but align title/H1/meta copy with the primary keyword. Current visible content is thin for a competitive support query. This page needs stronger relevance signals because GSC has little or no query data yet. Add variants such as ""AnyConverter FAQ"" and ""AnyConverter FAQ gratis vaerktojer"" only where natural."
P4,https://anyconverter.io/da/press/,da\press\index.html,da,support,,,,Pressepakke — AnyConverter,Pressepakke,359,AnyConverter pressekit,AnyConverter medieressourcer; brand aktiver; AnyConverter nyheder,"Trust/support pages should reinforce crawl clarity, brand trust, privacy, and internal links to high-value tools rather than target competitive tool keywords.","Google Search Central guidance, high-performing tool directories, SaaS trust/legal pages",https://developers.google.com/search/docs/fundamentals/creating-helpful-content | https://developers.google.com/search/docs/crawling-indexing/sitemaps/overview | https://developers.google.com/search/docs/appearance/title-link | https://developers.google.com/search/docs/appearance/snippet,"Create a localized SEO block with examples, common use cases, limitations, and links to related tools. Keep the tool UI unchanged, but align title/H1/meta copy with the primary keyword. Current visible content is thin for a competitive support query. This page needs stronger relevance signals because GSC has little or no query data yet. Add variants such as ""AnyConverter pressekit"" and ""AnyConverter pressekit gratis vaerktojer"" only where natural."
P4,https://anyconverter.io/da/privacy/,da\privacy\index.html,da,support,,,,Privatlivspolitik — AnyConverter,Privatlivspolitik,642,Privatlivspolitik,Privatlivspolitik AnyConverter; Privatlivspolitik gratis vaerktojer; Privatlivspolitik,"Trust/support pages should reinforce crawl clarity, brand trust, privacy, and internal links to high-value tools rather than target competitive tool keywords.","Google Search Central guidance, high-performing tool directories, SaaS trust/legal pages",https://developers.google.com/search/docs/fundamentals/creating-helpful-content | https://developers.google.com/search/docs/crawling-indexing/sitemaps/overview | https://developers.google.com/search/docs/appearance/title-link | https://developers.google.com/search/docs/appearance/snippet,"Create a localized SEO block with examples, common use cases, limitations, and links to related tools. Keep the tool UI unchanged, but align title/H1/meta copy with the primary keyword. Current visible content is thin for a competitive support query. This page needs stronger relevance signals because GSC has little or no query data yet. Add variants such as ""Privatlivspolitik AnyConverter"" and ""Privatlivspolitik gratis vaerktojer"" only where natural."
P4,https://anyconverter.io/da/security/,da\security\index.html,da,support,,,,Sikkerhed — AnyConverter,Sikkerhed hos AnyConverter,446,AnyConverter sikkerhed,private online vaerktojer; browserbaseret behandling; sikre PDF vaerktojer,"Trust/support pages should reinforce crawl clarity, brand trust, privacy, and internal links to high-value tools rather than target competitive tool keywords.","Google Search Central guidance, high-performing tool directories, SaaS trust/legal pages",https://developers.google.com/search/docs/fundamentals/creating-helpful-content | https://developers.google.com/search/docs/crawling-indexing/sitemaps/overview | https://developers.google.com/search/docs/appearance/title-link | https://developers.google.com/search/docs/appearance/snippet,"Create a localized SEO block with examples, common use cases, limitations, and links to related tools. Keep the tool UI unchanged, but align title/H1/meta copy with the primary keyword. Current visible content is thin for a competitive support query. This page needs stronger relevance signals because GSC has little or no query data yet. Add variants such as ""AnyConverter sikkerhed"" and ""AnyConverter sikkerhed gratis vaerktojer"" only where natural."
P4,https://anyconverter.io/da/terms/,da\terms\index.html,da,support,,,,Servicevilkår — AnyConverter,Servicevilkår,588,Servicevilkår,Servicevilkår AnyConverter; Servicevilkår gratis vaerktojer; Servicevilkår privatliv,"Trust/support pages should reinforce crawl clarity, brand trust, privacy, and internal links to high-value tools rather than target competitive tool keywords.","Google Search Central guidance, high-performing tool directories, SaaS trust/legal pages",https://developers.google.com/search/docs/fundamentals/creating-helpful-content | https://developers.google.com/search/docs/crawling-indexing/sitemaps/overview | https://developers.google.com/search/docs/appearance/title-link | https://developers.google.com/search/docs/appearance/snippet,"Create a localized SEO block with examples, common use cases, limitations, and links to related tools. Keep the tool UI unchanged, but align title/H1/meta copy with the primary keyword. Current visible content is thin for a competitive support query. This page needs stronger relevance signals because GSC has little or no query data yet. Add variants such as ""Servicevilkår AnyConverter"" and ""Servicevilkår gratis vaerktojer"" only where natural."
P4,https://anyconverter.io/es/blog/,es\blog\index.html,es,support,,,,"Blog — Consejos, Guías y Actualizaciones | AnyConverter","Consejos, Guías y Actualizaciones",320,Blog,Blog AnyConverter; Blog herramientas gratis; Blog privacidad,"Trust/support pages should reinforce crawl clarity, brand trust, privacy, and internal links to high-value tools rather than target competitive tool keywords.","Google Search Central guidance, high-performing tool directories, SaaS trust/legal pages",https://developers.google.com/search/docs/fundamentals/creating-helpful-content | https://developers.google.com/search/docs/crawling-indexing/sitemaps/overview | https://developers.google.com/search/docs/appearance/title-link | https://developers.google.com/search/docs/appearance/snippet,"Create a localized SEO block with intent-specific examples, common use cases, limitations, and links to closely related tools. Keep the tool UI unchanged, but align title/H1/meta copy with the primary keyword. Current visible content is thin for a competitive support query. This page needs stronger relevance signals because GSC has little or no query data yet. Add variants such as ""Blog AnyConverter"" and ""Blog herramientas gratis"" only where natural."
P4,https://anyconverter.io/es/contact/,es\contact\index.html,es,support,,,,Contáctanos — AnyConverter,Ponte en Contacto,162,Ponte en Contacto,Ponte en Contacto AnyConverter; Ponte en Contacto herramientas gratis; Ponte en Contacto privacidad,"Trust/support pages should reinforce crawl clarity, brand trust, privacy, and internal links to high-value tools rather than target competitive tool keywords.","Google Search Central guidance, high-performing tool directories, SaaS trust/legal pages",https://developers.google.com/search/docs/fundamentals/creating-helpful-content | https://developers.google.com/search/docs/crawling-indexing/sitemaps/overview | https://developers.google.com/search/docs/appearance/title-link | https://developers.google.com/search/docs/appearance/snippet,"Create a localized SEO block with intent-specific examples, common use cases, limitations, and links to closely related tools. Keep the tool UI unchanged, but align title/H1/meta copy with the primary keyword. Current visible content is thin for a competitive support query. This page needs stronger relevance signals because GSC has little or no query data yet. Add variants such as ""Ponte en Contacto AnyConverter"" and ""Ponte en Contacto herramientas gratis"" only where natural."
P4,https://anyconverter.io/es/cookies/,es\cookies\index.html,es,support,,,,Política de Cookies — AnyConverter,Política de Cookies,450,Política de Cookies,Política de Cookies AnyConverter; Política de Cookies herramientas gratis; Política de Cookies privacidad,"Trust/support pages should reinforce crawl clarity, brand trust, privacy, and internal links to high-value tools rather than target competitive tool keywords.","Google Search Central guidance, high-performing tool directories, SaaS trust/legal pages",https://developers.google.com/search/docs/fundamentals/creating-helpful-content | https://developers.google.com/search/docs/crawling-indexing/sitemaps/overview | https://developers.google.com/search/docs/appearance/title-link | https://developers.google.com/search/docs/appearance/snippet,"Create a localized SEO block with intent-specific examples, common use cases, limitations, and links to closely related tools. Keep the tool UI unchanged, but align title/H1/meta copy with the primary keyword. Current visible content is thin for a competitive support query. This page needs stronger relevance signals because GSC has little or no query data yet. Add variants such as ""Política de Cookies AnyConverter"" and ""Política de Cookies herramientas gratis"" only where natural."
P4,https://anyconverter.io/es/faq/,es\faq\index.html,es,support,,,,Preguntas Frecuentes — AnyConverter,Preguntas Frecuentes,677,AnyConverter FAQ,online tools questions; PDF tools help; browser tool support,"Trust/support pages should reinforce crawl clarity, brand trust, privacy, and internal links to high-value tools rather than target competitive tool keywords.","Google Search Central guidance, high-performing tool directories, SaaS trust/legal pages",https://developers.google.com/search/docs/fundamentals/creating-helpful-content | https://developers.google.com/search/docs/crawling-indexing/sitemaps/overview | https://developers.google.com/search/docs/appearance/title-link | https://developers.google.com/search/docs/appearance/snippet,"Create a localized SEO block with intent-specific examples, common use cases, limitations, and links to closely related tools. Keep the tool UI unchanged, but align title/H1/meta copy with the primary keyword. This page needs stronger relevance signals because GSC has little or no query data yet. Add variants such as ""AnyConverter FAQ"" and ""AnyConverter FAQ herramientas gratis"" only where natural."
P4,https://anyconverter.io/es/press/,es\press\index.html,es,support,,,,Kit de Prensa — AnyConverter,Kit de Prensa,489,kit de prensa de AnyConverter,recursos de prensa; activos de marca; noticias de AnyConverter,"Trust/support pages should reinforce crawl clarity, brand trust, privacy, and internal links to high-value tools rather than target competitive tool keywords.","Google Search Central guidance, high-performing tool directories, SaaS trust/legal pages",https://developers.google.com/search/docs/fundamentals/creating-helpful-content | https://developers.google.com/search/docs/crawling-indexing/sitemaps/overview | https://developers.google.com/search/docs/appearance/title-link | https://developers.google.com/search/docs/appearance/snippet,"Create a localized SEO block with intent-specific examples, common use cases, limitations, and links to closely related tools. Keep the tool UI unchanged, but align title/H1/meta copy with the primary keyword. Current visible content is thin for a competitive support query. This page needs stronger relevance signals because GSC has little or no query data yet. Add variants such as ""kit de prensa de AnyConverter"" and ""kit de prensa de AnyConverter herramientas gratis"" only where natural."
P4,https://anyconverter.io/es/privacy/,es\privacy\index.html,es,support,,,,Política de Privacidad — AnyConverter,Política de Privacidad,763,Política de Privacidad,Política de Privacidad AnyConverter; Política de Privacidad herramientas gratis; Política de Privacidad,"Trust/support pages should reinforce crawl clarity, brand trust, privacy, and internal links to high-value tools rather than target competitive tool keywords.","Google Search Central guidance, high-performing tool directories, SaaS trust/legal pages",https://developers.google.com/search/docs/fundamentals/creating-helpful-content | https://developers.google.com/search/docs/crawling-indexing/sitemaps/overview | https://developers.google.com/search/docs/appearance/title-link | https://developers.google.com/search/docs/appearance/snippet,"Create a localized SEO block with intent-specific examples, common use cases, limitations, and links to closely related tools. Keep the tool UI unchanged, but align title/H1/meta copy with the primary keyword. This page needs stronger relevance signals because GSC has little or no query data yet. Add variants such as ""Política de Privacidad AnyConverter"" and ""Política de Privacidad herramientas gratis"" only where natural."
P4,https://anyconverter.io/es/security/,es\security\index.html,es,support,,,,Seguridad — AnyConverter,Seguridad en AnyConverter,547,seguridad de AnyConverter,herramientas privadas; procesamiento en el navegador; herramientas PDF seguras,"Trust/support pages should reinforce crawl clarity, brand trust, privacy, and internal links to high-value tools rather than target competitive tool keywords.","Google Search Central guidance, high-performing tool directories, SaaS trust/legal pages",https://developers.google.com/search/docs/fundamentals/creating-helpful-content | https://developers.google.com/search/docs/crawling-indexing/sitemaps/overview | https://developers.google.com/search/docs/appearance/title-link | https://developers.google.com/search/docs/appearance/snippet,"Create a localized SEO block with intent-specific examples, common use cases, limitations, and links to closely related tools. Keep the tool UI unchanged, but align title/H1/meta copy with the primary keyword. Current visible content is thin for a competitive support query. This page needs stronger relevance signals because GSC has little or no query data yet. Add variants such as ""seguridad de AnyConverter"" and ""seguridad de AnyConverter herramientas gratis"" only where natural."
P4,https://anyconverter.io/es/terms/,es\terms\index.html,es,support,,,,Términos de Servicio — AnyConverter,Términos de Servicio,662,Términos de Servicio,Términos de Servicio AnyConverter; Términos de Servicio herramientas gratis; Términos de Servicio privacidad,"Trust/support pages should reinforce crawl clarity, brand trust, privacy, and internal links to high-value tools rather than target competitive tool keywords.","Google Search Central guidance, high-performing tool directories, SaaS trust/legal pages",https://developers.google.com/search/docs/fundamentals/creating-helpful-content | https://developers.google.com/search/docs/crawling-indexing/sitemaps/overview | https://developers.google.com/search/docs/appearance/title-link | https://developers.google.com/search/docs/appearance/snippet,"Create a localized SEO block with intent-specific examples, common use cases, limitations, and links to closely related tools. Keep the tool UI unchanged, but align title/H1/meta copy with the primary keyword. This page needs stronger relevance signals because GSC has little or no query data yet. Add variants such as ""Términos de Servicio AnyConverter"" and ""Términos de Servicio herramientas gratis"" only where natural."
P4,https://anyconverter.io/faq/,faq\index.html,en,support,,,,Frequently Asked Questions — AnyConverter,Frequently Asked Questions,628,AnyConverter FAQ,online tools questions; PDF tools help; browser tool support,"Trust/support pages should reinforce crawl clarity, brand trust, privacy, and internal links to high-value tools rather than target competitive tool keywords.","Google Search Central guidance, high-performing tool directories, SaaS trust/legal pages",https://developers.google.com/search/docs/fundamentals/creating-helpful-content | https://developers.google.com/search/docs/crawling-indexing/sitemaps/overview | https://developers.google.com/search/docs/appearance/title-link | https://developers.google.com/search/docs/appearance/snippet,"Create a concise SEO block with examples, use cases, limitations, FAQs, and related-tool links. Keep the tool UI unchanged, but align title/H1/meta copy with the primary keyword. Current visible content is thin for a competitive support query. This page needs stronger relevance signals because GSC has little or no query data yet. Add variants such as ""AnyConverter FAQ"" and ""AnyConverter FAQ free tools"" only where natural."
