priority,url,file,language,page_type,in_sitemap,gsc_clicks,gsc_impressions,gsc_ctr,gsc_position,primary_keyword,supporting_keywords,title,title_length,meta_description_length,h1,word_count,issues,recommendations
P1,https://anyconverter.io/discount-calculator/,discount-calculator\index.html,en,tool,yes,0,506,0%,30.39,discount calculator,discount price; calculator discount; percentage calculator discount; calcul discount,Discount Calculator Online Free | AnyConverter,46,157,Discount Calculator,540,Thin visible content (540 words); Primary GSC keyword not fully aligned on-page,"Add a concise SEO section with use cases, examples, limitations, FAQs, and related-tool links. Use 'discount calculator' naturally in the title/meta/H1 or first SEO section where it reads well. Near-ranking page: prioritize CTR title/meta rewrite and request indexing after deployment."
P1,https://anyconverter.io/es/tip-calculator/,es\tip-calculator\index.html,es,tool,yes,0,67,0%,28.01,calculadora de propinas,calculadora de propina,Calculadora de Propinas Online Gratis | AnyConverter,52,158,Calculadora de Propinas,585,Thin visible content (585 words); Primary GSC keyword not fully aligned on-page,"Add a concise SEO section with use cases, examples, limitations, FAQs, and related-tool links. Use 'calculadora de propinas' naturally in the title/meta/H1 or first SEO section where it reads well. Near-ranking page: prioritize CTR title/meta rewrite and request indexing after deployment."
P1,https://anyconverter.io/es/sticky-notes/,es\sticky-notes\index.html,es,tool,yes,0,43,0%,14.16,notas adhesivas online,free online sticky notes; sticky note generator,Notas Adhesivas Online Gratis | AnyConverter,44,136,Notas Adhesivas Online,334,Thin visible content (334 words),"Add a concise SEO section with use cases, examples, limitations, FAQs, and related-tool links. Near-ranking page: prioritize CTR title/meta rewrite and request indexing after deployment."
P1,https://anyconverter.io/tip-calculator/,tip-calculator\index.html,en,tool,yes,0,41,0%,27.15,Tip Calculator,,Tip Calculator Online Free | AnyConverter,41,160,Tip Calculator,538,Thin visible content (538 words); No reliable matched GSC query data yet,"Add a concise SEO section with use cases, examples, limitations, FAQs, and related-tool links. Use the page title/URL as the primary keyword, then add examples and internal links to help Google understand the page. Near-ranking page: prioritize CTR title/meta rewrite and request indexing after deployment."
P1,https://anyconverter.io/da/todo-list/,da\todo-list\index.html,da,tool,yes,0,38,0%,21.16,opgaveliste,,Opgaveliste Online Gratis | AnyConverter,40,134,Opgaveliste Online,309,Thin visible content (309 words),"Add a concise SEO section with use cases, examples, limitations, FAQs, and related-tool links. Near-ranking page: prioritize CTR title/meta rewrite and request indexing after deployment."
P1,https://anyconverter.io/da/mortgage-calculator/,da\mortgage-calculator\index.html,da,tool,yes,0,34,0%,24.88,realkreditberegner,rente beregner,Realkreditberegner Online Gratis | AnyConverter,47,137,Realkreditberegner,464,Thin visible content (464 words); Primary GSC keyword not fully aligned on-page,"Add a concise SEO section with use cases, examples, limitations, FAQs, and related-tool links. Use 'realkreditberegner' naturally in the title/meta/H1 or first SEO section where it reads well. Near-ranking page: prioritize CTR title/meta rewrite and request indexing after deployment."
P1,https://anyconverter.io/da/age-calculator/,da\age-calculator\index.html,da,tool,yes,0,31,0%,11.55,beregn alder,,Aldersberegner Online Gratis | AnyConverter,43,153,Aldersberegner,435,Thin visible content (435 words); Primary GSC keyword not fully aligned on-page,"Add a concise SEO section with use cases, examples, limitations, FAQs, and related-tool links. Use 'beregn alder' naturally in the title/meta/H1 or first SEO section where it reads well. Near-ranking page: prioritize CTR title/meta rewrite and request indexing after deployment."
P1,https://anyconverter.io/da/countdown-timer/,da\countdown-timer\index.html,da,tool,yes,0,21,0%,39.24,timer nedtælling,online nedtælling; nedtælling,Nedtællingstimer Online Gratis | AnyConverter,45,133,Nedtællingstimer Online,309,Thin visible content (309 words); Primary GSC keyword not fully aligned on-page,"Add a concise SEO section with use cases, examples, limitations, FAQs, and related-tool links. Use 'timer nedtælling' naturally in the title/meta/H1 or first SEO section where it reads well. Near-ranking page: prioritize CTR title/meta rewrite and request indexing after deployment."
P1,https://anyconverter.io/da/coin-flip/,da\coin-flip\index.html,da,tool,yes,0,19,0%,13.11,Møntskast   — Plat eller Krone,,Møntskast Online Gratis — Plat eller Krone | AnyConverter,57,129,Møntskast Online,286,Thin visible content (286 words); No reliable matched GSC query data yet,"Add a concise SEO section with use cases, examples, limitations, FAQs, and related-tool links. Use the page title/URL as the primary keyword, then add examples and internal links to help Google understand the page. Near-ranking page: prioritize CTR title/meta rewrite and request indexing after deployment."
P1,http://anyconverter.io/,,en,hub,no,1,17,5.88%,10.65,HTTPS canonical,,,,,,,HTTP variant appeared in GSC,Force HTTP to HTTPS in Cloudflare and validate the HTTPS page in GSC.
P1,https://anyconverter.io/roman-numeral-converter/,roman-numeral-converter\index.html,en,tool,yes,0,15,0%,27,converter online,,Roman Numeral Converter Online Free | AnyConverter,50,130,Roman Numeral Converter,443,Thin visible content (443 words); Primary GSC keyword not fully aligned on-page,"Add a concise SEO section with use cases, examples, limitations, FAQs, and related-tool links. Use 'converter online' naturally in the title/meta/H1 or first SEO section where it reads well. Near-ranking page: prioritize CTR title/meta rewrite and request indexing after deployment."
P1,http://anyconverter.io/csv-query/,,en,tool,no,0,11,0%,35.45,HTTPS canonical,,,,,,,HTTP variant appeared in GSC,Force HTTP to HTTPS in Cloudflare and validate the HTTPS page in GSC.
P1,https://anyconverter.io/da/random-number-generator/,da\random-number-generator\index.html,da,tool,yes,0,11,0%,7.82,Tilfældig Tal Generator,,Tilfældig Tal Generator Online Gratis | AnyConverter,52,150,Tilfældig Tal Generator,411,Thin visible content (411 words); No reliable matched GSC query data yet,"Add a concise SEO section with use cases, examples, limitations, FAQs, and related-tool links. Use the page title/URL as the primary keyword, then add examples and internal links to help Google understand the page. Near-ranking page: prioritize CTR title/meta rewrite and request indexing after deployment."
P1,http://anyconverter.io/es/calorie-calculator/,,es,tool,no,0,10,0%,82.7,HTTPS canonical,,,,,,,HTTP variant appeared in GSC,Force HTTP to HTTPS in Cloudflare and validate the HTTPS page in GSC.
P1,https://anyconverter.io/habit-tracker/,habit-tracker\index.html,en,tool,yes,0,10,0%,21.9,habit tracker online,,Habit Tracker Online Free | AnyConverter,40,157,Habit Tracker Online,334,Thin visible content (334 words); Primary GSC keyword not fully aligned on-page,"Add a concise SEO section with use cases, examples, limitations, FAQs, and related-tool links. Use 'habit tracker online' naturally in the title/meta/H1 or first SEO section where it reads well. Near-ranking page: prioritize CTR title/meta rewrite and request indexing after deployment."
P1,https://anyconverter.io/es/compound-interest-calculator/,es\compound-interest-calculator\index.html,es,tool,yes,0,8,0%,8.62,Calculadora de Interés Compuesto,,Calculadora de Interés Compuesto Online Gratis | AnyConverter,61,155,Calculadora de Interés Compuesto,588,Thin visible content (588 words); No reliable matched GSC query data yet,"Add a concise SEO section with use cases, examples, limitations, FAQs, and related-tool links. Use the page title/URL as the primary keyword, then add examples and internal links to help Google understand the page. Near-ranking page: prioritize CTR title/meta rewrite and request indexing after deployment."
P1,https://anyconverter.io/da/screen-resolution/,da\screen-resolution\index.html,da,tool,yes,1,6,16.67%,25.17,screen resolution checker,,Skærmopløsning Checker Online Gratis | AnyConverter,51,149,Skærmopløsning Checker,249,Thin visible content (249 words); Primary GSC keyword not fully aligned on-page,"Add a concise SEO section with use cases, examples, limitations, FAQs, and related-tool links. Use 'screen resolution checker' naturally in the title/meta/H1 or first SEO section where it reads well."
P1,https://anyconverter.io/es/dead-pixel-checker/,es\dead-pixel-checker\index.html,es,tool,yes,0,6,0%,9.67,online dead pixel test,pixel checker; dead pixel online,Comprobador de Píxeles Muertos Online Gratis | AnyConverter,59,156,Comprobador de Píxeles Muertos,306,Thin visible content (306 words); Primary GSC keyword not fully aligned on-page,"Add a concise SEO section with use cases, examples, limitations, FAQs, and related-tool links. Use 'online dead pixel test' naturally in the title/meta/H1 or first SEO section where it reads well. Near-ranking page: prioritize CTR title/meta rewrite and request indexing after deployment."
P1,https://anyconverter.io/es/habit-tracker/,es\habit-tracker\index.html,es,tool,yes,0,6,0%,9,habit tracker online,,Seguimiento de Hábitos Online Gratis | AnyConverter,51,130,Seguimiento de Hábitos Online,256,Thin visible content (256 words); Primary GSC keyword not fully aligned on-page,"Add a concise SEO section with use cases, examples, limitations, FAQs, and related-tool links. Use 'habit tracker online' naturally in the title/meta/H1 or first SEO section where it reads well. Near-ranking page: prioritize CTR title/meta rewrite and request indexing after deployment."
P1,https://anyconverter.io/press/,press\index.html,en,support,yes,0,6,0%,10.5,Press Kit —,,Press Kit — AnyConverter,24,128,Press Kit,391,,Near-ranking page: prioritize CTR title/meta rewrite and request indexing after deployment.
P1,https://anyconverter.io/random-picker/,random-picker\index.html,en,tool,yes,0,6,0%,25.67,Random Picker   — Pick Random Items,,Random Picker Online Free — Pick Random Items | AnyConverter,60,146,Random Picker Online,253,Thin visible content (253 words); No reliable matched GSC query data yet,"Add a concise SEO section with use cases, examples, limitations, FAQs, and related-tool links. Use the page title/URL as the primary keyword, then add examples and internal links to help Google understand the page. Near-ranking page: prioritize CTR title/meta rewrite and request indexing after deployment."
P1,https://anyconverter.io/da/password-generator/,da\password-generator\index.html,da,tool,yes,0,5,0%,39.2,kodegenerator,,Adgangskodegenerator Online Gratis | AnyConverter,49,155,Adgangskodegenerator,407,Thin visible content (407 words); Primary GSC keyword not fully aligned on-page,"Add a concise SEO section with use cases, examples, limitations, FAQs, and related-tool links. Use 'kodegenerator' naturally in the title/meta/H1 or first SEO section where it reads well. Near-ranking page: prioritize CTR title/meta rewrite and request indexing after deployment."
P1,https://anyconverter.io/es/meeting-timer/,es\meeting-timer\index.html,es,tool,yes,0,5,0%,8,agenda time,meeting agenda timer; meeting timer; timer meeting,Temporizador de Reuniones — Agenda con Tiempo | AnyConverter,60,143,Temporizador de Reuniones Online,300,Thin visible content (300 words); Primary GSC keyword not fully aligned on-page,"Add a concise SEO section with use cases, examples, limitations, FAQs, and related-tool links. Use 'agenda time' naturally in the title/meta/H1 or first SEO section where it reads well. Near-ranking page: prioritize CTR title/meta rewrite and request indexing after deployment."
P1,https://anyconverter.io/es/scan-to-pdf/,es\scan-to-pdf\index.html,es,tool,yes,0,5,0%,18,escanear imagen a pdf,,Escanear a PDF — Imágenes a PDF Online Gratis | AnyConverter,60,154,Escanear a PDF,315,Thin visible content (315 words); Primary GSC keyword not fully aligned on-page,"Add a concise SEO section with use cases, examples, limitations, FAQs, and related-tool links. Use 'escanear imagen a pdf' naturally in the title/meta/H1 or first SEO section where it reads well. Near-ranking page: prioritize CTR title/meta rewrite and request indexing after deployment."
P1,http://anyconverter.io/html-beautifier/,,en,tool,no,0,4,0%,53.5,HTTPS canonical,,,,,,,HTTP variant appeared in GSC,Force HTTP to HTTPS in Cloudflare and validate the HTTPS page in GSC.
P1,https://anyconverter.io/age-calculator/,age-calculator\index.html,en,tool,yes,0,4,0%,25.75,Age Calculator,,Age Calculator Online Free | AnyConverter,41,154,Age Calculator,422,Thin visible content (422 words); No reliable matched GSC query data yet,"Add a concise SEO section with use cases, examples, limitations, FAQs, and related-tool links. Use the page title/URL as the primary keyword, then add examples and internal links to help Google understand the page. Near-ranking page: prioritize CTR title/meta rewrite and request indexing after deployment."
P1,https://anyconverter.io/es/fancy-text-generator/,es\fancy-text-generator\index.html,es,tool,yes,0,4,0%,8,Generador de Texto Elegante,,Generador de Texto Elegante Online Gratis | AnyConverter,56,130,Generador de Texto Elegante,394,Thin visible content (394 words); No reliable matched GSC query data yet,"Add a concise SEO section with use cases, examples, limitations, FAQs, and related-tool links. Use the page title/URL as the primary keyword, then add examples and internal links to help Google understand the page. Near-ranking page: prioritize CTR title/meta rewrite and request indexing after deployment."
P1,https://anyconverter.io/security/,security\index.html,en,support,yes,0,4,0%,4.75,Security —,,Security — AnyConverter,23,150,Security at AnyConverter,466,,Near-ranking page: prioritize CTR title/meta rewrite and request indexing after deployment.
P1,http://anyconverter.io/es/,,es,hub,no,0,3,0%,58.67,HTTPS canonical,,,,,,,HTTP variant appeared in GSC,Force HTTP to HTTPS in Cloudflare and validate the HTTPS page in GSC.
P1,https://anyconverter.io/da/monitor-color-test/,da\monitor-color-test\index.html,da,tool,yes,0,3,0%,17.33,monitor color test,color test monitor; farvetest; monitor a color; color test / monitor,Skærm Farvetest Online Gratis | AnyConverter,44,145,Skærm Farvetest,235,Thin visible content (235 words); Primary GSC keyword not fully aligned on-page,"Add a concise SEO section with use cases, examples, limitations, FAQs, and related-tool links. Use 'monitor color test' naturally in the title/meta/H1 or first SEO section where it reads well. Near-ranking page: prioritize CTR title/meta rewrite and request indexing after deployment."
P1,https://anyconverter.io/da/number-to-words/,da\number-to-words\index.html,da,tool,yes,0,3,0%,8.33,Tal til Ord Konverter,,Tal til Ord Konverter Online Gratis | AnyConverter,50,158,Tal til Ord Konverter,289,Thin visible content (289 words); No reliable matched GSC query data yet,"Add a concise SEO section with use cases, examples, limitations, FAQs, and related-tool links. Use the page title/URL as the primary keyword, then add examples and internal links to help Google understand the page. Near-ranking page: prioritize CTR title/meta rewrite and request indexing after deployment."
P1,https://anyconverter.io/da/tip-calculator/,da\tip-calculator\index.html,da,tool,yes,0,3,0%,7.67,Drikkepenge Beregner,,Drikkepenge Beregner Online Gratis | AnyConverter,49,143,Drikkepenge Beregner,373,Thin visible content (373 words); No reliable matched GSC query data yet,"Add a concise SEO section with use cases, examples, limitations, FAQs, and related-tool links. Use the page title/URL as the primary keyword, then add examples and internal links to help Google understand the page. Near-ranking page: prioritize CTR title/meta rewrite and request indexing after deployment."
P1,https://anyconverter.io/lorem-ipsum-generator/,lorem-ipsum-generator\index.html,en,tool,yes,0,3,0%,40,Lorem Ipsum Generator,,Lorem Ipsum Generator Online Free | AnyConverter,48,147,Lorem Ipsum Generator,406,Thin visible content (406 words); No reliable matched GSC query data yet,"Add a concise SEO section with use cases, examples, limitations, FAQs, and related-tool links. Use the page title/URL as the primary keyword, then add examples and internal links to help Google understand the page. Near-ranking page: prioritize CTR title/meta rewrite and request indexing after deployment."
P1,https://anyconverter.io/terms/,terms\index.html,en,support,yes,0,3,0%,2.33,Terms of Service —,,Terms of Service — AnyConverter,31,17,Terms of Service,611,,Near-ranking page: prioritize CTR title/meta rewrite and request indexing after deployment.
P1,http://anyconverter.io/es/jwt-decoder/,,es,tool,no,0,2,0%,58,HTTPS canonical,,,,,,,HTTP variant appeared in GSC,Force HTTP to HTTPS in Cloudflare and validate the HTTPS page in GSC.
P1,http://anyconverter.io/es/morse-code-converter/,,es,tool,no,1,2,50%,6,HTTPS canonical,,,,,,,HTTP variant appeared in GSC,Force HTTP to HTTPS in Cloudflare and validate the HTTPS page in GSC.
P1,http://anyconverter.io/image-compressor/,,en,tool,no,0,2,0%,24.5,HTTPS canonical,,,,,,,HTTP variant appeared in GSC,Force HTTP to HTTPS in Cloudflare and validate the HTTPS page in GSC.
P1,https://anyconverter.io/blog/,blog\index.html,en,support,yes,0,2,0%,5.5,"Blog — Tips, Guides & Updates",,"Blog — Tips, Guides & Updates | AnyConverter",44,143,"Tips, Guides & Updates",270,,Near-ranking page: prioritize CTR title/meta rewrite and request indexing after deployment.
P1,https://anyconverter.io/da/ascii-art-generator/,da\ascii-art-generator\index.html,da,tool,yes,0,2,0%,4,ASCII Kunst Generator,,ASCII Kunst Generator Online Gratis | AnyConverter,50,152,ASCII Kunst Generator,334,Thin visible content (334 words); No reliable matched GSC query data yet,"Add a concise SEO section with use cases, examples, limitations, FAQs, and related-tool links. Use the page title/URL as the primary keyword, then add examples and internal links to help Google understand the page. Near-ranking page: prioritize CTR title/meta rewrite and request indexing after deployment."
P1,https://anyconverter.io/da/daily-planner/,da\daily-planner\index.html,da,tool,yes,0,2,0%,26,planner daily online,,Daglig Planlægger Online Gratis | AnyConverter,46,158,Daglig Planlægger Online,222,Thin visible content (222 words); Primary GSC keyword not fully aligned on-page,"Add a concise SEO section with use cases, examples, limitations, FAQs, and related-tool links. Use 'planner daily online' naturally in the title/meta/H1 or first SEO section where it reads well. Near-ranking page: prioritize CTR title/meta rewrite and request indexing after deployment."
P1,https://anyconverter.io/da/fancy-text-generator/,da\fancy-text-generator\index.html,da,tool,yes,0,2,0%,7,Fancy Tekst Generator,,Fancy Tekst Generator Online Gratis | AnyConverter,50,134,Fancy Tekst Generator,341,Thin visible content (341 words); No reliable matched GSC query data yet,"Add a concise SEO section with use cases, examples, limitations, FAQs, and related-tool links. Use the page title/URL as the primary keyword, then add examples and internal links to help Google understand the page. Near-ranking page: prioritize CTR title/meta rewrite and request indexing after deployment."
P1,https://anyconverter.io/da/text-repeater/,da\text-repeater\index.html,da,tool,yes,0,2,0%,5,text repeater online,,Tekstgentagelse Online Gratis | AnyConverter,44,121,Tekstgentagelse,251,Thin visible content (251 words); Primary GSC keyword not fully aligned on-page,"Add a concise SEO section with use cases, examples, limitations, FAQs, and related-tool links. Use 'text repeater online' naturally in the title/meta/H1 or first SEO section where it reads well. Near-ranking page: prioritize CTR title/meta rewrite and request indexing after deployment."
P1,https://anyconverter.io/es/internet-speed-test/,es\internet-speed-test\index.html,es,tool,yes,0,2,0%,6.5,internet speed test online,free internet speed test; online test internet speed; internet speed test free; internet test speed online,Prueba de Velocidad de Internet Online Gratis | AnyConverter,60,144,Prueba de Velocidad de Internet,328,Thin visible content (328 words); Primary GSC keyword not fully aligned on-page,"Add a concise SEO section with use cases, examples, limitations, FAQs, and related-tool links. Use 'internet speed test online' naturally in the title/meta/H1 or first SEO section where it reads well. Near-ranking page: prioritize CTR title/meta rewrite and request indexing after deployment."
P1,https://anyconverter.io/es/morse-code-converter/,es\morse-code-converter\index.html,es,tool,yes,0,2,0%,4.5,Convertidor de Código Morse,,Convertidor de Código Morse Online Gratis | AnyConverter,56,150,Convertidor de Código Morse,358,Thin visible content (358 words); No reliable matched GSC query data yet,"Add a concise SEO section with use cases, examples, limitations, FAQs, and related-tool links. Use the page title/URL as the primary keyword, then add examples and internal links to help Google understand the page. Near-ranking page: prioritize CTR title/meta rewrite and request indexing after deployment."
P1,https://anyconverter.io/es/password-generator/,es\password-generator\index.html,es,tool,yes,0,2,0%,5,Generador de Contraseñas,,Generador de Contraseñas Online Gratis | AnyConverter,53,160,Generador de Contraseñas,437,Thin visible content (437 words); No reliable matched GSC query data yet,"Add a concise SEO section with use cases, examples, limitations, FAQs, and related-tool links. Use the page title/URL as the primary keyword, then add examples and internal links to help Google understand the page. Near-ranking page: prioritize CTR title/meta rewrite and request indexing after deployment."
P1,https://anyconverter.io/es/screen-resolution/,es\screen-resolution\index.html,es,tool,yes,0,2,0%,7,screen resolution checker,,Comprobador de Resolución de Pantalla | AnyConverter,52,137,Comprobador de Resolución de Pantalla,333,Thin visible content (333 words); Primary GSC keyword not fully aligned on-page,"Add a concise SEO section with use cases, examples, limitations, FAQs, and related-tool links. Use 'screen resolution checker' naturally in the title/meta/H1 or first SEO section where it reads well. Near-ranking page: prioritize CTR title/meta rewrite and request indexing after deployment."
P1,https://anyconverter.io/password-generator/,password-generator\index.html,en,tool,yes,0,2,0%,37.5,strong password checker,,Password Generator Online Free | AnyConverter,45,153,Password Generator,434,Thin visible content (434 words); Primary GSC keyword not fully aligned on-page,"Add a concise SEO section with use cases, examples, limitations, FAQs, and related-tool links. Use 'strong password checker' naturally in the title/meta/H1 or first SEO section where it reads well. Near-ranking page: prioritize CTR title/meta rewrite and request indexing after deployment."
P1,https://anyconverter.io/privacy/,privacy\index.html,en,support,yes,0,2,0%,5.5,Privacy Policy —,,Privacy Policy — AnyConverter,29,12,Privacy Policy,674,,Near-ranking page: prioritize CTR title/meta rewrite and request indexing after deployment.
P1,https://anyconverter.io/about/,about\index.html,en,support,yes,0,1,0%,6,About Us —,,About Us — AnyConverter | Free Online Tools,43,150,Built for Everyone. Free Forever.,395,,Near-ranking page: prioritize CTR title/meta rewrite and request indexing after deployment.
P1,https://anyconverter.io/countdown-timer/,countdown-timer\index.html,en,tool,yes,0,1,0%,1,Countdown Timer,,Countdown Timer Online Free | AnyConverter,42,160,Countdown Timer Online,261,Thin visible content (261 words); No reliable matched GSC query data yet,"Add a concise SEO section with use cases, examples, limitations, FAQs, and related-tool links. Use the page title/URL as the primary keyword, then add examples and internal links to help Google understand the page. Near-ranking page: prioritize CTR title/meta rewrite and request indexing after deployment."
P1,https://anyconverter.io/da/css-gradient-generator/,da\css-gradient-generator\index.html,da,tool,yes,0,1,0%,11,CSS Gradient Generator,,CSS Gradient Generator Online Gratis | AnyConverter,51,144,CSS Gradient Generator,320,Thin visible content (320 words); No reliable matched GSC query data yet,"Add a concise SEO section with use cases, examples, limitations, FAQs, and related-tool links. Use the page title/URL as the primary keyword, then add examples and internal links to help Google understand the page. Near-ranking page: prioritize CTR title/meta rewrite and request indexing after deployment."
P1,https://anyconverter.io/da/mouse-tester/,da\mouse-tester\index.html,da,tool,yes,0,1,0%,6,Musetest,,Musetest Online Gratis | AnyConverter,37,12,Musetest,193,Meta description short (12); Thin visible content (193 words); No reliable matched GSC query data yet,"Expand meta description with use case, privacy/no-signup benefit, and primary keyword. Add a concise SEO section with use cases, examples, limitations, FAQs, and related-tool links. Use the page title/URL as the primary keyword, then add examples and internal links to help Google understand the page. Near-ranking page: prioritize CTR title/meta rewrite and request indexing after deployment."
P1,https://anyconverter.io/da/password-strength-checker/,da\password-strength-checker\index.html,da,tool,yes,0,1,0%,8,password strength checker,,Adgangskode Styrke Tjekker Online Gratis | AnyConverter,55,132,Adgangskode Styrke Tjekker,349,Thin visible content (349 words); Primary GSC keyword not fully aligned on-page,"Add a concise SEO section with use cases, examples, limitations, FAQs, and related-tool links. Use 'password strength checker' naturally in the title/meta/H1 or first SEO section where it reads well. Near-ranking page: prioritize CTR title/meta rewrite and request indexing after deployment."
P1,https://anyconverter.io/da/text-case-converter/,da\text-case-converter\index.html,da,tool,yes,0,1,0%,10,Tekst Store/Små Bogstaver Konverter,,Tekst Store/Små Bogstaver Konverter Online Gratis | AnyConverter,64,145,Tekst Store/Små Bogstaver Konverter,403,Thin visible content (403 words); No reliable matched GSC query data yet,"Add a concise SEO section with use cases, examples, limitations, FAQs, and related-tool links. Use the page title/URL as the primary keyword, then add examples and internal links to help Google understand the page. Near-ranking page: prioritize CTR title/meta rewrite and request indexing after deployment."
P1,https://anyconverter.io/es/about/,es\about\index.html,es,support,yes,0,1,0%,26,Sobre Nosotros —,,Sobre Nosotros — AnyConverter | Herramientas Online Gratuitas,61,151,Construido para Todos. Gratis para Siempre.,427,,Near-ranking page: prioritize CTR title/meta rewrite and request indexing after deployment.
P1,https://anyconverter.io/es/decision-maker/,es\decision-maker\index.html,es,tool,yes,0,1,0%,7,decision maker generator,,Tomador de Decisiones — ¿No Puedes Decidir? | AnyConverter,58,146,Tomador de Decisiones Online,255,Thin visible content (255 words); Primary GSC keyword not fully aligned on-page,"Add a concise SEO section with use cases, examples, limitations, FAQs, and related-tool links. Use 'decision maker generator' naturally in the title/meta/H1 or first SEO section where it reads well. Near-ranking page: prioritize CTR title/meta rewrite and request indexing after deployment."
P1,https://anyconverter.io/es/loan-calculator/,es\loan-calculator\index.html,es,tool,yes,0,1,0%,5,Calculadora de Préstamos y EMI,,Calculadora de Préstamos y EMI Online Gratis | AnyConverter,59,138,Calculadora de Préstamos / EMI,475,Thin visible content (475 words); No reliable matched GSC query data yet,"Add a concise SEO section with use cases, examples, limitations, FAQs, and related-tool links. Use the page title/URL as the primary keyword, then add examples and internal links to help Google understand the page. Near-ranking page: prioritize CTR title/meta rewrite and request indexing after deployment."
P1,https://anyconverter.io/es/stopwatch/,es\stopwatch\index.html,es,tool,yes,0,1,0%,10,Cronómetro,,Cronómetro Online Gratis | AnyConverter,39,136,Cronómetro Online,257,Thin visible content (257 words); No reliable matched GSC query data yet,"Add a concise SEO section with use cases, examples, limitations, FAQs, and related-tool links. Use the page title/URL as the primary keyword, then add examples and internal links to help Google understand the page. Near-ranking page: prioritize CTR title/meta rewrite and request indexing after deployment."
P1,https://anyconverter.io/es/viewport-size/,es\viewport-size\index.html,es,tool,yes,0,1,0%,7,viewport size,viewport size checker,Comprobador de Tamaño de Ventana Online Gratis | AnyConverter,61,153,Comprobador de Tamaño de Ventana,321,Thin visible content (321 words); Primary GSC keyword not fully aligned on-page,"Add a concise SEO section with use cases, examples, limitations, FAQs, and related-tool links. Use 'viewport size' naturally in the title/meta/H1 or first SEO section where it reads well. Near-ranking page: prioritize CTR title/meta rewrite and request indexing after deployment."
P1,https://anyconverter.io/fancy-text-generator/,fancy-text-generator\index.html,en,tool,yes,0,1,0%,6,Fancy Text Generator,,Fancy Text Generator Online Free | AnyConverter,47,155,Fancy Text Generator,356,Thin visible content (356 words); No reliable matched GSC query data yet,"Add a concise SEO section with use cases, examples, limitations, FAQs, and related-tool links. Use the page title/URL as the primary keyword, then add examples and internal links to help Google understand the page. Near-ranking page: prioritize CTR title/meta rewrite and request indexing after deployment."
P1,https://anyconverter.io/stopwatch/,stopwatch\index.html,en,tool,yes,0,1,0%,9,Stopwatch,,Stopwatch Online Free | AnyConverter,36,138,Stopwatch Online,228,Thin visible content (228 words); No reliable matched GSC query data yet,"Add a concise SEO section with use cases, examples, limitations, FAQs, and related-tool links. Use the page title/URL as the primary keyword, then add examples and internal links to help Google understand the page. Near-ranking page: prioritize CTR title/meta rewrite and request indexing after deployment."
P1,https://anyconverter.io/text-diff-checker/,text-diff-checker\index.html,en,tool,yes,0,1,0%,11,Text Diff Checker,,Text Diff Checker Online Free | AnyConverter,44,132,Text Diff Checker,436,Thin visible content (436 words); No reliable matched GSC query data yet,"Add a concise SEO section with use cases, examples, limitations, FAQs, and related-tool links. Use the page title/URL as the primary keyword, then add examples and internal links to help Google understand the page. Near-ranking page: prioritize CTR title/meta rewrite and request indexing after deployment."
P1,https://anyconverter.io/unlock-pdf/,unlock-pdf\index.html,en,tool,yes,0,1,0%,8,Unlock PDF — Remove Password,,Unlock PDF — Remove Password Online Free | AnyConverter,55,157,Unlock PDF — Remove Password,234,Thin visible content (234 words); No reliable matched GSC query data yet,"Add a concise SEO section with use cases, examples, limitations, FAQs, and related-tool links. Use the page title/URL as the primary keyword, then add examples and internal links to help Google understand the page. Near-ranking page: prioritize CTR title/meta rewrite and request indexing after deployment."
P1,https://anyconverter.io/anyconverter_ui_mockup.html,anyconverter_ui_mockup.html,en,non-indexable-fragment,no,,,,,Do not index,,,0,0,,395,Root HTML fragment is not a complete SEO page,Keep redirected to homepage or move outside public root; do not index as a standalone page.
P1,https://anyconverter.io/high_demand_frontend_tools.html,high_demand_frontend_tools.html,en,non-indexable-fragment,no,,,,,Do not index,,,0,0,,369,Root HTML fragment is not a complete SEO page,Keep redirected to homepage or move outside public root; do not index as a standalone page.
P2,https://anyconverter.io/internet-speed-test/,internet-speed-test\index.html,en,tool,yes,0,393,0%,79.63,internet speed test online,free internet speed test; online test internet speed; internet speed test free; internet test speed online,Internet Speed Test Online Free | AnyConverter,46,151,Internet Speed Test,306,Thin visible content (306 words); Primary GSC keyword not fully aligned on-page,"Add a concise SEO section with use cases, examples, limitations, FAQs, and related-tool links. Use 'internet speed test online' naturally in the title/meta/H1 or first SEO section where it reads well. High-impression but low-rank page: improve content depth and add contextual internal links from related pages."
P2,https://anyconverter.io/pdf-forms/,pdf-forms\index.html,en,tool,yes,0,372,0%,81.19,convert pdf to fillable form,convert pdf to fillable form free; convert pdf to fillable form online; convert pdf into fillable form online; convert pdf to form fillable online,Fill PDF Forms Online Free | AnyConverter,41,154,Fill PDF Forms Online,265,Thin visible content (265 words); Primary GSC keyword not fully aligned on-page,"Add a concise SEO section with use cases, examples, limitations, FAQs, and related-tool links. Use 'convert pdf to fillable form' naturally in the title/meta/H1 or first SEO section where it reads well. High-impression but low-rank page: improve content depth and add contextual internal links from related pages."
P2,https://anyconverter.io/es/remove-pdf-pages/,es\remove-pdf-pages\index.html,es,tool,yes,0,334,0%,85.17,eliminar paginas pdf,eliminar paginas de un pdf; eliminar paginas pdf online; remove a page in pdf; eliminar páginas pdf,Eliminar Páginas de PDF Online Gratis | AnyConverter,52,144,Eliminar Páginas de PDF,245,Thin visible content (245 words); Primary GSC keyword not fully aligned on-page,"Add a concise SEO section with use cases, examples, limitations, FAQs, and related-tool links. Use 'eliminar paginas pdf' naturally in the title/meta/H1 or first SEO section where it reads well. High-impression but low-rank page: improve content depth and add contextual internal links from related pages."
P2,https://anyconverter.io/es/pdf-merge/,es\pdf-merge\index.html,es,tool,yes,1,312,0.32%,75.61,unir pdf online,unir pdf; unir pdf online gratis; unir dos pdf; combinar archivos pdf gratis,Unir PDF Online Gratis — Combinar Archivos PDF | AnyConverter,61,157,Unir Archivos PDF Online,314,Thin visible content (314 words); Primary GSC keyword not fully aligned on-page,"Add a concise SEO section with use cases, examples, limitations, FAQs, and related-tool links. Use 'unir pdf online' naturally in the title/meta/H1 or first SEO section where it reads well. High-impression but low-rank page: improve content depth and add contextual internal links from related pages."
P2,https://anyconverter.io/da/internet-speed-test/,da\internet-speed-test\index.html,da,tool,yes,0,284,0%,70.25,internet speed test online,free internet speed test; online test internet speed; internet speed test free; test internet hastighed,Internethastighed Test Online Gratis | AnyConverter,51,152,Internethastighed Test,252,Thin visible content (252 words); Primary GSC keyword not fully aligned on-page,"Add a concise SEO section with use cases, examples, limitations, FAQs, and related-tool links. Use 'internet speed test online' naturally in the title/meta/H1 or first SEO section where it reads well. High-impression but low-rank page: improve content depth and add contextual internal links from related pages."
P2,https://anyconverter.io/es/edit-pdf/,es\edit-pdf\index.html,es,tool,yes,0,206,0%,78.29,editar texto pdf gratis,editar texto pdf online gratis; editar texto pdf online; editar pdf texto online; editar pdf nline,"Editar PDF — Agregar Texto, Formas y Resaltados | AnyConverter",62,154,Editar PDF — Agregar Texto y Formas,326,Thin visible content (326 words); Primary GSC keyword not fully aligned on-page,"Add a concise SEO section with use cases, examples, limitations, FAQs, and related-tool links. Use 'editar texto pdf gratis' naturally in the title/meta/H1 or first SEO section where it reads well. High-impression but low-rank page: improve content depth and add contextual internal links from related pages."
P2,https://anyconverter.io/extract-pdf-pages/,extract-pdf-pages\index.html,en,tool,yes,0,175,0%,83.47,extract pdf pages free,extract pages from pdf free; extract pdf pages online; extract page from pdf free; extract 1 page from pdf,Extract PDF Pages Online Free | AnyConverter,44,144,Extract PDF Pages,254,Thin visible content (254 words); Primary GSC keyword not fully aligned on-page,"Add a concise SEO section with use cases, examples, limitations, FAQs, and related-tool links. Use 'extract pdf pages free' naturally in the title/meta/H1 or first SEO section where it reads well. High-impression but low-rank page: improve content depth and add contextual internal links from related pages."
P2,https://anyconverter.io/es/ocr-pdf/,es\ocr-pdf\index.html,es,tool,yes,0,168,0%,71.39,pdf ocr,ocr pdf; pdf extraer; converter ocr pdf,OCR PDF — Extraer Texto de PDF Escaneado | AnyConverter,55,138,OCR PDF — Extraer Texto de Escaneos,321,Thin visible content (321 words); Primary GSC keyword not fully aligned on-page,"Add a concise SEO section with use cases, examples, limitations, FAQs, and related-tool links. Use 'pdf ocr' naturally in the title/meta/H1 or first SEO section where it reads well. High-impression but low-rank page: improve content depth and add contextual internal links from related pages."
P2,https://anyconverter.io/pdf-merge/,pdf-merge\index.html,en,tool,yes,0,145,0%,70.79,pdf combine,merge pdf files; combine pdf files; pdf merge; pdf combiner,Merge PDF Files Online — Free PDF Combiner | AnyConverter,57,152,Merge PDF Files Online,392,Thin visible content (392 words); Primary GSC keyword not fully aligned on-page,"Add a concise SEO section with use cases, examples, limitations, FAQs, and related-tool links. Use 'pdf combine' naturally in the title/meta/H1 or first SEO section where it reads well. High-impression but low-rank page: improve content depth and add contextual internal links from related pages."
P2,https://anyconverter.io/es/qr-code-generator/,es\qr-code-generator\index.html,es,tool,yes,0,132,0%,84.27,generador codigos qr,generador de codigo qr gratis; qr code generator gratis; qr online gratis; generador de codigo qr,Generador de Códigos QR Online Gratis | AnyConverter,52,157,Generador de Códigos QR,470,Thin visible content (470 words); Primary GSC keyword not fully aligned on-page,"Add a concise SEO section with use cases, examples, limitations, FAQs, and related-tool links. Use 'generador codigos qr' naturally in the title/meta/H1 or first SEO section where it reads well. High-impression but low-rank page: improve content depth and add contextual internal links from related pages."
P2,https://anyconverter.io/es/extract-pdf-pages/,es\extract-pdf-pages\index.html,es,tool,yes,0,105,0%,85.96,extract pdf pages free,extract pages from pdf free; extraer paginas pdf; extraer paginas de un pdf; extract pdf pages online,Extraer Páginas de PDF Online Gratis | AnyConverter,51,157,Extraer Páginas de PDF,257,Thin visible content (257 words); Primary GSC keyword not fully aligned on-page,"Add a concise SEO section with use cases, examples, limitations, FAQs, and related-tool links. Use 'extract pdf pages free' naturally in the title/meta/H1 or first SEO section where it reads well. High-impression but low-rank page: improve content depth and add contextual internal links from related pages."
P2,https://anyconverter.io/es/rotate-pdf/,es\rotate-pdf\index.html,es,tool,yes,0,99,0%,82.23,rotar paginas pdf,rotar paginas de pdf,Rotar Páginas de PDF Online Gratis | AnyConverter,49,142,Rotar Páginas de PDF,295,Thin visible content (295 words); Primary GSC keyword not fully aligned on-page,"Add a concise SEO section with use cases, examples, limitations, FAQs, and related-tool links. Use 'rotar paginas pdf' naturally in the title/meta/H1 or first SEO section where it reads well. High-impression but low-rank page: improve content depth and add contextual internal links from related pages."
P2,https://anyconverter.io/keyboard-tester/,keyboard-tester\index.html,en,tool,yes,0,99,0%,83.67,keyboard tester online,check keyboard online; online keyboard tester; keyboard check online; test keyboard keys online,Keyboard Tester Online Free | AnyConverter,42,159,Keyboard Tester,250,Thin visible content (250 words); Primary GSC keyword not fully aligned on-page,"Add a concise SEO section with use cases, examples, limitations, FAQs, and related-tool links. Use 'keyboard tester online' naturally in the title/meta/H1 or first SEO section where it reads well. High-impression but low-rank page: improve content depth and add contextual internal links from related pages."
P2,https://anyconverter.io/gst-vat-calculator/,gst-vat-calculator\index.html,en,tool,yes,0,81,0%,47.16,calculate gst,,GST & VAT Calculator Online Free | AnyConverter,47,149,GST / VAT Calculator,517,Thin visible content (517 words); Primary GSC keyword not fully aligned on-page,"Add a concise SEO section with use cases, examples, limitations, FAQs, and related-tool links. Use 'calculate gst' naturally in the title/meta/H1 or first SEO section where it reads well."
P2,https://anyconverter.io/add-watermark/,add-watermark\index.html,en,tool,yes,0,80,0%,76.92,add watermark,add watermark to pdf,Add Watermark to PDF Online Free | AnyConverter,47,149,Add Watermark to PDF,233,Thin visible content (233 words); Primary GSC keyword not fully aligned on-page,"Add a concise SEO section with use cases, examples, limitations, FAQs, and related-tool links. Use 'add watermark' naturally in the title/meta/H1 or first SEO section where it reads well. High-impression but low-rank page: improve content depth and add contextual internal links from related pages."
P2,https://anyconverter.io/uuid-generator/,uuid-generator\index.html,en,tool,yes,0,80,0%,76.25,uuid generator,uuid generator online; uuid format online,UUID Generator Online Free | AnyConverter,41,122,UUID / GUID Generator,448,Thin visible content (448 words); Primary GSC keyword not fully aligned on-page,"Add a concise SEO section with use cases, examples, limitations, FAQs, and related-tool links. Use 'uuid generator' naturally in the title/meta/H1 or first SEO section where it reads well. High-impression but low-rank page: improve content depth and add contextual internal links from related pages."
P2,https://anyconverter.io/es/pdf-compress/,es\pdf-compress\index.html,es,tool,yes,0,79,0%,78.04,comprimir pdf online gratis,comprimir pdf online; comprimir pdf gratis on line; reducir tamaño de pdf gratis; reducir tamaño pdf online gratis,Comprimir PDF Online Gratis — Reducir Tamaño | AnyConverter,59,140,Comprimir PDF Online,288,Thin visible content (288 words); Primary GSC keyword not fully aligned on-page,"Add a concise SEO section with use cases, examples, limitations, FAQs, and related-tool links. Use 'comprimir pdf online gratis' naturally in the title/meta/H1 or first SEO section where it reads well. High-impression but low-rank page: improve content depth and add contextual internal links from related pages."
P2,https://anyconverter.io/es/pdf-split/,es\pdf-split\index.html,es,tool,yes,0,79,0%,87.24,extraer paginas pdf,dividir pdf; extraer paginas de un pdf; extraer pagina pdf online; dividir pdf online,Dividir PDF Online — Extraer Páginas Gratis | AnyConverter,58,151,Dividir PDF — Extraer Páginas Online,420,Thin visible content (420 words); Primary GSC keyword not fully aligned on-page,"Add a concise SEO section with use cases, examples, limitations, FAQs, and related-tool links. Use 'extraer paginas pdf' naturally in the title/meta/H1 or first SEO section where it reads well. High-impression but low-rank page: improve content depth and add contextual internal links from related pages."
P2,https://anyconverter.io/,index.html,en,hub,yes,2,77,2.6%,41.87,online tools,,"Free Converter Tools — JSON, PDF, Image & More | AnyConverter",61,129,"Free Online Tools — Convert, Calculate & Create",1773,,
P2,https://anyconverter.io/da/bmi-calculator/,da\bmi-calculator\index.html,da,tool,yes,0,75,0%,86.71,bmi beregner,beregn dit bmi; beregn bmi; bmi beregn; beregn din bmi,BMI Beregner Online Gratis | AnyConverter,41,144,BMI Beregner,393,Thin visible content (393 words); Primary GSC keyword not fully aligned on-page,"Add a concise SEO section with use cases, examples, limitations, FAQs, and related-tool links. Use 'bmi beregner' naturally in the title/meta/H1 or first SEO section where it reads well. High-impression but low-rank page: improve content depth and add contextual internal links from related pages."
P2,https://anyconverter.io/monitor-color-test/,monitor-color-test\index.html,en,tool,yes,0,75,0%,64.92,monitor color test,color test monitor; monitor a color; color test / monitor; monitor test color,Monitor Color Test Online Free | AnyConverter,45,17,Monitor Color Test,282,Meta description short (17); Thin visible content (282 words); Primary GSC keyword not fully aligned on-page,"Expand meta description with use case, privacy/no-signup benefit, and primary keyword. Add a concise SEO section with use cases, examples, limitations, FAQs, and related-tool links. Use 'monitor color test' naturally in the title/meta/H1 or first SEO section where it reads well. High-impression but low-rank page: improve content depth and add contextual internal links from related pages."
P2,https://anyconverter.io/remove-pdf-pages/,remove-pdf-pages\index.html,en,tool,yes,0,73,0%,84.47,delete pdf pages online,remove a page in pdf; remove pages from pdf online; pdf remove pages; remove page from pdf,Remove PDF Pages Online Free | AnyConverter,43,154,Remove PDF Pages,226,Thin visible content (226 words); Primary GSC keyword not fully aligned on-page,"Add a concise SEO section with use cases, examples, limitations, FAQs, and related-tool links. Use 'delete pdf pages online' naturally in the title/meta/H1 or first SEO section where it reads well. High-impression but low-rank page: improve content depth and add contextual internal links from related pages."
P2,https://anyconverter.io/add-page-numbers/,add-page-numbers\index.html,en,tool,yes,0,65,0%,73.62,add page numbers to pdf online,add page numbers to pdf free; add page number in pdf online free; pdf page number add online; add page number to pdf free,Add Page Numbers to PDF Online Free | AnyConverter,50,153,Add Page Numbers to PDF,273,Thin visible content (273 words); Primary GSC keyword not fully aligned on-page,"Add a concise SEO section with use cases, examples, limitations, FAQs, and related-tool links. Use 'add page numbers to pdf online' naturally in the title/meta/H1 or first SEO section where it reads well. High-impression but low-rank page: improve content depth and add contextual internal links from related pages."
P2,https://anyconverter.io/da/qr-code-generator/,da\qr-code-generator\index.html,da,tool,yes,0,62,0%,83.11,qr code generator gratis,generer qr kode; qr kode generator gratis; gen qr code online; qr kode generator,QR-kode Generator Online Gratis | AnyConverter,46,151,QR-kode Generator,407,Thin visible content (407 words); Primary GSC keyword not fully aligned on-page,"Add a concise SEO section with use cases, examples, limitations, FAQs, and related-tool links. Use 'qr code generator gratis' naturally in the title/meta/H1 or first SEO section where it reads well. High-impression but low-rank page: improve content depth and add contextual internal links from related pages."
P2,https://anyconverter.io/es/blood-type-compatibility/,es\blood-type-compatibility\index.html,es,tool,yes,0,62,0%,71.02,blood type compatibility,blood type a and a compatibility; grupos sanguineos compatibilidad; calculadora de grupo sanguíneo; blood type compatibility test,Comprobador de Compatibilidad de Grupos Sanguíneos | AnyConverter,65,130,Comprobador de Compatibilidad de Grupos Sanguíneos,391,Thin visible content (391 words); Primary GSC keyword not fully aligned on-page,"Add a concise SEO section with use cases, examples, limitations, FAQs, and related-tool links. Use 'blood type compatibility' naturally in the title/meta/H1 or first SEO section where it reads well. High-impression but low-rank page: improve content depth and add contextual internal links from related pages."
P2,https://anyconverter.io/es/calorie-calculator/,es\calorie-calculator\index.html,es,tool,yes,0,56,0%,52.12,calculadora de calorias,calculadora de calorias diarias,Calculadora de Calorías Online Gratis | AnyConverter,52,153,Calculadora de Calorías,629,Primary GSC keyword not fully aligned on-page,Use 'calculadora de calorias' naturally in the title/meta/H1 or first SEO section where it reads well. High-impression but low-rank page: improve content depth and add contextual internal links from related pages.
P2,https://anyconverter.io/csv-to-sql/,csv-to-sql\index.html,en,tool,yes,0,55,0%,68.53,csv to sql,convertir csv a sql; convert csv to sql insert; csv to sql online; sqlite to csv online,CSV to SQL Converter — INSERT Generator | AnyConverter,54,125,CSV to SQL Converter,428,Thin visible content (428 words); Primary GSC keyword not fully aligned on-page,"Add a concise SEO section with use cases, examples, limitations, FAQs, and related-tool links. Use 'csv to sql' naturally in the title/meta/H1 or first SEO section where it reads well. High-impression but low-rank page: improve content depth and add contextual internal links from related pages."
P2,https://anyconverter.io/da/pdf-compress/,da\pdf-compress\index.html,da,tool,yes,0,52,0%,72.69,komprimer pdf,reducer pdf størrelse; komprimer fil,Komprimer PDF Online Gratis — Reducer Filstørrelse | AnyConverter,65,148,Komprimer PDF Online — Reducer Filstørrelse,257,Thin visible content (257 words),"Add a concise SEO section with use cases, examples, limitations, FAQs, and related-tool links. High-impression but low-rank page: improve content depth and add contextual internal links from related pages."
P2,https://anyconverter.io/csv-query/,csv-query\index.html,en,tool,yes,0,51,0%,42.8,csv to sql,convertir csv a sql; csv to sql online; csv to query; csv to sql converter,CSV Query Tool Online — Run SQL on CSV Files Free | AnyConverter,64,133,CSV Query Tool — Run SQL on CSV Files,540,Thin visible content (540 words); Primary GSC keyword not fully aligned on-page,"Add a concise SEO section with use cases, examples, limitations, FAQs, and related-tool links. Use 'csv to sql' naturally in the title/meta/H1 or first SEO section where it reads well."
P2,https://anyconverter.io/dead-pixel-checker/,dead-pixel-checker\index.html,en,tool,yes,0,50,0%,64.88,online dead pixel test,pixel checker; dead pixel online,Dead Pixel Checker Online Free | AnyConverter,45,134,Dead Pixel Checker,303,Thin visible content (303 words); Primary GSC keyword not fully aligned on-page,"Add a concise SEO section with use cases, examples, limitations, FAQs, and related-tool links. Use 'online dead pixel test' naturally in the title/meta/H1 or first SEO section where it reads well. High-impression but low-rank page: improve content depth and add contextual internal links from related pages."
P3,https://anyconverter.io/da/invoice-generator/,da\invoice-generator\index.html,da,tool,yes,0,49,0%,73.9,faktura generator,,Faktura Generator Online Gratis | AnyConverter,46,126,Faktura Generator,312,Thin visible content (312 words); Primary GSC keyword not fully aligned on-page,"Add a concise SEO section with use cases, examples, limitations, FAQs, and related-tool links. Use 'faktura generator' naturally in the title/meta/H1 or first SEO section where it reads well."
P3,https://anyconverter.io/viewport-size/,viewport-size\index.html,en,tool,yes,0,49,0%,66.65,viewport size,viewport size checker,Viewport Size Checker Online Free | AnyConverter,48,153,Viewport Size Checker,291,Thin visible content (291 words),"Add a concise SEO section with use cases, examples, limitations, FAQs, and related-tool links."
P3,https://anyconverter.io/es/word-counter/,es\word-counter\index.html,es,tool,yes,0,44,0%,87.84,contador de palabras,contador palabras; contador de palabras online; contador de caracteres online,Contador de Palabras Online Gratis | AnyConverter,49,155,Contador de Palabras,455,Thin visible content (455 words),"Add a concise SEO section with use cases, examples, limitations, FAQs, and related-tool links."
P3,https://anyconverter.io/team-picker/,team-picker\index.html,en,tool,yes,0,44,0%,61.02,team picker,team shuffle online; teams picker; online team picker,Team Picker — Split People into Random Teams | AnyConverter,59,153,Team Picker Online,270,Thin visible content (270 words); Primary GSC keyword not fully aligned on-page,"Add a concise SEO section with use cases, examples, limitations, FAQs, and related-tool links. Use 'team picker' naturally in the title/meta/H1 or first SEO section where it reads well."
P3,https://anyconverter.io/meeting-timer/,meeting-timer\index.html,en,tool,yes,0,43,0%,64.91,agenda time,meeting agenda timer; meeting timer; timer meeting,Meeting Timer Online Free — Agenda Timer | AnyConverter,55,154,Meeting Timer Online,255,Thin visible content (255 words); Primary GSC keyword not fully aligned on-page,"Add a concise SEO section with use cases, examples, limitations, FAQs, and related-tool links. Use 'agenda time' naturally in the title/meta/H1 or first SEO section where it reads well."
P3,https://anyconverter.io/blood-type-compatibility/,blood-type-compatibility\index.html,en,tool,yes,0,42,0%,45.81,blood type compatibility,blood type a and a compatibility; blood type compatibility test; blood compatibility,Blood Type Compatibility Checker Online Free | AnyConverter,59,157,Blood Type Compatibility Checker,360,Thin visible content (360 words),"Add a concise SEO section with use cases, examples, limitations, FAQs, and related-tool links."
P3,https://anyconverter.io/es/compare-pdf/,es\compare-pdf\index.html,es,tool,yes,0,42,0%,64.5,comparar dos pdfs,comparar dos pdf; comparar documentos pdf; compare pdfs; comparar dos documentos pdf,Comparar dos PDFs lado a lado Online Gratis | AnyConverter,58,142,Comparar Dos PDFs Lado a Lado,293,Thin visible content (293 words); Primary GSC keyword not fully aligned on-page,"Add a concise SEO section with use cases, examples, limitations, FAQs, and related-tool links. Use 'comparar dos pdfs' naturally in the title/meta/H1 or first SEO section where it reads well."
P3,https://anyconverter.io/px-to-rem/,px-to-rem\index.html,en,tool,yes,0,42,0%,56.79,px to rem,px rem; pixel to rem; convert px to rem; px a rem,PX to REM Converter Online Free | AnyConverter,46,145,PX to REM Converter,345,Thin visible content (345 words),"Add a concise SEO section with use cases, examples, limitations, FAQs, and related-tool links."
P3,https://anyconverter.io/es/jpg-to-pdf/,es\jpg-to-pdf\index.html,es,tool,yes,0,40,0%,74.33,jpg a pdf online,convertir jpg a pdf online gratis,Convertir JPG a PDF Online Gratis | AnyConverter,48,149,Conversor de JPG a PDF,266,Thin visible content (266 words); Primary GSC keyword not fully aligned on-page,"Add a concise SEO section with use cases, examples, limitations, FAQs, and related-tool links. Use 'jpg a pdf online' naturally in the title/meta/H1 or first SEO section where it reads well."
P3,https://anyconverter.io/es/pdf-to-jpg/,es\pdf-to-jpg\index.html,es,tool,yes,0,40,0%,70.45,convertidor pdf a jpg,,Convertidor PDF a JPG Online Gratis | AnyConverter,50,153,Convertidor PDF a JPG,293,Thin visible content (293 words); Primary GSC keyword not fully aligned on-page,"Add a concise SEO section with use cases, examples, limitations, FAQs, and related-tool links. Use 'convertidor pdf a jpg' naturally in the title/meta/H1 or first SEO section where it reads well."
P3,https://anyconverter.io/es/unlock-pdf/,es\unlock-pdf\index.html,es,tool,yes,0,40,0%,85.53,desbloquear pdf,eliminar contraseña pdf; desbloquear pdf online eliminar contraseña de pdf,Desbloquear PDF — Eliminar Contraseña | AnyConverter,52,136,Desbloquear PDF — Eliminar Contraseña,247,Thin visible content (247 words); Primary GSC keyword not fully aligned on-page,"Add a concise SEO section with use cases, examples, limitations, FAQs, and related-tool links. Use 'desbloquear pdf' naturally in the title/meta/H1 or first SEO section where it reads well."
P3,https://anyconverter.io/es/text-diff-checker/,es\text-diff-checker\index.html,es,tool,yes,0,39,0%,77.74,comparador de textos,,Comparador de Texto Online Gratis | AnyConverter,48,139,Comparador de Texto,466,Thin visible content (466 words); Primary GSC keyword not fully aligned on-page,"Add a concise SEO section with use cases, examples, limitations, FAQs, and related-tool links. Use 'comparador de textos' naturally in the title/meta/H1 or first SEO section where it reads well."
P3,https://anyconverter.io/password-strength-checker/,password-strength-checker\index.html,en,tool,yes,0,35,0%,74.2,strong password checker,password strength checker,Password Strength Checker Online Free | AnyConverter,52,151,Password Strength Checker,372,Thin visible content (372 words); Primary GSC keyword not fully aligned on-page,"Add a concise SEO section with use cases, examples, limitations, FAQs, and related-tool links. Use 'strong password checker' naturally in the title/meta/H1 or first SEO section where it reads well."
P3,https://anyconverter.io/sticky-notes/,sticky-notes\index.html,en,tool,yes,0,35,0%,74.89,free online sticky notes,sticky note generator,Sticky Notes Online Free | AnyConverter,39,158,Sticky Notes Online,232,Thin visible content (232 words); Primary GSC keyword not fully aligned on-page,"Add a concise SEO section with use cases, examples, limitations, FAQs, and related-tool links. Use 'free online sticky notes' naturally in the title/meta/H1 or first SEO section where it reads well."
P3,https://anyconverter.io/da/pdf-to-jpg/,da\pdf-to-jpg\index.html,da,tool,yes,0,34,0%,71.38,pdf til jpg,konverter pdf til billede,PDF til JPG Konverter Online Gratis | AnyConverter,50,152,PDF til JPG Konverter,254,Thin visible content (254 words); Primary GSC keyword not fully aligned on-page,"Add a concise SEO section with use cases, examples, limitations, FAQs, and related-tool links. Use 'pdf til jpg' naturally in the title/meta/H1 or first SEO section where it reads well."
P3,https://anyconverter.io/es/base64-encoder/,es\base64-encoder\index.html,es,tool,yes,0,32,0%,44.81,Codificador Base64,,Codificador Base64 Online Gratis | AnyConverter,47,129,Codificador y Decodificador Base64,277,Thin visible content (277 words); No reliable matched GSC query data yet,"Add a concise SEO section with use cases, examples, limitations, FAQs, and related-tool links. Use the page title/URL as the primary keyword, then add examples and internal links to help Google understand the page."
P3,https://anyconverter.io/mortgage-calculator/,mortgage-calculator\index.html,en,tool,yes,0,30,0%,89.53,mortgage interest calculator,,Mortgage Calculator Online Free | AnyConverter,46,155,Mortgage Calculator,536,Thin visible content (536 words); Primary GSC keyword not fully aligned on-page,"Add a concise SEO section with use cases, examples, limitations, FAQs, and related-tool links. Use 'mortgage interest calculator' naturally in the title/meta/H1 or first SEO section where it reads well."
P3,https://anyconverter.io/da/ocr-pdf/,da\ocr-pdf\index.html,da,tool,yes,0,29,0%,71.07,pdf ocr,ocr pdf; udtræk tekst pdf; converter ocr pdf,OCR PDF — Udtræk Tekst fra Scannet PDF | AnyConverter,53,127,OCR PDF — Udtræk Tekst fra Scannede Filer,301,Thin visible content (301 words); Primary GSC keyword not fully aligned on-page,"Add a concise SEO section with use cases, examples, limitations, FAQs, and related-tool links. Use 'pdf ocr' naturally in the title/meta/H1 or first SEO section where it reads well."
P3,https://anyconverter.io/es/discount-calculator/,es\discount-calculator\index.html,es,tool,yes,0,29,0%,60.59,discount calculator,calculadora de descuentos; calculadora de descuento; calcul discount; % discount calculator,Calculadora de Descuentos Online Gratis | AnyConverter,54,137,Calculadora de Descuentos,485,Thin visible content (485 words); Primary GSC keyword not fully aligned on-page,"Add a concise SEO section with use cases, examples, limitations, FAQs, and related-tool links. Use 'discount calculator' naturally in the title/meta/H1 or first SEO section where it reads well."
P3,https://anyconverter.io/da/word-counter/,da\word-counter\index.html,da,tool,yes,0,28,0%,52.39,ordtæller,ordtæller online; tegn tæller,Ordtæller Online Gratis | AnyConverter,38,130,Ordtæller,336,Thin visible content (336 words); Primary GSC keyword not fully aligned on-page,"Add a concise SEO section with use cases, examples, limitations, FAQs, and related-tool links. Use 'ordtæller' naturally in the title/meta/H1 or first SEO section where it reads well."
P3,https://anyconverter.io/es/webcam-tester/,es\webcam-tester\index.html,es,tool,yes,0,27,0%,53.89,prueba de camara web,cam test web; webcam test; webcam online; webcam tester,Probador de Webcam Online Gratis | AnyConverter,47,160,Probador de Webcam,237,Thin visible content (237 words); Primary GSC keyword not fully aligned on-page,"Add a concise SEO section with use cases, examples, limitations, FAQs, and related-tool links. Use 'prueba de camara web' naturally in the title/meta/H1 or first SEO section where it reads well."
P3,https://anyconverter.io/daily-planner/,daily-planner\index.html,en,tool,yes,0,26,0%,63.15,planner online,planner daily online; day planner online,Daily Planner Online Free | AnyConverter,40,153,Daily Planner Online,237,Thin visible content (237 words); Primary GSC keyword not fully aligned on-page,"Add a concise SEO section with use cases, examples, limitations, FAQs, and related-tool links. Use 'planner online' naturally in the title/meta/H1 or first SEO section where it reads well."
P3,https://anyconverter.io/microphone-tester/,microphone-tester\index.html,en,tool,yes,0,26,0%,82.04,mic check online,,Microphone Tester Online Free | AnyConverter,44,144,Microphone Tester,254,Thin visible content (254 words); Primary GSC keyword not fully aligned on-page,"Add a concise SEO section with use cases, examples, limitations, FAQs, and related-tool links. Use 'mic check online' naturally in the title/meta/H1 or first SEO section where it reads well."
P3,https://anyconverter.io/da/loan-calculator/,da\loan-calculator\index.html,da,tool,yes,0,25,0%,85.72,rente beregner,lånberegner,Lånberegner Online Gratis | AnyConverter,40,127,Lånberegner,365,Thin visible content (365 words); Primary GSC keyword not fully aligned on-page,"Add a concise SEO section with use cases, examples, limitations, FAQs, and related-tool links. Use 'rente beregner' naturally in the title/meta/H1 or first SEO section where it reads well."
P3,https://anyconverter.io/ocr-pdf/,ocr-pdf\index.html,en,tool,yes,0,23,0%,71.48,pdf ocr,ocr pdf; converter ocr pdf,OCR PDF — Extract Text from Scanned PDF | AnyConverter,54,154,OCR PDF — Extract Text from Scans,307,Thin visible content (307 words); Primary GSC keyword not fully aligned on-page,"Add a concise SEO section with use cases, examples, limitations, FAQs, and related-tool links. Use 'pdf ocr' naturally in the title/meta/H1 or first SEO section where it reads well."
P3,https://anyconverter.io/sleep-calculator/,sleep-calculator\index.html,en,tool,yes,0,23,0%,66.83,sleep calculator,sleep time calculator,Sleep Calculator Online Free | AnyConverter,43,154,Sleep Calculator,388,Thin visible content (388 words),"Add a concise SEO section with use cases, examples, limitations, FAQs, and related-tool links."
P3,https://anyconverter.io/es/json-formatter/,es\json-formatter\index.html,es,tool,yes,0,21,0%,66.38,formateador json,,Formateador JSON Online Gratis | AnyConverter,45,158,Formateador y Validador de JSON,305,Thin visible content (305 words); Primary GSC keyword not fully aligned on-page,"Add a concise SEO section with use cases, examples, limitations, FAQs, and related-tool links. Use 'formateador json' naturally in the title/meta/H1 or first SEO section where it reads well."
P3,https://anyconverter.io/es/optimize-pdf/,es\optimize-pdf\index.html,es,tool,yes,0,21,0%,69.81,comprimir pdf online gratis,comprimir pdf online; comprimir pdf gratis on line; optimize pdf; comprimir pdf en linea,Optimizar y Comprimir PDF Online Gratis | AnyConverter,54,134,Optimizar y Comprimir PDF,248,Thin visible content (248 words); Primary GSC keyword not fully aligned on-page,"Add a concise SEO section with use cases, examples, limitations, FAQs, and related-tool links. Use 'comprimir pdf online gratis' naturally in the title/meta/H1 or first SEO section where it reads well."
P3,https://anyconverter.io/decision-maker/,decision-maker\index.html,en,tool,yes,0,19,0%,64.79,decision maker generator,,Decision Maker — Can't Decide? Let Us Pick | AnyConverter,57,3,Decision Maker Online,249,Meta description short (3); Thin visible content (249 words); Primary GSC keyword not fully aligned on-page,"Expand meta description with use case, privacy/no-signup benefit, and primary keyword. Add a concise SEO section with use cases, examples, limitations, FAQs, and related-tool links. Use 'decision maker generator' naturally in the title/meta/H1 or first SEO section where it reads well."
P3,https://anyconverter.io/dice-roller/,dice-roller\index.html,en,tool,yes,0,19,0%,73.53,d20 online roller,,Dice Roller Online Free — d4 d6 d8 d10 d12 d20 | AnyConverter,61,152,Dice Roller Online,294,Thin visible content (294 words); Primary GSC keyword not fully aligned on-page,"Add a concise SEO section with use cases, examples, limitations, FAQs, and related-tool links. Use 'd20 online roller' naturally in the title/meta/H1 or first SEO section where it reads well."
P3,https://anyconverter.io/es/px-to-rem/,es\px-to-rem\index.html,es,tool,yes,0,18,0%,49.78,px to rem,px rem; pixel to rem; convert px to rem; px a rem,Convertidor de PX a REM Online Gratis | AnyConverter,52,154,Convertidor de PX a REM,408,Thin visible content (408 words); Primary GSC keyword not fully aligned on-page,"Add a concise SEO section with use cases, examples, limitations, FAQs, and related-tool links. Use 'px to rem' naturally in the title/meta/H1 or first SEO section where it reads well."
P3,https://anyconverter.io/es/random-number-generator/,es\random-number-generator\index.html,es,tool,yes,0,18,0%,78.94,generador de numeros aleatorios,generador numeros aleatorios,Generador de Números Aleatorios Online Gratis | AnyConverter,60,131,Generador de Números Aleatorios,465,Thin visible content (465 words); Primary GSC keyword not fully aligned on-page,"Add a concise SEO section with use cases, examples, limitations, FAQs, and related-tool links. Use 'generador de numeros aleatorios' naturally in the title/meta/H1 or first SEO section where it reads well."
P3,https://anyconverter.io/crop-pdf/,crop-pdf\index.html,en,tool,yes,0,17,0%,73.06,remove a page in pdf,remove pages from pdf online; pdf remove pages; remove page from pdf,Crop PDF Pages Online Free | AnyConverter,41,144,Crop PDF Pages,261,Thin visible content (261 words); Primary GSC keyword not fully aligned on-page,"Add a concise SEO section with use cases, examples, limitations, FAQs, and related-tool links. Use 'remove a page in pdf' naturally in the title/meta/H1 or first SEO section where it reads well."
P3,https://anyconverter.io/es/sign-pdf/,es\sign-pdf\index.html,es,tool,yes,0,17,0%,72.94,firmar pdf online gratis,firmar pdf online,Firmar PDF Online Gratis | AnyConverter,39,143,Firmar PDF Online,270,Thin visible content (270 words); Primary GSC keyword not fully aligned on-page,"Add a concise SEO section with use cases, examples, limitations, FAQs, and related-tool links. Use 'firmar pdf online gratis' naturally in the title/meta/H1 or first SEO section where it reads well."
P3,https://anyconverter.io/webcam-tester/,webcam-tester\index.html,en,tool,yes,0,15,0%,58.27,cam test web,webcam test; webcam online; webcam tester,Webcam Tester Online Free | AnyConverter,40,154,Webcam Tester,233,Thin visible content (233 words); Primary GSC keyword not fully aligned on-page,"Add a concise SEO section with use cases, examples, limitations, FAQs, and related-tool links. Use 'cam test web' naturally in the title/meta/H1 or first SEO section where it reads well."
P3,https://anyconverter.io/ascii-art-generator/,ascii-art-generator\index.html,en,tool,yes,0,14,0%,77.57,ASCII Art Generator,,ASCII Art Generator Online Free | AnyConverter,46,155,ASCII Art Generator,366,Thin visible content (366 words); No reliable matched GSC query data yet,"Add a concise SEO section with use cases, examples, limitations, FAQs, and related-tool links. Use the page title/URL as the primary keyword, then add examples and internal links to help Google understand the page."
P3,https://anyconverter.io/da/edit-pdf/,da\edit-pdf\index.html,da,tool,yes,0,14,0%,63.43,tilføj tekst til pdf,rediger pdf,"Rediger PDF — Tilføj Tekst, Former og | AnyConverter",52,152,Rediger PDF — Tilføj Tekst og Former,278,Thin visible content (278 words); Primary GSC keyword not fully aligned on-page,"Add a concise SEO section with use cases, examples, limitations, FAQs, and related-tool links. Use 'tilføj tekst til pdf' naturally in the title/meta/H1 or first SEO section where it reads well."
P3,https://anyconverter.io/da/jpg-to-pdf/,da\jpg-to-pdf\index.html,da,tool,yes,0,14,0%,73.14,jpg til pdf,konverter pdf til billede,Konverter JPG til PDF Online Gratis | AnyConverter,50,123,JPG til PDF Konverter,225,Thin visible content (225 words); Primary GSC keyword not fully aligned on-page,"Add a concise SEO section with use cases, examples, limitations, FAQs, and related-tool links. Use 'jpg til pdf' naturally in the title/meta/H1 or first SEO section where it reads well."
P3,https://anyconverter.io/da/add-watermark/,da\add-watermark\index.html,da,tool,yes,0,13,0%,51.92,add watermark,tilføj vandmærke; tilføj tekst til pdf; add watermark to pdf,Tilføj Vandmærke til PDF Online Gratis | AnyConverter,53,150,Tilføj Vandmærke til PDF,208,Thin visible content (208 words); Primary GSC keyword not fully aligned on-page,"Add a concise SEO section with use cases, examples, limitations, FAQs, and related-tool links. Use 'add watermark' naturally in the title/meta/H1 or first SEO section where it reads well."
P3,https://anyconverter.io/da/organize-pdf/,da\organize-pdf\index.html,da,tool,yes,0,13,0%,48.69,omarranger pdf,,Organiser PDF-sider Online Gratis | AnyConverter,48,150,Organiser PDF-sider,257,Thin visible content (257 words); Primary GSC keyword not fully aligned on-page,"Add a concise SEO section with use cases, examples, limitations, FAQs, and related-tool links. Use 'omarranger pdf' naturally in the title/meta/H1 or first SEO section where it reads well."
P3,https://anyconverter.io/es/daily-planner/,es\daily-planner\index.html,es,tool,yes,0,12,0%,47.33,planner daily online,,Planificador Diario Online Gratis | AnyConverter,48,120,Planificador Diario Online,250,Thin visible content (250 words); Primary GSC keyword not fully aligned on-page,"Add a concise SEO section with use cases, examples, limitations, FAQs, and related-tool links. Use 'planner daily online' naturally in the title/meta/H1 or first SEO section where it reads well."
P3,https://anyconverter.io/es/character-counter/,es\character-counter\index.html,es,tool,yes,0,11,0%,44.45,contador de palabras,contador palabras; contador de palabras online; contador de caracteres online,Contador de Caracteres Online Gratis | AnyConverter,51,146,Contador de Caracteres,415,Thin visible content (415 words); Primary GSC keyword not fully aligned on-page,"Add a concise SEO section with use cases, examples, limitations, FAQs, and related-tool links. Use 'contador de palabras' naturally in the title/meta/H1 or first SEO section where it reads well."
P3,https://anyconverter.io/mouse-tester/,mouse-tester\index.html,en,tool,yes,0,11,0%,82.09,Mouse Tester,,Mouse Tester Online Free | AnyConverter,39,160,Mouse Tester,257,Thin visible content (257 words); No reliable matched GSC query data yet,"Add a concise SEO section with use cases, examples, limitations, FAQs, and related-tool links. Use the page title/URL as the primary keyword, then add examples and internal links to help Google understand the page."
P3,https://anyconverter.io/da/compound-interest-calculator/,da\compound-interest-calculator\index.html,da,tool,yes,0,10,0%,83.8,rente beregner,renters rente beregner,Renters Rente Beregner Online Gratis | AnyConverter,51,147,Renters Rente Beregner,438,Thin visible content (438 words); Primary GSC keyword not fully aligned on-page,"Add a concise SEO section with use cases, examples, limitations, FAQs, and related-tool links. Use 'rente beregner' naturally in the title/meta/H1 or first SEO section where it reads well."
P3,https://anyconverter.io/edit-pdf/,edit-pdf\index.html,en,tool,yes,0,10,0%,60.9,"Edit PDF — Add Text, Shapes & Highlights",,"Edit PDF — Add Text, Shapes & Highlights | AnyConverter",55,142,Edit PDF — Add Text & Shapes,293,Thin visible content (293 words); No reliable matched GSC query data yet,"Add a concise SEO section with use cases, examples, limitations, FAQs, and related-tool links. Use the page title/URL as the primary keyword, then add examples and internal links to help Google understand the page."
P3,https://anyconverter.io/es/url-encoder/,es\url-encoder\index.html,es,tool,yes,0,10,0%,59.8,url encoder,encode url,Codificador URL Online Gratis | AnyConverter,44,152,Codificador y Decodificador de URL,249,Thin visible content (249 words); Primary GSC keyword not fully aligned on-page,"Add a concise SEO section with use cases, examples, limitations, FAQs, and related-tool links. Use 'url encoder' naturally in the title/meta/H1 or first SEO section where it reads well."
P3,https://anyconverter.io/spin-the-wheel/,spin-the-wheel\index.html,en,tool,yes,0,10,0%,62.5,decision maker generator,,Spin the Wheel — Random Decision Maker Online Free | AnyConverter,65,147,Spin the Wheel,248,Thin visible content (248 words); Primary GSC keyword not fully aligned on-page,"Add a concise SEO section with use cases, examples, limitations, FAQs, and related-tool links. Use 'decision maker generator' naturally in the title/meta/H1 or first SEO section where it reads well."
P3,https://anyconverter.io/da/calorie-calculator/,da\calorie-calculator\index.html,da,tool,yes,0,9,0%,89.67,beregn alder,,Kaloriebehov Beregner Online Gratis | AnyConverter,50,134,Kaloriebehov Beregner,534,Thin visible content (534 words); Primary GSC keyword not fully aligned on-page,"Add a concise SEO section with use cases, examples, limitations, FAQs, and related-tool links. Use 'beregn alder' naturally in the title/meta/H1 or first SEO section where it reads well."
P3,https://anyconverter.io/da/compare-pdf/,da\compare-pdf\index.html,da,tool,yes,0,9,0%,76.67,Sammenlign to PDF'er Side om Side,,Sammenlign to PDF'er Side om Side Online Gratis | AnyConverter,62,120,Sammenlign To PDF'er Side om Side,268,Thin visible content (268 words); No reliable matched GSC query data yet,"Add a concise SEO section with use cases, examples, limitations, FAQs, and related-tool links. Use the page title/URL as the primary keyword, then add examples and internal links to help Google understand the page."
P3,https://anyconverter.io/es/keyboard-tester/,es\keyboard-tester\index.html,es,tool,yes,0,9,0%,84.56,keyboard tester online,online keyboard tester,Probador de Teclado Online Gratis | AnyConverter,48,156,Probador de Teclado,246,Thin visible content (246 words); Primary GSC keyword not fully aligned on-page,"Add a concise SEO section with use cases, examples, limitations, FAQs, and related-tool links. Use 'keyboard tester online' naturally in the title/meta/H1 or first SEO section where it reads well."
P3,https://anyconverter.io/es/mortgage-calculator/,es\mortgage-calculator\index.html,es,tool,yes,0,9,0%,44.67,Calculadora de Hipoteca,,Calculadora de Hipoteca Online Gratis | AnyConverter,52,128,Calculadora de Hipoteca,571,Thin visible content (571 words); No reliable matched GSC query data yet,"Add a concise SEO section with use cases, examples, limitations, FAQs, and related-tool links. Use the page title/URL as the primary keyword, then add examples and internal links to help Google understand the page."
P3,https://anyconverter.io/es/mouse-tester/,es\mouse-tester\index.html,es,tool,yes,0,9,0%,73.67,prueba de raton,,Probador de Ratón Online Gratis | AnyConverter,46,148,Probador de Ratón,273,Thin visible content (273 words); Primary GSC keyword not fully aligned on-page,"Add a concise SEO section with use cases, examples, limitations, FAQs, and related-tool links. Use 'prueba de raton' naturally in the title/meta/H1 or first SEO section where it reads well."
P3,https://anyconverter.io/number-to-words/,number-to-words\index.html,en,tool,yes,0,9,0%,54.11,converter online,,Number to Words Converter Online Free | AnyConverter,52,158,Number to Words Converter,320,Thin visible content (320 words); Primary GSC keyword not fully aligned on-page,"Add a concise SEO section with use cases, examples, limitations, FAQs, and related-tool links. Use 'converter online' naturally in the title/meta/H1 or first SEO section where it reads well."
P3,https://anyconverter.io/da/character-counter/,da\character-counter\index.html,da,tool,yes,0,8,0%,40.25,tegn tæller,tegntæller,Tegntæller Online Gratis | AnyConverter,39,139,Tegntæller,333,Thin visible content (333 words); Primary GSC keyword not fully aligned on-page,"Add a concise SEO section with use cases, examples, limitations, FAQs, and related-tool links. Use 'tegn tæller' naturally in the title/meta/H1 or first SEO section where it reads well."
P3,https://anyconverter.io/da/add-page-numbers/,da\add-page-numbers\index.html,da,tool,yes,0,7,0%,61.43,add page numbers to pdf online,add page numbers to pdf free; tilføj sidetal; add page number in pdf online free; pdf page number add online,Tilføj Sidetal til PDF Online Gratis | AnyConverter,51,138,Tilføj Sidetal til PDF,237,Thin visible content (237 words); Primary GSC keyword not fully aligned on-page,"Add a concise SEO section with use cases, examples, limitations, FAQs, and related-tool links. Use 'add page numbers to pdf online' naturally in the title/meta/H1 or first SEO section where it reads well."
P3,https://anyconverter.io/da/ip-address-lookup/,da\ip-address-lookup\index.html,da,tool,yes,0,7,0%,69.71,ip address lookup,find ip adresse,IP-adresse Opslag Online Gratis | AnyConverter,46,150,IP-adresse Opslag,329,Thin visible content (329 words); Primary GSC keyword not fully aligned on-page,"Add a concise SEO section with use cases, examples, limitations, FAQs, and related-tool links. Use 'ip address lookup' naturally in the title/meta/H1 or first SEO section where it reads well."
P3,https://anyconverter.io/es/add-watermark/,es\add-watermark\index.html,es,tool,yes,0,7,0%,79.43,add watermark,marca de agua a pdf; add watermark to pdf,Añadir Marca de Agua a PDF Online Gratis | AnyConverter,55,148,Añadir Marca de Agua a PDF,273,Thin visible content (273 words); Primary GSC keyword not fully aligned on-page,"Add a concise SEO section with use cases, examples, limitations, FAQs, and related-tool links. Use 'add watermark' naturally in the title/meta/H1 or first SEO section where it reads well."
P3,https://anyconverter.io/es/uuid-generator/,es\uuid-generator\index.html,es,tool,yes,0,7,0%,64,uuid generator,generador de uuid; uuid format online,Generador de UUID Online Gratis | AnyConverter,46,121,Generador de UUID / GUID,471,Thin visible content (471 words); Primary GSC keyword not fully aligned on-page,"Add a concise SEO section with use cases, examples, limitations, FAQs, and related-tool links. Use 'uuid generator' naturally in the title/meta/H1 or first SEO section where it reads well."
P3,https://anyconverter.io/image-converter/,image-converter\index.html,en,tool,yes,0,7,0%,56,converter online,,Image Converter Online — PNG JPG WebP AVIF Free | AnyConverter,62,160,Free Online Image Converter,389,Thin visible content (389 words); Primary GSC keyword not fully aligned on-page,"Add a concise SEO section with use cases, examples, limitations, FAQs, and related-tool links. Use 'converter online' naturally in the title/meta/H1 or first SEO section where it reads well."
P3,https://anyconverter.io/invoice-generator/,invoice-generator\index.html,en,tool,yes,0,7,0%,90.29,Invoice Generator,,Invoice Generator Online Free | AnyConverter,44,153,Invoice Generator,345,Thin visible content (345 words); No reliable matched GSC query data yet,"Add a concise SEO section with use cases, examples, limitations, FAQs, and related-tool links. Use the page title/URL as the primary keyword, then add examples and internal links to help Google understand the page."
P3,https://anyconverter.io/da/protect-pdf/,da\protect-pdf\index.html,da,tool,yes,0,6,0%,44.33,beskyt pdf,,Beskyt PDF med Adgangskode Online Gratis | AnyConverter,55,147,Beskyt PDF med Adgangskode,201,Thin visible content (201 words); Primary GSC keyword not fully aligned on-page,"Add a concise SEO section with use cases, examples, limitations, FAQs, and related-tool links. Use 'beskyt pdf' naturally in the title/meta/H1 or first SEO section where it reads well."
P3,https://anyconverter.io/es/coin-flip/,es\coin-flip\index.html,es,tool,yes,0,6,0%,41.67,lanzar moneda online,lanzar la moneda,Lanzar Moneda Online Gratis — Cara o Cruz | AnyConverter,56,135,Lanzar Moneda Online,244,Thin visible content (244 words); Primary GSC keyword not fully aligned on-page,"Add a concise SEO section with use cases, examples, limitations, FAQs, and related-tool links. Use 'lanzar moneda online' naturally in the title/meta/H1 or first SEO section where it reads well."
P3,https://anyconverter.io/es/random-picker/,es\random-picker\index.html,es,tool,yes,0,6,0%,49,selector random,selector aleatorio,Selector Aleatorio — Elige Elementos al Azar | AnyConverter,59,157,Selector Aleatorio Online,270,Thin visible content (270 words); Primary GSC keyword not fully aligned on-page,"Add a concise SEO section with use cases, examples, limitations, FAQs, and related-tool links. Use 'selector random' naturally in the title/meta/H1 or first SEO section where it reads well."
P3,https://anyconverter.io/html-beautifier/,html-beautifier\index.html,en,tool,yes,0,6,0%,73.5,beautifier html,html code beautifier and minifier,HTML Beautifier & Minifier Online Free | AnyConverter,53,122,HTML Beautifier & Minifier,371,Thin visible content (371 words); Primary GSC keyword not fully aligned on-page,"Add a concise SEO section with use cases, examples, limitations, FAQs, and related-tool links. Use 'beautifier html' naturally in the title/meta/H1 or first SEO section where it reads well."
P3,https://anyconverter.io/screen-resolution/,screen-resolution\index.html,en,tool,yes,0,6,0%,83.17,viewport size,screen resolution checker,Screen Resolution Checker Online Free | AnyConverter,52,149,Screen Resolution Checker,279,Thin visible content (279 words); Primary GSC keyword not fully aligned on-page,"Add a concise SEO section with use cases, examples, limitations, FAQs, and related-tool links. Use 'viewport size' naturally in the title/meta/H1 or first SEO section where it reads well."
P3,https://anyconverter.io/url-encoder/,url-encoder\index.html,en,tool,yes,0,6,0%,62.83,url encoder,encode url,URL Encoder & Decoder Online — Free | AnyConverter,50,148,URL Encoder & Decoder,367,Thin visible content (367 words),"Add a concise SEO section with use cases, examples, limitations, FAQs, and related-tool links."
P3,https://anyconverter.io/es/microphone-tester/,es\microphone-tester\index.html,es,tool,yes,0,5,0%,61.4,Probador de Micrófono,,Probador de Micrófono Online Gratis | AnyConverter,50,146,Probador de Micrófono,261,Thin visible content (261 words); No reliable matched GSC query data yet,"Add a concise SEO section with use cases, examples, limitations, FAQs, and related-tool links. Use the page title/URL as the primary keyword, then add examples and internal links to help Google understand the page."
P3,https://anyconverter.io/ip-address-lookup/,ip-address-lookup\index.html,en,tool,yes,0,5,0%,85.4,ip address lookup,,IP Address Lookup Online Free | AnyConverter,44,157,IP Address Lookup,366,Thin visible content (366 words); Primary GSC keyword not fully aligned on-page,"Add a concise SEO section with use cases, examples, limitations, FAQs, and related-tool links. Use 'ip address lookup' naturally in the title/meta/H1 or first SEO section where it reads well."
P3,https://anyconverter.io/text-repeater/,text-repeater\index.html,en,tool,yes,0,5,0%,81.8,text repeater online,,Text Repeater Online Free | AnyConverter,40,145,Text Repeater,275,Thin visible content (275 words); Primary GSC keyword not fully aligned on-page,"Add a concise SEO section with use cases, examples, limitations, FAQs, and related-tool links. Use 'text repeater online' naturally in the title/meta/H1 or first SEO section where it reads well."
P3,https://anyconverter.io/compare-pdf/,compare-pdf\index.html,en,tool,yes,0,4,0%,72.75,compare two pdfs,compare pdfs,Compare Two PDFs Side by Side Online Free | AnyConverter,56,160,Compare Two PDFs Side by Side,279,Thin visible content (279 words); Primary GSC keyword not fully aligned on-page,"Add a concise SEO section with use cases, examples, limitations, FAQs, and related-tool links. Use 'compare two pdfs' naturally in the title/meta/H1 or first SEO section where it reads well."
P3,https://anyconverter.io/da/microphone-tester/,da\microphone-tester\index.html,da,tool,yes,0,4,0%,46.25,mikrofon test,,Mikrofon Test Online Gratis | AnyConverter,42,142,Mikrofon Test,196,Thin visible content (196 words); Primary GSC keyword not fully aligned on-page,"Add a concise SEO section with use cases, examples, limitations, FAQs, and related-tool links. Use 'mikrofon test' naturally in the title/meta/H1 or first SEO section where it reads well."
P3,https://anyconverter.io/da/webcam-tester/,da\webcam-tester\index.html,da,tool,yes,0,4,0%,52.5,cam test web,webcam test; kamera online; webcam tester,Webkameratest Online Gratis | AnyConverter,42,151,Webkameratest,185,Thin visible content (185 words); Primary GSC keyword not fully aligned on-page,"Add a concise SEO section with use cases, examples, limitations, FAQs, and related-tool links. Use 'cam test web' naturally in the title/meta/H1 or first SEO section where it reads well."
P3,https://anyconverter.io/es/jwt-decoder/,es\jwt-decoder\index.html,es,tool,yes,0,4,0%,51.5,token decoder,,Decodificador JWT Online Gratis | AnyConverter,46,158,Decodificador JWT,514,Thin visible content (514 words); Primary GSC keyword not fully aligned on-page,"Add a concise SEO section with use cases, examples, limitations, FAQs, and related-tool links. Use 'token decoder' naturally in the title/meta/H1 or first SEO section where it reads well."
P3,https://anyconverter.io/todo-list/,todo-list\index.html,en,tool,yes,0,4,0%,54.5,To-do List,,To-do List Online Free | AnyConverter,37,155,To-do List Online,249,Thin visible content (249 words); No reliable matched GSC query data yet,"Add a concise SEO section with use cases, examples, limitations, FAQs, and related-tool links. Use the page title/URL as the primary keyword, then add examples and internal links to help Google understand the page."
P3,https://anyconverter.io/coin-flip/,coin-flip\index.html,en,tool,yes,0,3,0%,115.33,Coin Flip   — Heads or Tails,,Coin Flip Online Free — Heads or Tails | AnyConverter,53,153,Coin Flip Online,226,Thin visible content (226 words); No reliable matched GSC query data yet,"Add a concise SEO section with use cases, examples, limitations, FAQs, and related-tool links. Use the page title/URL as the primary keyword, then add examples and internal links to help Google understand the page."
P3,https://anyconverter.io/da/stopwatch/,da\stopwatch\index.html,da,tool,yes,0,3,0%,74,stopur online,,Stopur Online Gratis | AnyConverter,35,159,Stopur Online,214,Thin visible content (214 words); Primary GSC keyword not fully aligned on-page,"Add a concise SEO section with use cases, examples, limitations, FAQs, and related-tool links. Use 'stopur online' naturally in the title/meta/H1 or first SEO section where it reads well."
P3,https://anyconverter.io/es/ascii-art-generator/,es\ascii-art-generator\index.html,es,tool,yes,0,3,0%,73,Generador de Arte ASCII,,Generador de Arte ASCII Online Gratis | AnyConverter,52,141,Generador de Arte ASCII,408,Thin visible content (408 words); No reliable matched GSC query data yet,"Add a concise SEO section with use cases, examples, limitations, FAQs, and related-tool links. Use the page title/URL as the primary keyword, then add examples and internal links to help Google understand the page."
P3,https://anyconverter.io/es/css-gradient-generator/,es\css-gradient-generator\index.html,es,tool,yes,0,3,0%,94,Generador de Gradientes CSS,,Generador de Gradientes CSS Online Gratis | AnyConverter,56,158,Generador de Gradientes CSS,380,Thin visible content (380 words); No reliable matched GSC query data yet,"Add a concise SEO section with use cases, examples, limitations, FAQs, and related-tool links. Use the page title/URL as the primary keyword, then add examples and internal links to help Google understand the page."
P3,https://anyconverter.io/es/privacy-policy-generator/,es\privacy-policy-generator\index.html,es,tool,yes,0,3,0%,87.67,Generador de Política de Privacidad,,Generador de Política de Privacidad Online Gratis | AnyConverter,64,145,Generador de Política de Privacidad,409,Thin visible content (409 words); No reliable matched GSC query data yet,"Add a concise SEO section with use cases, examples, limitations, FAQs, and related-tool links. Use the page title/URL as the primary keyword, then add examples and internal links to help Google understand the page."
P3,https://anyconverter.io/loan-calculator/,loan-calculator\index.html,en,tool,yes,0,3,0%,50.33,Loan & EMI Calculator,,Loan & EMI Calculator Online Free | AnyConverter,48,155,Loan & EMI Calculator,450,Thin visible content (450 words); No reliable matched GSC query data yet,"Add a concise SEO section with use cases, examples, limitations, FAQs, and related-tool links. Use the page title/URL as the primary keyword, then add examples and internal links to help Google understand the page."
P3,https://anyconverter.io/morse-code-converter/,morse-code-converter\index.html,en,tool,yes,0,3,0%,49,converter online,,Morse Code Converter Online Free | AnyConverter,47,154,Morse Code Converter,325,Thin visible content (325 words); Primary GSC keyword not fully aligned on-page,"Add a concise SEO section with use cases, examples, limitations, FAQs, and related-tool links. Use 'converter online' naturally in the title/meta/H1 or first SEO section where it reads well."
P3,https://anyconverter.io/scan-to-pdf/,scan-to-pdf\index.html,en,tool,yes,0,3,0%,72.67,pdf combine,,Scan to PDF — Images to PDF Online Free | AnyConverter,54,141,Scan to PDF,280,Thin visible content (280 words); Primary GSC keyword not fully aligned on-page,"Add a concise SEO section with use cases, examples, limitations, FAQs, and related-tool links. Use 'pdf combine' naturally in the title/meta/H1 or first SEO section where it reads well."
P3,https://anyconverter.io/typing-speed-test/,typing-speed-test\index.html,en,tool,yes,0,3,0%,91.67,speed test online free,speed test online,Typing Speed Test Online Free | AnyConverter,44,146,Typing Speed Test,474,Thin visible content (474 words); Primary GSC keyword not fully aligned on-page,"Add a concise SEO section with use cases, examples, limitations, FAQs, and related-tool links. Use 'speed test online free' naturally in the title/meta/H1 or first SEO section where it reads well."
P3,https://anyconverter.io/es/text-case-converter/,es\text-case-converter\index.html,es,tool,yes,0,2,0%,46.5,Conversor de Mayúsculas y Minúsculas,,Conversor de Mayúsculas y Minúsculas Online Gratis | AnyConverter,65,148,Conversor de Mayúsculas y Minúsculas,527,Thin visible content (527 words); No reliable matched GSC query data yet,"Add a concise SEO section with use cases, examples, limitations, FAQs, and related-tool links. Use the page title/URL as the primary keyword, then add examples and internal links to help Google understand the page."
P3,https://anyconverter.io/pdf-security/,pdf-security\index.html,en,tool,yes,0,2,0%,90,PDF Security — Set Permissions,,PDF Security — Set Permissions Online Free | AnyConverter,57,132,PDF Security — Set Permissions,253,Thin visible content (253 words); No reliable matched GSC query data yet,"Add a concise SEO section with use cases, examples, limitations, FAQs, and related-tool links. Use the page title/URL as the primary keyword, then add examples and internal links to help Google understand the page."
P3,https://anyconverter.io/text-case-converter/,text-case-converter\index.html,en,tool,yes,0,2,0%,81.5,converter online,,Text Case Converter Online Free | AnyConverter,46,150,Text Case Converter,486,Thin visible content (486 words); Primary GSC keyword not fully aligned on-page,"Add a concise SEO section with use cases, examples, limitations, FAQs, and related-tool links. Use 'converter online' naturally in the title/meta/H1 or first SEO section where it reads well."
P3,https://anyconverter.io/compound-interest-calculator/,compound-interest-calculator\index.html,en,tool,yes,0,1,0%,93,Compound Interest Calculator,,Compound Interest Calculator Online Free | AnyConverter,55,127,Compound Interest Calculator,547,Thin visible content (547 words); No reliable matched GSC query data yet,"Add a concise SEO section with use cases, examples, limitations, FAQs, and related-tool links. Use the page title/URL as the primary keyword, then add examples and internal links to help Google understand the page."
P3,https://anyconverter.io/css-shadow-generator/,css-shadow-generator\index.html,en,tool,yes,0,1,0%,43,css shadow generator,,CSS Shadow Generator Online Free | AnyConverter,47,160,CSS Shadow Generator,370,Thin visible content (370 words); Primary GSC keyword not fully aligned on-page,"Add a concise SEO section with use cases, examples, limitations, FAQs, and related-tool links. Use 'css shadow generator' naturally in the title/meta/H1 or first SEO section where it reads well."
P3,https://anyconverter.io/da/blood-type-compatibility/,da\blood-type-compatibility\index.html,da,tool,yes,0,1,0%,50,blood type compatibility,blood type a and a compatibility; blood type compatibility test; blood compatibility,Blodtypekompatibilitetstjekker Online Gratis | AnyConverter,59,149,Blodtypekompatibilitetstjekker,312,Thin visible content (312 words); Primary GSC keyword not fully aligned on-page,"Add a concise SEO section with use cases, examples, limitations, FAQs, and related-tool links. Use 'blood type compatibility' naturally in the title/meta/H1 or first SEO section where it reads well."
P3,https://anyconverter.io/da/cron-expression-parser/,da\cron-expression-parser\index.html,da,tool,yes,0,1,0%,65,Cron Udtryks Parser,,Cron Udtryks Parser Online Gratis | AnyConverter,48,143,Cron Udtryks Parser,312,Thin visible content (312 words); No reliable matched GSC query data yet,"Add a concise SEO section with use cases, examples, limitations, FAQs, and related-tool links. Use the page title/URL as the primary keyword, then add examples and internal links to help Google understand the page."
P3,https://anyconverter.io/da/image-compressor/,da\image-compressor\index.html,da,tool,yes,0,1,0%,76,komprimer fil,,Billedkomprimering Online Gratis | AnyConverter,47,151,Billedkomprimering,413,Thin visible content (413 words); Primary GSC keyword not fully aligned on-page,"Add a concise SEO section with use cases, examples, limitations, FAQs, and related-tool links. Use 'komprimer fil' naturally in the title/meta/H1 or first SEO section where it reads well."
P3,https://anyconverter.io/da/percentage-calculator/,da\percentage-calculator\index.html,da,tool,yes,0,1,0%,67,Procentberegner,,Procentberegner Online Gratis | AnyConverter,44,148,Procentberegner,408,Thin visible content (408 words); No reliable matched GSC query data yet,"Add a concise SEO section with use cases, examples, limitations, FAQs, and related-tool links. Use the page title/URL as the primary keyword, then add examples and internal links to help Google understand the page."
P3,https://anyconverter.io/da/sticky-notes/,da\sticky-notes\index.html,da,tool,yes,0,1,0%,56,free online sticky notes,sticky note generator,Sticky Notes Online Gratis | AnyConverter,41,152,Sticky Notes Online,218,Thin visible content (218 words); Primary GSC keyword not fully aligned on-page,"Add a concise SEO section with use cases, examples, limitations, FAQs, and related-tool links. Use 'free online sticky notes' naturally in the title/meta/H1 or first SEO section where it reads well."
P3,https://anyconverter.io/es/crop-pdf/,es\crop-pdf\index.html,es,tool,yes,0,1,0%,84,Recortar Páginas PDF,,Recortar Páginas PDF Online Gratis | AnyConverter,49,156,Recortar Páginas de PDF,275,Thin visible content (275 words); No reliable matched GSC query data yet,"Add a concise SEO section with use cases, examples, limitations, FAQs, and related-tool links. Use the page title/URL as the primary keyword, then add examples and internal links to help Google understand the page."
P3,https://anyconverter.io/es/csv-query/,es\csv-query\index.html,es,tool,yes,0,1,0%,67,csv to sql,convertir csv a sql; csv to sql online; csv to query; csv to sql converter,Herramienta de Consulta CSV — Ejecuta SQL en | AnyConverter,59,142,Herramienta de Consulta CSV — Ejecuta SQL en Archivos CSV,577,Thin visible content (577 words); Primary GSC keyword not fully aligned on-page,"Add a concise SEO section with use cases, examples, limitations, FAQs, and related-tool links. Use 'csv to sql' naturally in the title/meta/H1 or first SEO section where it reads well."
P3,https://anyconverter.io/es/ip-address-lookup/,es\ip-address-lookup\index.html,es,tool,yes,0,1,0%,89,ip address lookup,,Búsqueda de Dirección IP Online Gratis | AnyConverter,53,141,Búsqueda de Dirección IP,366,Thin visible content (366 words); Primary GSC keyword not fully aligned on-page,"Add a concise SEO section with use cases, examples, limitations, FAQs, and related-tool links. Use 'ip address lookup' naturally in the title/meta/H1 or first SEO section where it reads well."
P3,https://anyconverter.io/es/json-to-yaml/,es\json-to-yaml\index.html,es,tool,yes,0,1,0%,49,Convertidor JSON a YAML,,Convertidor JSON a YAML Online Gratis | AnyConverter,52,159,Convertidor JSON ↔ YAML,371,Thin visible content (371 words); No reliable matched GSC query data yet,"Add a concise SEO section with use cases, examples, limitations, FAQs, and related-tool links. Use the page title/URL as the primary keyword, then add examples and internal links to help Google understand the page."
P3,https://anyconverter.io/es/organize-pdf/,es\organize-pdf\index.html,es,tool,yes,0,1,0%,91,Organizar Páginas de PDF,,Organizar Páginas de PDF Online Gratis | AnyConverter,53,151,Organizar Páginas de PDF,259,Thin visible content (259 words); No reliable matched GSC query data yet,"Add a concise SEO section with use cases, examples, limitations, FAQs, and related-tool links. Use the page title/URL as the primary keyword, then add examples and internal links to help Google understand the page."
P3,https://anyconverter.io/es/protect-pdf/,es\protect-pdf\index.html,es,tool,yes,0,1,0%,67,Proteger PDF con Contraseña,,Proteger PDF con Contraseña Online Gratis | AnyConverter,56,137,Proteger PDF con Contraseña,226,Thin visible content (226 words); No reliable matched GSC query data yet,"Add a concise SEO section with use cases, examples, limitations, FAQs, and related-tool links. Use the page title/URL as the primary keyword, then add examples and internal links to help Google understand the page."
P3,https://anyconverter.io/es/regex-tester/,es\regex-tester\index.html,es,tool,yes,0,1,0%,52,Probador de Expresiones Regulares,,Probador de Expresiones Regulares Online Gratis | AnyConverter,62,152,Probador de Expresiones Regulares,306,Thin visible content (306 words); No reliable matched GSC query data yet,"Add a concise SEO section with use cases, examples, limitations, FAQs, and related-tool links. Use the page title/URL as the primary keyword, then add examples and internal links to help Google understand the page."
P3,https://anyconverter.io/redact-pdf/,redact-pdf\index.html,en,tool,yes,0,1,0%,90,Redact PDF,,Redact PDF Online Free | AnyConverter,37,155,Redact PDF,306,Thin visible content (306 words); No reliable matched GSC query data yet,"Add a concise SEO section with use cases, examples, limitations, FAQs, and related-tool links. Use the page title/URL as the primary keyword, then add examples and internal links to help Google understand the page."
P3,https://anyconverter.io/aspect-ratio-calculator/,aspect-ratio-calculator\index.html,en,tool,yes,,,,,Aspect Ratio Calculator,,Aspect Ratio Calculator Online Free | AnyConverter,50,158,Aspect Ratio Calculator,412,Thin visible content (412 words); No reliable matched GSC query data yet,"Add a concise SEO section with use cases, examples, limitations, FAQs, and related-tool links. Use the page title/URL as the primary keyword, then add examples and internal links to help Google understand the page. No GSC impressions yet: link to this page from relevant hubs and related tools, then monitor for 2-4 weeks."
P3,https://anyconverter.io/base64-encoder/,base64-encoder\index.html,en,tool,yes,,,,,Base64 Encoder & Decoder  —,,Base64 Encoder & Decoder Online — Free | AnyConverter,53,149,Base64 Encoder & Decoder,416,Thin visible content (416 words); No reliable matched GSC query data yet,"Add a concise SEO section with use cases, examples, limitations, FAQs, and related-tool links. Use the page title/URL as the primary keyword, then add examples and internal links to help Google understand the page. No GSC impressions yet: link to this page from relevant hubs and related tools, then monitor for 2-4 weeks."
P3,https://anyconverter.io/bmi-calculator/,bmi-calculator\index.html,en,tool,yes,,,,,BMI Calculator,,BMI Calculator Online Free | AnyConverter,41,149,BMI Calculator,438,Thin visible content (438 words); No reliable matched GSC query data yet,"Add a concise SEO section with use cases, examples, limitations, FAQs, and related-tool links. Use the page title/URL as the primary keyword, then add examples and internal links to help Google understand the page. No GSC impressions yet: link to this page from relevant hubs and related tools, then monitor for 2-4 weeks."
P3,https://anyconverter.io/browser-info/,browser-info\index.html,en,tool,yes,,,,,Browser Info Viewer,,Browser Info Viewer Online Free | AnyConverter,46,157,Browser Info Viewer,239,Thin visible content (239 words); No reliable matched GSC query data yet,"Add a concise SEO section with use cases, examples, limitations, FAQs, and related-tool links. Use the page title/URL as the primary keyword, then add examples and internal links to help Google understand the page. No GSC impressions yet: link to this page from relevant hubs and related tools, then monitor for 2-4 weeks."
P3,https://anyconverter.io/calorie-calculator/,calorie-calculator\index.html,en,tool,yes,,,,,Calorie Calculator,,Calorie Calculator Online Free | AnyConverter,45,151,Calorie Calculator,567,Thin visible content (567 words); No reliable matched GSC query data yet,"Add a concise SEO section with use cases, examples, limitations, FAQs, and related-tool links. Use the page title/URL as the primary keyword, then add examples and internal links to help Google understand the page. No GSC impressions yet: link to this page from relevant hubs and related tools, then monitor for 2-4 weeks."
P3,https://anyconverter.io/character-counter/,character-counter\index.html,en,tool,yes,,,,,Character Counter,,Character Counter Online Free | AnyConverter,44,139,Character Counter,358,Thin visible content (358 words); No reliable matched GSC query data yet,"Add a concise SEO section with use cases, examples, limitations, FAQs, and related-tool links. Use the page title/URL as the primary keyword, then add examples and internal links to help Google understand the page. No GSC impressions yet: link to this page from relevant hubs and related tools, then monitor for 2-4 weeks."
P3,https://anyconverter.io/color-converter/,color-converter\index.html,en,tool,yes,,,,,converter online,,Color Converter Online — HEX RGB HSL CMYK Free | AnyConverter,61,149,"Color Converter — HEX, RGB, HSL, CMYK",411,Thin visible content (411 words); Primary GSC keyword not fully aligned on-page,"Add a concise SEO section with use cases, examples, limitations, FAQs, and related-tool links. Use 'converter online' naturally in the title/meta/H1 or first SEO section where it reads well. No GSC impressions yet: link to this page from relevant hubs and related tools, then monitor for 2-4 weeks."
P3,https://anyconverter.io/cron-expression-parser/,cron-expression-parser\index.html,en,tool,yes,,,,,Cron Expression Parser,,Cron Expression Parser Online Free | AnyConverter,49,160,Cron Expression Parser,372,Thin visible content (372 words); No reliable matched GSC query data yet,"Add a concise SEO section with use cases, examples, limitations, FAQs, and related-tool links. Use the page title/URL as the primary keyword, then add examples and internal links to help Google understand the page. No GSC impressions yet: link to this page from relevant hubs and related tools, then monitor for 2-4 weeks."
P3,https://anyconverter.io/css-gradient-generator/,css-gradient-generator\index.html,en,tool,yes,,,,,CSS Gradient Generator,,CSS Gradient Generator Online Free | AnyConverter,49,154,CSS Gradient Generator,353,Thin visible content (353 words); No reliable matched GSC query data yet,"Add a concise SEO section with use cases, examples, limitations, FAQs, and related-tool links. Use the page title/URL as the primary keyword, then add examples and internal links to help Google understand the page. No GSC impressions yet: link to this page from relevant hubs and related tools, then monitor for 2-4 weeks."
P3,https://anyconverter.io/currency-converter/,currency-converter\index.html,en,tool,yes,,,,,converter online,,Currency Converter Online Free | AnyConverter,45,155,Currency Converter,397,Thin visible content (397 words); Primary GSC keyword not fully aligned on-page,"Add a concise SEO section with use cases, examples, limitations, FAQs, and related-tool links. Use 'converter online' naturally in the title/meta/H1 or first SEO section where it reads well. No GSC impressions yet: link to this page from relevant hubs and related tools, then monitor for 2-4 weeks."
P3,https://anyconverter.io/da/aspect-ratio-calculator/,da\aspect-ratio-calculator\index.html,da,tool,yes,,,,,Billedforholdsberegner,,Billedforholdsberegner Online Gratis | AnyConverter,51,156,Billedforholdsberegner,379,Thin visible content (379 words); No reliable matched GSC query data yet,"Add a concise SEO section with use cases, examples, limitations, FAQs, and related-tool links. Use the page title/URL as the primary keyword, then add examples and internal links to help Google understand the page. No GSC impressions yet: link to this page from relevant hubs and related tools, then monitor for 2-4 weeks."
P3,https://anyconverter.io/da/base64-encoder/,da\base64-encoder\index.html,da,tool,yes,,,,,Base64 Encoder og Decoder,,Base64 Encoder og Decoder Online Gratis | AnyConverter,54,124,Base64 Encoder og Decoder,264,Thin visible content (264 words); No reliable matched GSC query data yet,"Add a concise SEO section with use cases, examples, limitations, FAQs, and related-tool links. Use the page title/URL as the primary keyword, then add examples and internal links to help Google understand the page. No GSC impressions yet: link to this page from relevant hubs and related tools, then monitor for 2-4 weeks."
P3,https://anyconverter.io/da/browser-info/,da\browser-info\index.html,da,tool,yes,,,,,Browser Info Fremviser,,Browser Info Fremviser Online Gratis | AnyConverter,51,154,Browser Info Fremviser,188,Thin visible content (188 words); No reliable matched GSC query data yet,"Add a concise SEO section with use cases, examples, limitations, FAQs, and related-tool links. Use the page title/URL as the primary keyword, then add examples and internal links to help Google understand the page. No GSC impressions yet: link to this page from relevant hubs and related tools, then monitor for 2-4 weeks."
P3,https://anyconverter.io/da/color-converter/,da\color-converter\index.html,da,tool,yes,,,,,Farvekonverter  — HEX RGB HSL CMYK,,Farvekonverter Online — HEX RGB HSL CMYK Gratis | AnyConverter,62,157,"Farvekonverter — HEX, RGB, HSL, CMYK",382,Thin visible content (382 words); No reliable matched GSC query data yet,"Add a concise SEO section with use cases, examples, limitations, FAQs, and related-tool links. Use the page title/URL as the primary keyword, then add examples and internal links to help Google understand the page. No GSC impressions yet: link to this page from relevant hubs and related tools, then monitor for 2-4 weeks."
P3,https://anyconverter.io/da/crop-pdf/,da\crop-pdf\index.html,da,tool,yes,,,,,Beskær PDF-sider,,Beskær PDF-sider Online Gratis | AnyConverter,45,147,Beskær PDF-sider,246,Thin visible content (246 words); No reliable matched GSC query data yet,"Add a concise SEO section with use cases, examples, limitations, FAQs, and related-tool links. Use the page title/URL as the primary keyword, then add examples and internal links to help Google understand the page. No GSC impressions yet: link to this page from relevant hubs and related tools, then monitor for 2-4 weeks."
P3,https://anyconverter.io/da/css-shadow-generator/,da\css-shadow-generator\index.html,da,tool,yes,,,,,css shadow generator,,CSS Skygge Generator Online Gratis | AnyConverter,49,131,CSS Skygge Generator,337,Thin visible content (337 words); Primary GSC keyword not fully aligned on-page,"Add a concise SEO section with use cases, examples, limitations, FAQs, and related-tool links. Use 'css shadow generator' naturally in the title/meta/H1 or first SEO section where it reads well. No GSC impressions yet: link to this page from relevant hubs and related tools, then monitor for 2-4 weeks."
P3,https://anyconverter.io/da/csv-query/,da\csv-query\index.html,da,tool,yes,,,,,csv to sql,convertir csv a sql; csv to sql online; csv to query; csv to sql converter,CSV-forespørgselsværktøj — Kør SQL på CSV-filer | AnyConverter,62,121,CSV-forespørgselsværktøj — Kør SQL på CSV-filer,520,Thin visible content (520 words); Primary GSC keyword not fully aligned on-page,"Add a concise SEO section with use cases, examples, limitations, FAQs, and related-tool links. Use 'csv to sql' naturally in the title/meta/H1 or first SEO section where it reads well. No GSC impressions yet: link to this page from relevant hubs and related tools, then monitor for 2-4 weeks."
P3,https://anyconverter.io/da/csv-to-sql/,da\csv-to-sql\index.html,da,tool,yes,,,,,csv to sql,convertir csv a sql; convert csv to sql insert; csv to sql online; sqlite to csv online,CSV til SQL Konverter Online Gratis | AnyConverter,50,132,CSV til SQL Konverter,313,Thin visible content (313 words); Primary GSC keyword not fully aligned on-page,"Add a concise SEO section with use cases, examples, limitations, FAQs, and related-tool links. Use 'csv to sql' naturally in the title/meta/H1 or first SEO section where it reads well. No GSC impressions yet: link to this page from relevant hubs and related tools, then monitor for 2-4 weeks."
P3,https://anyconverter.io/da/currency-converter/,da\currency-converter\index.html,da,tool,yes,,,,,Valutaomregner,,Valutaomregner Online Gratis | AnyConverter,43,126,Valutaomregner,337,Thin visible content (337 words); No reliable matched GSC query data yet,"Add a concise SEO section with use cases, examples, limitations, FAQs, and related-tool links. Use the page title/URL as the primary keyword, then add examples and internal links to help Google understand the page. No GSC impressions yet: link to this page from relevant hubs and related tools, then monitor for 2-4 weeks."
P3,https://anyconverter.io/da/dead-pixel-checker/,da\dead-pixel-checker\index.html,da,tool,yes,,,,,online dead pixel test,pixel checker; dead pixel online,Dødpixel Tjekker Online Gratis | AnyConverter,45,132,Dødpixel Tjekker,269,Thin visible content (269 words); Primary GSC keyword not fully aligned on-page,"Add a concise SEO section with use cases, examples, limitations, FAQs, and related-tool links. Use 'online dead pixel test' naturally in the title/meta/H1 or first SEO section where it reads well. No GSC impressions yet: link to this page from relevant hubs and related tools, then monitor for 2-4 weeks."
P3,https://anyconverter.io/da/decision-maker/,da\decision-maker\index.html,da,tool,yes,,,,,decision maker generator,,Beslutningstageren — Kan Ikke Vælge? Lad Os | AnyConverter,58,148,Beslutningstager Online,222,Thin visible content (222 words); Primary GSC keyword not fully aligned on-page,"Add a concise SEO section with use cases, examples, limitations, FAQs, and related-tool links. Use 'decision maker generator' naturally in the title/meta/H1 or first SEO section where it reads well. No GSC impressions yet: link to this page from relevant hubs and related tools, then monitor for 2-4 weeks."
P3,https://anyconverter.io/da/dice-roller/,da\dice-roller\index.html,da,tool,yes,,,,,d20 online roller,,Terningkaster Online Gratis — d4 d6 d8 d10 d12 d20 | AnyConverter,65,145,Terningkaster Online,269,Thin visible content (269 words); Primary GSC keyword not fully aligned on-page,"Add a concise SEO section with use cases, examples, limitations, FAQs, and related-tool links. Use 'd20 online roller' naturally in the title/meta/H1 or first SEO section where it reads well. No GSC impressions yet: link to this page from relevant hubs and related tools, then monitor for 2-4 weeks."
P3,https://anyconverter.io/da/discount-calculator/,da\discount-calculator\index.html,da,tool,yes,,,,,discount calculator,calcul discount; % discount calculator,Rabatberegner Online Gratis | AnyConverter,42,145,Rabatberegner,379,Thin visible content (379 words); Primary GSC keyword not fully aligned on-page,"Add a concise SEO section with use cases, examples, limitations, FAQs, and related-tool links. Use 'discount calculator' naturally in the title/meta/H1 or first SEO section where it reads well. No GSC impressions yet: link to this page from relevant hubs and related tools, then monitor for 2-4 weeks."
P3,https://anyconverter.io/da/extract-pdf-pages/,da\extract-pdf-pages\index.html,da,tool,yes,,,,,extract pdf pages free,extract pages from pdf free; extract pdf pages online; extract page from pdf free; extract 1 page from pdf,Udtræk PDF-sider Online Gratis | AnyConverter,45,153,Udtræk PDF-sider,241,Thin visible content (241 words); Primary GSC keyword not fully aligned on-page,"Add a concise SEO section with use cases, examples, limitations, FAQs, and related-tool links. Use 'extract pdf pages free' naturally in the title/meta/H1 or first SEO section where it reads well. No GSC impressions yet: link to this page from relevant hubs and related tools, then monitor for 2-4 weeks."
P3,https://anyconverter.io/da/gst-vat-calculator/,da\gst-vat-calculator\index.html,da,tool,yes,,,,,Moms / GST Beregner,,Moms / GST Beregner Online Gratis | AnyConverter,48,135,Moms / GST Beregner,419,Thin visible content (419 words); No reliable matched GSC query data yet,"Add a concise SEO section with use cases, examples, limitations, FAQs, and related-tool links. Use the page title/URL as the primary keyword, then add examples and internal links to help Google understand the page. No GSC impressions yet: link to this page from relevant hubs and related tools, then monitor for 2-4 weeks."
P3,https://anyconverter.io/da/habit-tracker/,da\habit-tracker\index.html,da,tool,yes,,,,,habit tracker online,,Vanetracker Online Gratis | AnyConverter,40,139,Vanetracker Online,220,Thin visible content (220 words); Primary GSC keyword not fully aligned on-page,"Add a concise SEO section with use cases, examples, limitations, FAQs, and related-tool links. Use 'habit tracker online' naturally in the title/meta/H1 or first SEO section where it reads well. No GSC impressions yet: link to this page from relevant hubs and related tools, then monitor for 2-4 weeks."
P3,https://anyconverter.io/da/hash-generator/,da\hash-generator\index.html,da,tool,yes,,,,,Hash Generator  — MD5 SHA256 SHA512,,Hash Generator Online — MD5 SHA256 SHA512 Gratis | AnyConverter,63,155,"Hash Generator — MD5, SHA-256, SHA-512",301,Thin visible content (301 words); No reliable matched GSC query data yet,"Add a concise SEO section with use cases, examples, limitations, FAQs, and related-tool links. Use the page title/URL as the primary keyword, then add examples and internal links to help Google understand the page. No GSC impressions yet: link to this page from relevant hubs and related tools, then monitor for 2-4 weeks."
P3,https://anyconverter.io/da/html-beautifier/,da\html-beautifier\index.html,da,tool,yes,,,,,beautifier html,,HTML Formaterer & Minifier Online Gratis | AnyConverter,55,135,HTML Formaterer & Minifier,360,Thin visible content (360 words); Primary GSC keyword not fully aligned on-page,"Add a concise SEO section with use cases, examples, limitations, FAQs, and related-tool links. Use 'beautifier html' naturally in the title/meta/H1 or first SEO section where it reads well. No GSC impressions yet: link to this page from relevant hubs and related tools, then monitor for 2-4 weeks."
P3,https://anyconverter.io/da/html-to-pdf/,da\html-to-pdf\index.html,da,tool,yes,,,,,Konverter HTML til PDF,,Konverter HTML til PDF Online Gratis | AnyConverter,51,140,HTML til PDF Konverter,241,Thin visible content (241 words); No reliable matched GSC query data yet,"Add a concise SEO section with use cases, examples, limitations, FAQs, and related-tool links. Use the page title/URL as the primary keyword, then add examples and internal links to help Google understand the page. No GSC impressions yet: link to this page from relevant hubs and related tools, then monitor for 2-4 weeks."
P3,https://anyconverter.io/da/image-converter/,da\image-converter\index.html,da,tool,yes,,,,,konverter pdf til billede,,Billedkonverter Online Gratis — PNG JPG WebP | AnyConverter,59,154,Gratis Online Billedkonverter,267,Thin visible content (267 words); Primary GSC keyword not fully aligned on-page,"Add a concise SEO section with use cases, examples, limitations, FAQs, and related-tool links. Use 'konverter pdf til billede' naturally in the title/meta/H1 or first SEO section where it reads well. No GSC impressions yet: link to this page from relevant hubs and related tools, then monitor for 2-4 weeks."
P3,https://anyconverter.io/da/json-formatter/,da\json-formatter\index.html,da,tool,yes,,,,,JSON Formatter,,JSON Formatter Online Gratis | AnyConverter,43,151,JSON Formatter og Validator,268,Thin visible content (268 words); No reliable matched GSC query data yet,"Add a concise SEO section with use cases, examples, limitations, FAQs, and related-tool links. Use the page title/URL as the primary keyword, then add examples and internal links to help Google understand the page. No GSC impressions yet: link to this page from relevant hubs and related tools, then monitor for 2-4 weeks."
P3,https://anyconverter.io/da/json-to-yaml/,da\json-to-yaml\index.html,da,tool,yes,,,,,JSON til YAML Konverter,,JSON til YAML Konverter Online Gratis | AnyConverter,52,125,JSON ↔ YAML Konverter,327,Thin visible content (327 words); No reliable matched GSC query data yet,"Add a concise SEO section with use cases, examples, limitations, FAQs, and related-tool links. Use the page title/URL as the primary keyword, then add examples and internal links to help Google understand the page. No GSC impressions yet: link to this page from relevant hubs and related tools, then monitor for 2-4 weeks."
P3,https://anyconverter.io/da/jwt-decoder/,da\jwt-decoder\index.html,da,tool,yes,,,,,token decoder,,JWT Dekoder Online Gratis | AnyConverter,40,133,JWT Dekoder,396,Thin visible content (396 words); Primary GSC keyword not fully aligned on-page,"Add a concise SEO section with use cases, examples, limitations, FAQs, and related-tool links. Use 'token decoder' naturally in the title/meta/H1 or first SEO section where it reads well. No GSC impressions yet: link to this page from relevant hubs and related tools, then monitor for 2-4 weeks."
P3,https://anyconverter.io/da/keyboard-tester/,da\keyboard-tester\index.html,da,tool,yes,,,,,keyboard tester online,online keyboard tester,Tastaturtest Online Gratis | AnyConverter,41,150,Tastaturtest,203,Thin visible content (203 words); Primary GSC keyword not fully aligned on-page,"Add a concise SEO section with use cases, examples, limitations, FAQs, and related-tool links. Use 'keyboard tester online' naturally in the title/meta/H1 or first SEO section where it reads well. No GSC impressions yet: link to this page from relevant hubs and related tools, then monitor for 2-4 weeks."
P3,https://anyconverter.io/da/lorem-ipsum-generator/,da\lorem-ipsum-generator\index.html,da,tool,yes,,,,,Lorem Ipsum Generator,,Lorem Ipsum Generator Online Gratis | AnyConverter,50,141,Lorem Ipsum Generator,386,Thin visible content (386 words); No reliable matched GSC query data yet,"Add a concise SEO section with use cases, examples, limitations, FAQs, and related-tool links. Use the page title/URL as the primary keyword, then add examples and internal links to help Google understand the page. No GSC impressions yet: link to this page from relevant hubs and related tools, then monitor for 2-4 weeks."
P3,https://anyconverter.io/da/markdown-html/,da\markdown-html\index.html,da,tool,yes,,,,,Markdown til HTML Konverter,,Markdown til HTML Konverter Online Gratis | AnyConverter,56,144,Markdown til HTML Konverter,318,Thin visible content (318 words); No reliable matched GSC query data yet,"Add a concise SEO section with use cases, examples, limitations, FAQs, and related-tool links. Use the page title/URL as the primary keyword, then add examples and internal links to help Google understand the page. No GSC impressions yet: link to this page from relevant hubs and related tools, then monitor for 2-4 weeks."
P3,https://anyconverter.io/da/meeting-timer/,da\meeting-timer\index.html,da,tool,yes,,,,,meeting timer,timer meeting,Mødetimer Online Gratis — Dagsorden Timer | AnyConverter,56,146,Mødetimer Online,244,Thin visible content (244 words); Primary GSC keyword not fully aligned on-page,"Add a concise SEO section with use cases, examples, limitations, FAQs, and related-tool links. Use 'meeting timer' naturally in the title/meta/H1 or first SEO section where it reads well. No GSC impressions yet: link to this page from relevant hubs and related tools, then monitor for 2-4 weeks."
P3,https://anyconverter.io/da/morse-code-converter/,da\morse-code-converter\index.html,da,tool,yes,,,,,Morsekode Konverter,,Morsekode Konverter Online Gratis | AnyConverter,48,146,Morsekode Konverter,308,Thin visible content (308 words); No reliable matched GSC query data yet,"Add a concise SEO section with use cases, examples, limitations, FAQs, and related-tool links. Use the page title/URL as the primary keyword, then add examples and internal links to help Google understand the page. No GSC impressions yet: link to this page from relevant hubs and related tools, then monitor for 2-4 weeks."
P3,https://anyconverter.io/da/optimize-pdf/,da\optimize-pdf\index.html,da,tool,yes,,,,,komprimer pdf,komprimer fil; optimize pdf,Optimer og Komprimer PDF Online Gratis | AnyConverter,53,158,Optimer og Komprimer PDF,230,Thin visible content (230 words); Primary GSC keyword not fully aligned on-page,"Add a concise SEO section with use cases, examples, limitations, FAQs, and related-tool links. Use 'komprimer pdf' naturally in the title/meta/H1 or first SEO section where it reads well. No GSC impressions yet: link to this page from relevant hubs and related tools, then monitor for 2-4 weeks."
P3,https://anyconverter.io/da/pdf-forms/,da\pdf-forms\index.html,da,tool,yes,,,,,Udfyld PDF-formularer,,Udfyld PDF-formularer Online Gratis | AnyConverter,50,150,Udfyld PDF-formularer Online,246,Thin visible content (246 words); No reliable matched GSC query data yet,"Add a concise SEO section with use cases, examples, limitations, FAQs, and related-tool links. Use the page title/URL as the primary keyword, then add examples and internal links to help Google understand the page. No GSC impressions yet: link to this page from relevant hubs and related tools, then monitor for 2-4 weeks."
P3,https://anyconverter.io/da/pdf-merge/,da\pdf-merge\index.html,da,tool,yes,,,,,pdf merge,,Sammensæt PDF Online Gratis | AnyConverter,42,71,Sammensæt PDF-Filer Online,287,Meta description short (71); Thin visible content (287 words); Primary GSC keyword not fully aligned on-page,"Expand meta description with use case, privacy/no-signup benefit, and primary keyword. Add a concise SEO section with use cases, examples, limitations, FAQs, and related-tool links. Use 'pdf merge' naturally in the title/meta/H1 or first SEO section where it reads well. No GSC impressions yet: link to this page from relevant hubs and related tools, then monitor for 2-4 weeks."
P3,https://anyconverter.io/da/pdf-security/,da\pdf-security\index.html,da,tool,yes,,,,,PDF-sikkerhed — Angiv Tilladelser,,PDF-sikkerhed — Angiv Tilladelser Online Gratis | AnyConverter,62,146,PDF-sikkerhed — Angiv Tilladelser,231,Thin visible content (231 words); No reliable matched GSC query data yet,"Add a concise SEO section with use cases, examples, limitations, FAQs, and related-tool links. Use the page title/URL as the primary keyword, then add examples and internal links to help Google understand the page. No GSC impressions yet: link to this page from relevant hubs and related tools, then monitor for 2-4 weeks."
P3,https://anyconverter.io/da/pdf-split/,da\pdf-split\index.html,da,tool,yes,,,,,Del PDF  — Udtræk Sider,,Del PDF Online — Udtræk Sider Gratis | AnyConverter,51,151,Del PDF — Udtræk Sider Online,377,Thin visible content (377 words); No reliable matched GSC query data yet,"Add a concise SEO section with use cases, examples, limitations, FAQs, and related-tool links. Use the page title/URL as the primary keyword, then add examples and internal links to help Google understand the page. No GSC impressions yet: link to this page from relevant hubs and related tools, then monitor for 2-4 weeks."
P3,https://anyconverter.io/da/pomodoro-timer/,da\pomodoro-timer\index.html,da,tool,yes,,,,,Pomodoro Timer,,Pomodoro Timer Online Gratis | AnyConverter,43,127,Pomodoro Timer,336,Thin visible content (336 words); No reliable matched GSC query data yet,"Add a concise SEO section with use cases, examples, limitations, FAQs, and related-tool links. Use the page title/URL as the primary keyword, then add examples and internal links to help Google understand the page. No GSC impressions yet: link to this page from relevant hubs and related tools, then monitor for 2-4 weeks."
P3,https://anyconverter.io/da/privacy-policy-generator/,da\privacy-policy-generator\index.html,da,tool,yes,,,,,Generator til Privatlivspolitik,,Generator til Privatlivspolitik Online Gratis | AnyConverter,60,159,Generator til Privatlivspolitik,332,Thin visible content (332 words); No reliable matched GSC query data yet,"Add a concise SEO section with use cases, examples, limitations, FAQs, and related-tool links. Use the page title/URL as the primary keyword, then add examples and internal links to help Google understand the page. No GSC impressions yet: link to this page from relevant hubs and related tools, then monitor for 2-4 weeks."
P3,https://anyconverter.io/da/px-to-rem/,da\px-to-rem\index.html,da,tool,yes,,,,,px to rem,px rem; pixel to rem; convert px to rem; px a rem,PX til REM Konverter Online Gratis | AnyConverter,49,145,PX til REM Konverter,308,Thin visible content (308 words); Primary GSC keyword not fully aligned on-page,"Add a concise SEO section with use cases, examples, limitations, FAQs, and related-tool links. Use 'px to rem' naturally in the title/meta/H1 or first SEO section where it reads well. No GSC impressions yet: link to this page from relevant hubs and related tools, then monitor for 2-4 weeks."
P3,https://anyconverter.io/da/random-picker/,da\random-picker\index.html,da,tool,yes,,,,,Tilfældig Vælger — Vælg Tilfældige Elementer,,Tilfældig Vælger — Vælg Tilfældige Elementer | AnyConverter,59,151,Tilfældig Vælger Online,234,Thin visible content (234 words); No reliable matched GSC query data yet,"Add a concise SEO section with use cases, examples, limitations, FAQs, and related-tool links. Use the page title/URL as the primary keyword, then add examples and internal links to help Google understand the page. No GSC impressions yet: link to this page from relevant hubs and related tools, then monitor for 2-4 weeks."
P3,https://anyconverter.io/da/redact-pdf/,da\redact-pdf\index.html,da,tool,yes,,,,,rediger pdf,,Rediger PDF Online Gratis — Slet Følsomt Indhold | AnyConverter,63,154,Rediger PDF,286,Thin visible content (286 words); Primary GSC keyword not fully aligned on-page,"Add a concise SEO section with use cases, examples, limitations, FAQs, and related-tool links. Use 'rediger pdf' naturally in the title/meta/H1 or first SEO section where it reads well. No GSC impressions yet: link to this page from relevant hubs and related tools, then monitor for 2-4 weeks."
P3,https://anyconverter.io/da/regex-tester/,da\regex-tester\index.html,da,tool,yes,,,,,converter online,,Regex Tester Online Gratis | AnyConverter,41,149,Online Regex Tester,265,Thin visible content (265 words); Primary GSC keyword not fully aligned on-page,"Add a concise SEO section with use cases, examples, limitations, FAQs, and related-tool links. Use 'converter online' naturally in the title/meta/H1 or first SEO section where it reads well. No GSC impressions yet: link to this page from relevant hubs and related tools, then monitor for 2-4 weeks."
P3,https://anyconverter.io/da/remove-pdf-pages/,da\remove-pdf-pages\index.html,da,tool,yes,,,,,remove a page in pdf,remove pages from pdf online; pdf remove pages; remove page from pdf,Fjern PDF-sider Online Gratis | AnyConverter,44,142,Fjern PDF-sider,220,Thin visible content (220 words); Primary GSC keyword not fully aligned on-page,"Add a concise SEO section with use cases, examples, limitations, FAQs, and related-tool links. Use 'remove a page in pdf' naturally in the title/meta/H1 or first SEO section where it reads well. No GSC impressions yet: link to this page from relevant hubs and related tools, then monitor for 2-4 weeks."
P3,https://anyconverter.io/da/roman-numeral-converter/,da\roman-numeral-converter\index.html,da,tool,yes,,,,,Romertal Konverter,,Romertal Konverter Online Gratis | AnyConverter,47,157,Romertal Konverter,344,Thin visible content (344 words); No reliable matched GSC query data yet,"Add a concise SEO section with use cases, examples, limitations, FAQs, and related-tool links. Use the page title/URL as the primary keyword, then add examples and internal links to help Google understand the page. No GSC impressions yet: link to this page from relevant hubs and related tools, then monitor for 2-4 weeks."
P3,https://anyconverter.io/da/rotate-pdf/,da\rotate-pdf\index.html,da,tool,yes,,,,,Roter PDF-sider,,Roter PDF-sider Online Gratis | AnyConverter,44,136,Roter PDF-sider,243,Thin visible content (243 words); No reliable matched GSC query data yet,"Add a concise SEO section with use cases, examples, limitations, FAQs, and related-tool links. Use the page title/URL as the primary keyword, then add examples and internal links to help Google understand the page. No GSC impressions yet: link to this page from relevant hubs and related tools, then monitor for 2-4 weeks."
P3,https://anyconverter.io/da/scan-to-pdf/,da\scan-to-pdf\index.html,da,tool,yes,,,,,Scan til PDF — Billeder til PDF,,Scan til PDF — Billeder til PDF Online Gratis | AnyConverter,60,135,Scan til PDF,259,Thin visible content (259 words); No reliable matched GSC query data yet,"Add a concise SEO section with use cases, examples, limitations, FAQs, and related-tool links. Use the page title/URL as the primary keyword, then add examples and internal links to help Google understand the page. No GSC impressions yet: link to this page from relevant hubs and related tools, then monitor for 2-4 weeks."
P3,https://anyconverter.io/da/sign-pdf/,da\sign-pdf\index.html,da,tool,yes,,,,,Underskriv PDF,,Underskriv PDF Online Gratis | AnyConverter,43,139,Underskriv PDF Online,249,Thin visible content (249 words); No reliable matched GSC query data yet,"Add a concise SEO section with use cases, examples, limitations, FAQs, and related-tool links. Use the page title/URL as the primary keyword, then add examples and internal links to help Google understand the page. No GSC impressions yet: link to this page from relevant hubs and related tools, then monitor for 2-4 weeks."
P3,https://anyconverter.io/da/sleep-calculator/,da\sleep-calculator\index.html,da,tool,yes,,,,,sleep calculator,,Søvnberegner Online Gratis | AnyConverter,41,140,Søvnberegner,349,Thin visible content (349 words); Primary GSC keyword not fully aligned on-page,"Add a concise SEO section with use cases, examples, limitations, FAQs, and related-tool links. Use 'sleep calculator' naturally in the title/meta/H1 or first SEO section where it reads well. No GSC impressions yet: link to this page from relevant hubs and related tools, then monitor for 2-4 weeks."
P3,https://anyconverter.io/da/spin-the-wheel/,da\spin-the-wheel\index.html,da,tool,yes,,,,,Drej Hjulet — Tilfældig Beslutningshjælper,,Drej Hjulet — Tilfældig Beslutningshjælper | AnyConverter,57,131,Drej Hjulet,220,Thin visible content (220 words); No reliable matched GSC query data yet,"Add a concise SEO section with use cases, examples, limitations, FAQs, and related-tool links. Use the page title/URL as the primary keyword, then add examples and internal links to help Google understand the page. No GSC impressions yet: link to this page from relevant hubs and related tools, then monitor for 2-4 weeks."
P3,https://anyconverter.io/da/team-picker/,da\team-picker\index.html,da,tool,yes,,,,,team picker,online team picker,Holdvælger — Del Folk op i Tilfældige Hold | AnyConverter,57,144,Holdvælger Online,250,Thin visible content (250 words); Primary GSC keyword not fully aligned on-page,"Add a concise SEO section with use cases, examples, limitations, FAQs, and related-tool links. Use 'team picker' naturally in the title/meta/H1 or first SEO section where it reads well. No GSC impressions yet: link to this page from relevant hubs and related tools, then monitor for 2-4 weeks."
P3,https://anyconverter.io/da/text-diff-checker/,da\text-diff-checker\index.html,da,tool,yes,,,,,tilføj tekst til pdf,,Tekst Forskels Checker Online Gratis | AnyConverter,51,149,Tekst Forskels Checker,371,Thin visible content (371 words); Primary GSC keyword not fully aligned on-page,"Add a concise SEO section with use cases, examples, limitations, FAQs, and related-tool links. Use 'tilføj tekst til pdf' naturally in the title/meta/H1 or first SEO section where it reads well. No GSC impressions yet: link to this page from relevant hubs and related tools, then monitor for 2-4 weeks."
P3,https://anyconverter.io/da/timestamp-converter/,da\timestamp-converter\index.html,da,tool,yes,,,,,Unix Timestamp Konverter  —,,Unix Timestamp Konverter Online — Gratis | AnyConverter,55,142,Unix Timestamp Konverter,407,Thin visible content (407 words); No reliable matched GSC query data yet,"Add a concise SEO section with use cases, examples, limitations, FAQs, and related-tool links. Use the page title/URL as the primary keyword, then add examples and internal links to help Google understand the page. No GSC impressions yet: link to this page from relevant hubs and related tools, then monitor for 2-4 weeks."
P3,https://anyconverter.io/da/typing-speed-test/,da\typing-speed-test\index.html,da,tool,yes,,,,,Skrivetestigheds Test,,Skrivetestigheds Test Online Gratis | AnyConverter,50,155,Skrivetestigheds Test,395,Thin visible content (395 words); No reliable matched GSC query data yet,"Add a concise SEO section with use cases, examples, limitations, FAQs, and related-tool links. Use the page title/URL as the primary keyword, then add examples and internal links to help Google understand the page. No GSC impressions yet: link to this page from relevant hubs and related tools, then monitor for 2-4 weeks."
P3,https://anyconverter.io/da/unlock-pdf/,da\unlock-pdf\index.html,da,tool,yes,,,,,Lås PDF Op — Fjern Adgangskode,,Lås PDF Op — Fjern Adgangskode Online Gratis | AnyConverter,59,132,Lås PDF Op — Fjern Adgangskode,230,Thin visible content (230 words); No reliable matched GSC query data yet,"Add a concise SEO section with use cases, examples, limitations, FAQs, and related-tool links. Use the page title/URL as the primary keyword, then add examples and internal links to help Google understand the page. No GSC impressions yet: link to this page from relevant hubs and related tools, then monitor for 2-4 weeks."
P3,https://anyconverter.io/da/url-encoder/,da\url-encoder\index.html,da,tool,yes,,,,,url encoder,encode url,URL Encoder og Decoder Online Gratis | AnyConverter,51,23,URL Encoder og Decoder,220,Meta description short (23); Thin visible content (220 words); Primary GSC keyword not fully aligned on-page,"Expand meta description with use case, privacy/no-signup benefit, and primary keyword. Add a concise SEO section with use cases, examples, limitations, FAQs, and related-tool links. Use 'url encoder' naturally in the title/meta/H1 or first SEO section where it reads well. No GSC impressions yet: link to this page from relevant hubs and related tools, then monitor for 2-4 weeks."
P3,https://anyconverter.io/da/uuid-generator/,da\uuid-generator\index.html,da,tool,yes,,,,,uuid generator,uuid generator online,UUID Generator Online Gratis | AnyConverter,43,147,UUID / GUID Generator,428,Thin visible content (428 words); Primary GSC keyword not fully aligned on-page,"Add a concise SEO section with use cases, examples, limitations, FAQs, and related-tool links. Use 'uuid generator' naturally in the title/meta/H1 or first SEO section where it reads well. No GSC impressions yet: link to this page from relevant hubs and related tools, then monitor for 2-4 weeks."
P3,https://anyconverter.io/da/viewport-size/,da\viewport-size\index.html,da,tool,yes,,,,,viewport size,viewport size checker,Viewport Størrelse Tjekker Online Gratis | AnyConverter,55,120,Viewport Størrelse Tjekker,237,Thin visible content (237 words); Primary GSC keyword not fully aligned on-page,"Add a concise SEO section with use cases, examples, limitations, FAQs, and related-tool links. Use 'viewport size' naturally in the title/meta/H1 or first SEO section where it reads well. No GSC impressions yet: link to this page from relevant hubs and related tools, then monitor for 2-4 weeks."
P3,https://anyconverter.io/da/xml-formatter/,da\xml-formatter\index.html,da,tool,yes,,,,,XML Formatter,,XML Formatter Online Gratis | AnyConverter,42,159,XML Formatter og Validator,218,Thin visible content (218 words); No reliable matched GSC query data yet,"Add a concise SEO section with use cases, examples, limitations, FAQs, and related-tool links. Use the page title/URL as the primary keyword, then add examples and internal links to help Google understand the page. No GSC impressions yet: link to this page from relevant hubs and related tools, then monitor for 2-4 weeks."
P3,https://anyconverter.io/es/add-page-numbers/,es\add-page-numbers\index.html,es,tool,yes,,,,,add page numbers to pdf online,add page numbers to pdf free; add page number in pdf online free; pdf page number add online; add page number to pdf free,Añadir Números de Página a PDF Online Gratis | AnyConverter,59,147,Añadir Números de Página a PDF,289,Thin visible content (289 words); Primary GSC keyword not fully aligned on-page,"Add a concise SEO section with use cases, examples, limitations, FAQs, and related-tool links. Use 'add page numbers to pdf online' naturally in the title/meta/H1 or first SEO section where it reads well. No GSC impressions yet: link to this page from relevant hubs and related tools, then monitor for 2-4 weeks."
P3,https://anyconverter.io/es/age-calculator/,es\age-calculator\index.html,es,tool,yes,,,,,Calculadora de Edad,,Calculadora de Edad Online Gratis | AnyConverter,48,144,Calculadora de Edad,445,Thin visible content (445 words); No reliable matched GSC query data yet,"Add a concise SEO section with use cases, examples, limitations, FAQs, and related-tool links. Use the page title/URL as the primary keyword, then add examples and internal links to help Google understand the page. No GSC impressions yet: link to this page from relevant hubs and related tools, then monitor for 2-4 weeks."
P3,https://anyconverter.io/es/aspect-ratio-calculator/,es\aspect-ratio-calculator\index.html,es,tool,yes,,,,,Calculadora de Relación de Aspecto,,Calculadora de Relación de Aspecto Online Gratis | AnyConverter,63,154,Calculadora de Relación de Aspecto,444,Thin visible content (444 words); No reliable matched GSC query data yet,"Add a concise SEO section with use cases, examples, limitations, FAQs, and related-tool links. Use the page title/URL as the primary keyword, then add examples and internal links to help Google understand the page. No GSC impressions yet: link to this page from relevant hubs and related tools, then monitor for 2-4 weeks."
P3,https://anyconverter.io/es/bmi-calculator/,es\bmi-calculator\index.html,es,tool,yes,,,,,Calculadora de IMC,,Calculadora de IMC Online Gratis | AnyConverter,47,156,Calculadora de IMC,475,Thin visible content (475 words); No reliable matched GSC query data yet,"Add a concise SEO section with use cases, examples, limitations, FAQs, and related-tool links. Use the page title/URL as the primary keyword, then add examples and internal links to help Google understand the page. No GSC impressions yet: link to this page from relevant hubs and related tools, then monitor for 2-4 weeks."
P3,https://anyconverter.io/es/browser-info/,es\browser-info\index.html,es,tool,yes,,,,,Visor de Información del Navegador,,Visor de Información del Navegador Online Gratis | AnyConverter,63,153,Visor de Información del Navegador,238,Thin visible content (238 words); No reliable matched GSC query data yet,"Add a concise SEO section with use cases, examples, limitations, FAQs, and related-tool links. Use the page title/URL as the primary keyword, then add examples and internal links to help Google understand the page. No GSC impressions yet: link to this page from relevant hubs and related tools, then monitor for 2-4 weeks."
P3,https://anyconverter.io/es/color-converter/,es\color-converter\index.html,es,tool,yes,,,,,Conversor de Colores — HEX RGB HSL CMYK,,Conversor de Colores — HEX RGB HSL CMYK | AnyConverter,54,139,"Conversor de Colores — HEX, RGB, HSL, CMYK",451,Thin visible content (451 words); No reliable matched GSC query data yet,"Add a concise SEO section with use cases, examples, limitations, FAQs, and related-tool links. Use the page title/URL as the primary keyword, then add examples and internal links to help Google understand the page. No GSC impressions yet: link to this page from relevant hubs and related tools, then monitor for 2-4 weeks."
P3,https://anyconverter.io/es/countdown-timer/,es\countdown-timer\index.html,es,tool,yes,,,,,Temporizador de Cuenta Regresiva,,Temporizador de Cuenta Regresiva Online Gratis | AnyConverter,61,150,Temporizador de Cuenta Regresiva,294,Thin visible content (294 words); No reliable matched GSC query data yet,"Add a concise SEO section with use cases, examples, limitations, FAQs, and related-tool links. Use the page title/URL as the primary keyword, then add examples and internal links to help Google understand the page. No GSC impressions yet: link to this page from relevant hubs and related tools, then monitor for 2-4 weeks."
P3,https://anyconverter.io/es/cron-expression-parser/,es\cron-expression-parser\index.html,es,tool,yes,,,,,Analizador de Expresiones Cron,,Analizador de Expresiones Cron Online Gratis | AnyConverter,59,128,Analizador de Expresiones Cron,364,Thin visible content (364 words); No reliable matched GSC query data yet,"Add a concise SEO section with use cases, examples, limitations, FAQs, and related-tool links. Use the page title/URL as the primary keyword, then add examples and internal links to help Google understand the page. No GSC impressions yet: link to this page from relevant hubs and related tools, then monitor for 2-4 weeks."
P3,https://anyconverter.io/es/css-shadow-generator/,es\css-shadow-generator\index.html,es,tool,yes,,,,,css shadow generator,,Generador de Sombras CSS Online Gratis | AnyConverter,53,148,Generador de Sombras CSS,399,Thin visible content (399 words); Primary GSC keyword not fully aligned on-page,"Add a concise SEO section with use cases, examples, limitations, FAQs, and related-tool links. Use 'css shadow generator' naturally in the title/meta/H1 or first SEO section where it reads well. No GSC impressions yet: link to this page from relevant hubs and related tools, then monitor for 2-4 weeks."
P3,https://anyconverter.io/es/csv-to-sql/,es\csv-to-sql\index.html,es,tool,yes,,,,,csv to sql,convertir csv a sql; convert csv to sql insert; csv to sql online; sqlite to csv online,Conversor CSV a SQL Online Gratis | AnyConverter,48,146,Conversor CSV a SQL,370,Thin visible content (370 words); Primary GSC keyword not fully aligned on-page,"Add a concise SEO section with use cases, examples, limitations, FAQs, and related-tool links. Use 'csv to sql' naturally in the title/meta/H1 or first SEO section where it reads well. No GSC impressions yet: link to this page from relevant hubs and related tools, then monitor for 2-4 weeks."
P3,https://anyconverter.io/es/currency-converter/,es\currency-converter\index.html,es,tool,yes,,,,,Conversor de Divisas,,Conversor de Divisas Online Gratis | AnyConverter,49,110,Conversor de Divisas,454,Meta description short (110); Thin visible content (454 words); No reliable matched GSC query data yet,"Expand meta description with use case, privacy/no-signup benefit, and primary keyword. Add a concise SEO section with use cases, examples, limitations, FAQs, and related-tool links. Use the page title/URL as the primary keyword, then add examples and internal links to help Google understand the page. No GSC impressions yet: link to this page from relevant hubs and related tools, then monitor for 2-4 weeks."
P3,https://anyconverter.io/es/dice-roller/,es\dice-roller\index.html,es,tool,yes,,,,,d20 online roller,,Lanzador de Dados — d4 d6 d8 d10 d12 d20 | AnyConverter,55,154,Lanzador de Dados Online,314,Thin visible content (314 words); Primary GSC keyword not fully aligned on-page,"Add a concise SEO section with use cases, examples, limitations, FAQs, and related-tool links. Use 'd20 online roller' naturally in the title/meta/H1 or first SEO section where it reads well. No GSC impressions yet: link to this page from relevant hubs and related tools, then monitor for 2-4 weeks."
P3,https://anyconverter.io/es/gst-vat-calculator/,es\gst-vat-calculator\index.html,es,tool,yes,,,,,Calculadora de IVA / GST,,Calculadora de IVA / GST Online Gratis | AnyConverter,53,142,Calculadora de IVA / GST,597,Thin visible content (597 words); No reliable matched GSC query data yet,"Add a concise SEO section with use cases, examples, limitations, FAQs, and related-tool links. Use the page title/URL as the primary keyword, then add examples and internal links to help Google understand the page. No GSC impressions yet: link to this page from relevant hubs and related tools, then monitor for 2-4 weeks."
P3,https://anyconverter.io/es/hash-generator/,es\hash-generator\index.html,es,tool,yes,,,,,Generador de Hash — MD5 SHA256 SHA512,,Generador de Hash — MD5 SHA256 SHA512 | AnyConverter,52,158,"Generador de Hash — MD5, SHA-256, SHA-512",319,Thin visible content (319 words); No reliable matched GSC query data yet,"Add a concise SEO section with use cases, examples, limitations, FAQs, and related-tool links. Use the page title/URL as the primary keyword, then add examples and internal links to help Google understand the page. No GSC impressions yet: link to this page from relevant hubs and related tools, then monitor for 2-4 weeks."
P3,https://anyconverter.io/es/html-beautifier/,es\html-beautifier\index.html,es,tool,yes,,,,,beautifier html,,Embellecedor y Minificador HTML Online Gratis | AnyConverter,60,138,Embellecedor y Minificador HTML,394,Thin visible content (394 words); Primary GSC keyword not fully aligned on-page,"Add a concise SEO section with use cases, examples, limitations, FAQs, and related-tool links. Use 'beautifier html' naturally in the title/meta/H1 or first SEO section where it reads well. No GSC impressions yet: link to this page from relevant hubs and related tools, then monitor for 2-4 weeks."
P3,https://anyconverter.io/es/html-to-pdf/,es\html-to-pdf\index.html,es,tool,yes,,,,,Convertir HTML a PDF,,Convertir HTML a PDF Online Gratis | AnyConverter,49,145,Conversor de HTML a PDF,277,Thin visible content (277 words); No reliable matched GSC query data yet,"Add a concise SEO section with use cases, examples, limitations, FAQs, and related-tool links. Use the page title/URL as the primary keyword, then add examples and internal links to help Google understand the page. No GSC impressions yet: link to this page from relevant hubs and related tools, then monitor for 2-4 weeks."
P3,https://anyconverter.io/es/image-compressor/,es\image-compressor\index.html,es,tool,yes,,,,,Compresor de Imágenes,,Compresor de Imágenes Online Gratis | AnyConverter,50,156,Compresor de Imágenes,502,Thin visible content (502 words); No reliable matched GSC query data yet,"Add a concise SEO section with use cases, examples, limitations, FAQs, and related-tool links. Use the page title/URL as the primary keyword, then add examples and internal links to help Google understand the page. No GSC impressions yet: link to this page from relevant hubs and related tools, then monitor for 2-4 weeks."
P3,https://anyconverter.io/es/image-converter/,es\image-converter\index.html,es,tool,yes,,,,,Convertidor de Imágenes — PNG JPG WebP,,Convertidor de Imágenes — PNG JPG WebP | AnyConverter,53,158,Convertidor de Imágenes Gratis,304,Thin visible content (304 words); No reliable matched GSC query data yet,"Add a concise SEO section with use cases, examples, limitations, FAQs, and related-tool links. Use the page title/URL as the primary keyword, then add examples and internal links to help Google understand the page. No GSC impressions yet: link to this page from relevant hubs and related tools, then monitor for 2-4 weeks."
P3,https://anyconverter.io/es/invoice-generator/,es\invoice-generator\index.html,es,tool,yes,,,,,Generador de Facturas,,Generador de Facturas Online Gratis | AnyConverter,50,160,Generador de Facturas,384,Thin visible content (384 words); No reliable matched GSC query data yet,"Add a concise SEO section with use cases, examples, limitations, FAQs, and related-tool links. Use the page title/URL as the primary keyword, then add examples and internal links to help Google understand the page. No GSC impressions yet: link to this page from relevant hubs and related tools, then monitor for 2-4 weeks."
P3,https://anyconverter.io/es/lorem-ipsum-generator/,es\lorem-ipsum-generator\index.html,es,tool,yes,,,,,Generador de Lorem Ipsum,,Generador de Lorem Ipsum Online Gratis | AnyConverter,53,159,Generador de Lorem Ipsum,451,Thin visible content (451 words); No reliable matched GSC query data yet,"Add a concise SEO section with use cases, examples, limitations, FAQs, and related-tool links. Use the page title/URL as the primary keyword, then add examples and internal links to help Google understand the page. No GSC impressions yet: link to this page from relevant hubs and related tools, then monitor for 2-4 weeks."
P3,https://anyconverter.io/es/markdown-html/,es\markdown-html\index.html,es,tool,yes,,,,,Conversor de Markdown a HTML,,Conversor de Markdown a HTML Online Gratis | AnyConverter,57,154,Conversor de Markdown a HTML,394,Thin visible content (394 words); No reliable matched GSC query data yet,"Add a concise SEO section with use cases, examples, limitations, FAQs, and related-tool links. Use the page title/URL as the primary keyword, then add examples and internal links to help Google understand the page. No GSC impressions yet: link to this page from relevant hubs and related tools, then monitor for 2-4 weeks."
P3,https://anyconverter.io/es/monitor-color-test/,es\monitor-color-test\index.html,es,tool,yes,,,,,monitor color test,color test monitor; monitor a color; color test / monitor; monitor test color,Prueba de Color del Monitor Online Gratis | AnyConverter,56,160,Prueba de Color del Monitor,309,Thin visible content (309 words); Primary GSC keyword not fully aligned on-page,"Add a concise SEO section with use cases, examples, limitations, FAQs, and related-tool links. Use 'monitor color test' naturally in the title/meta/H1 or first SEO section where it reads well. No GSC impressions yet: link to this page from relevant hubs and related tools, then monitor for 2-4 weeks."
P3,https://anyconverter.io/es/number-to-words/,es\number-to-words\index.html,es,tool,yes,,,,,Convertidor de Números a Palabras,,Convertidor de Números a Palabras Online Gratis | AnyConverter,62,153,Convertidor de Números a Palabras,345,Thin visible content (345 words); No reliable matched GSC query data yet,"Add a concise SEO section with use cases, examples, limitations, FAQs, and related-tool links. Use the page title/URL as the primary keyword, then add examples and internal links to help Google understand the page. No GSC impressions yet: link to this page from relevant hubs and related tools, then monitor for 2-4 weeks."
P3,https://anyconverter.io/es/password-strength-checker/,es\password-strength-checker\index.html,es,tool,yes,,,,,password strength checker,,Comprobador de Fortaleza de Contraseña | AnyConverter,53,149,Comprobador de Fortaleza de Contraseña,408,Thin visible content (408 words); Primary GSC keyword not fully aligned on-page,"Add a concise SEO section with use cases, examples, limitations, FAQs, and related-tool links. Use 'password strength checker' naturally in the title/meta/H1 or first SEO section where it reads well. No GSC impressions yet: link to this page from relevant hubs and related tools, then monitor for 2-4 weeks."
P3,https://anyconverter.io/es/pdf-forms/,es\pdf-forms\index.html,es,tool,yes,,,,,Rellenar Formularios PDF,,Rellenar Formularios PDF Online Gratis | AnyConverter,53,157,Rellenar Formularios PDF Online,279,Thin visible content (279 words); No reliable matched GSC query data yet,"Add a concise SEO section with use cases, examples, limitations, FAQs, and related-tool links. Use the page title/URL as the primary keyword, then add examples and internal links to help Google understand the page. No GSC impressions yet: link to this page from relevant hubs and related tools, then monitor for 2-4 weeks."
P3,https://anyconverter.io/es/pdf-security/,es\pdf-security\index.html,es,tool,yes,,,,,Seguridad PDF — Establecer Permisos,,Seguridad PDF — Establecer Permisos Online Gratis | AnyConverter,64,150,Seguridad PDF — Establecer Permisos,275,Thin visible content (275 words); No reliable matched GSC query data yet,"Add a concise SEO section with use cases, examples, limitations, FAQs, and related-tool links. Use the page title/URL as the primary keyword, then add examples and internal links to help Google understand the page. No GSC impressions yet: link to this page from relevant hubs and related tools, then monitor for 2-4 weeks."
P3,https://anyconverter.io/es/percentage-calculator/,es\percentage-calculator\index.html,es,tool,yes,,,,,Calculadora de Porcentajes,,Calculadora de Porcentajes Online Gratis | AnyConverter,55,137,Calculadora de Porcentajes,523,Thin visible content (523 words); No reliable matched GSC query data yet,"Add a concise SEO section with use cases, examples, limitations, FAQs, and related-tool links. Use the page title/URL as the primary keyword, then add examples and internal links to help Google understand the page. No GSC impressions yet: link to this page from relevant hubs and related tools, then monitor for 2-4 weeks."
P3,https://anyconverter.io/es/pomodoro-timer/,es\pomodoro-timer\index.html,es,tool,yes,,,,,Temporizador Pomodoro,,Temporizador Pomodoro Online Gratis | AnyConverter,50,122,Temporizador Pomodoro,406,Thin visible content (406 words); No reliable matched GSC query data yet,"Add a concise SEO section with use cases, examples, limitations, FAQs, and related-tool links. Use the page title/URL as the primary keyword, then add examples and internal links to help Google understand the page. No GSC impressions yet: link to this page from relevant hubs and related tools, then monitor for 2-4 weeks."
P3,https://anyconverter.io/es/redact-pdf/,es\redact-pdf\index.html,es,tool,yes,,,,,redactar pdf,,Redactar PDF Online Gratis | AnyConverter,41,153,Redactar PDF,347,Thin visible content (347 words); Primary GSC keyword not fully aligned on-page,"Add a concise SEO section with use cases, examples, limitations, FAQs, and related-tool links. Use 'redactar pdf' naturally in the title/meta/H1 or first SEO section where it reads well. No GSC impressions yet: link to this page from relevant hubs and related tools, then monitor for 2-4 weeks."
P3,https://anyconverter.io/es/roman-numeral-converter/,es\roman-numeral-converter\index.html,es,tool,yes,,,,,Convertidor de Números Romanos,,Convertidor de Números Romanos Online Gratis | AnyConverter,59,127,Convertidor de Números Romanos,387,Thin visible content (387 words); No reliable matched GSC query data yet,"Add a concise SEO section with use cases, examples, limitations, FAQs, and related-tool links. Use the page title/URL as the primary keyword, then add examples and internal links to help Google understand the page. No GSC impressions yet: link to this page from relevant hubs and related tools, then monitor for 2-4 weeks."
P3,https://anyconverter.io/es/sleep-calculator/,es\sleep-calculator\index.html,es,tool,yes,,,,,sleep calculator,,Calculadora de Sueño Online Gratis | AnyConverter,49,153,Calculadora de Sueño,435,Thin visible content (435 words); Primary GSC keyword not fully aligned on-page,"Add a concise SEO section with use cases, examples, limitations, FAQs, and related-tool links. Use 'sleep calculator' naturally in the title/meta/H1 or first SEO section where it reads well. No GSC impressions yet: link to this page from relevant hubs and related tools, then monitor for 2-4 weeks."
P3,https://anyconverter.io/es/spin-the-wheel/,es\spin-the-wheel\index.html,es,tool,yes,,,,,Girar la Ruleta — Decisor Aleatorio,,Girar la Ruleta — Decisor Aleatorio Online Gratis | AnyConverter,64,138,Girar la Ruleta,250,Thin visible content (250 words); No reliable matched GSC query data yet,"Add a concise SEO section with use cases, examples, limitations, FAQs, and related-tool links. Use the page title/URL as the primary keyword, then add examples and internal links to help Google understand the page. No GSC impressions yet: link to this page from relevant hubs and related tools, then monitor for 2-4 weeks."
P3,https://anyconverter.io/es/team-picker/,es\team-picker\index.html,es,tool,yes,,,,,team picker,online team picker,Selector de Equipos — Dividir Personas en Equipos | AnyConverter,64,154,Selector de Equipos Online,296,Thin visible content (296 words); Primary GSC keyword not fully aligned on-page,"Add a concise SEO section with use cases, examples, limitations, FAQs, and related-tool links. Use 'team picker' naturally in the title/meta/H1 or first SEO section where it reads well. No GSC impressions yet: link to this page from relevant hubs and related tools, then monitor for 2-4 weeks."
P3,https://anyconverter.io/es/text-repeater/,es\text-repeater\index.html,es,tool,yes,,,,,text repeater online,,Repetidor de Texto Online Gratis | AnyConverter,47,134,Repetidor de Texto,290,Thin visible content (290 words); Primary GSC keyword not fully aligned on-page,"Add a concise SEO section with use cases, examples, limitations, FAQs, and related-tool links. Use 'text repeater online' naturally in the title/meta/H1 or first SEO section where it reads well. No GSC impressions yet: link to this page from relevant hubs and related tools, then monitor for 2-4 weeks."
P3,https://anyconverter.io/es/timestamp-converter/,es\timestamp-converter\index.html,es,tool,yes,,,,,Convertidor de Timestamp Unix  —,,Convertidor de Timestamp Unix Online — Gratis | AnyConverter,60,147,Convertidor de Timestamp Unix,435,Thin visible content (435 words); No reliable matched GSC query data yet,"Add a concise SEO section with use cases, examples, limitations, FAQs, and related-tool links. Use the page title/URL as the primary keyword, then add examples and internal links to help Google understand the page. No GSC impressions yet: link to this page from relevant hubs and related tools, then monitor for 2-4 weeks."
P3,https://anyconverter.io/es/todo-list/,es\todo-list\index.html,es,tool,yes,,,,,Lista de Tareas,,Lista de Tareas Online Gratis | AnyConverter,44,147,Lista de Tareas Online,268,Thin visible content (268 words); No reliable matched GSC query data yet,"Add a concise SEO section with use cases, examples, limitations, FAQs, and related-tool links. Use the page title/URL as the primary keyword, then add examples and internal links to help Google understand the page. No GSC impressions yet: link to this page from relevant hubs and related tools, then monitor for 2-4 weeks."
P3,https://anyconverter.io/es/typing-speed-test/,es\typing-speed-test\index.html,es,tool,yes,,,,,Prueba de Velocidad de Escritura,,Prueba de Velocidad de Escritura Online Gratis | AnyConverter,61,136,Prueba de Velocidad de Escritura,544,Thin visible content (544 words); No reliable matched GSC query data yet,"Add a concise SEO section with use cases, examples, limitations, FAQs, and related-tool links. Use the page title/URL as the primary keyword, then add examples and internal links to help Google understand the page. No GSC impressions yet: link to this page from relevant hubs and related tools, then monitor for 2-4 weeks."
P3,https://anyconverter.io/es/xml-formatter/,es\xml-formatter\index.html,es,tool,yes,,,,,Formateador XML,,Formateador XML Online Gratis | AnyConverter,44,160,Formateador y Validador de XML,242,Thin visible content (242 words); No reliable matched GSC query data yet,"Add a concise SEO section with use cases, examples, limitations, FAQs, and related-tool links. Use the page title/URL as the primary keyword, then add examples and internal links to help Google understand the page. No GSC impressions yet: link to this page from relevant hubs and related tools, then monitor for 2-4 weeks."
P3,https://anyconverter.io/hash-generator/,hash-generator\index.html,en,tool,yes,,,,,Hash Generator  — MD5 SHA256 SHA512,,Hash Generator Online — MD5 SHA256 SHA512 Free | AnyConverter,61,160,"Hash Generator — MD5, SHA-256, SHA-512",433,Thin visible content (433 words); No reliable matched GSC query data yet,"Add a concise SEO section with use cases, examples, limitations, FAQs, and related-tool links. Use the page title/URL as the primary keyword, then add examples and internal links to help Google understand the page. No GSC impressions yet: link to this page from relevant hubs and related tools, then monitor for 2-4 weeks."
P3,https://anyconverter.io/html-to-pdf/,html-to-pdf\index.html,en,tool,yes,,,,,converter online,,HTML to PDF Converter Online Free | AnyConverter,48,139,HTML to PDF Converter,263,Thin visible content (263 words); Primary GSC keyword not fully aligned on-page,"Add a concise SEO section with use cases, examples, limitations, FAQs, and related-tool links. Use 'converter online' naturally in the title/meta/H1 or first SEO section where it reads well. No GSC impressions yet: link to this page from relevant hubs and related tools, then monitor for 2-4 weeks."
P3,https://anyconverter.io/image-compressor/,image-compressor\index.html,en,tool,yes,,,,,Image Compressor,,Image Compressor Online Free | AnyConverter,43,156,Image Compressor,460,Thin visible content (460 words); No reliable matched GSC query data yet,"Add a concise SEO section with use cases, examples, limitations, FAQs, and related-tool links. Use the page title/URL as the primary keyword, then add examples and internal links to help Google understand the page. No GSC impressions yet: link to this page from relevant hubs and related tools, then monitor for 2-4 weeks."
P3,https://anyconverter.io/jpg-to-pdf/,jpg-to-pdf\index.html,en,tool,yes,,,,,converter online,jpg to pdf converter,JPG to PDF Converter Online Free | AnyConverter,47,133,JPG to PDF Converter,250,Thin visible content (250 words); Primary GSC keyword not fully aligned on-page,"Add a concise SEO section with use cases, examples, limitations, FAQs, and related-tool links. Use 'converter online' naturally in the title/meta/H1 or first SEO section where it reads well. No GSC impressions yet: link to this page from relevant hubs and related tools, then monitor for 2-4 weeks."
P3,https://anyconverter.io/json-formatter/,json-formatter\index.html,en,tool,yes,,,,,JSON Formatter & Validator  —,,JSON Formatter & Validator Online — Free | AnyConverter,55,120,JSON Formatter & Validator,438,Thin visible content (438 words); No reliable matched GSC query data yet,"Add a concise SEO section with use cases, examples, limitations, FAQs, and related-tool links. Use the page title/URL as the primary keyword, then add examples and internal links to help Google understand the page. No GSC impressions yet: link to this page from relevant hubs and related tools, then monitor for 2-4 weeks."
P3,https://anyconverter.io/json-to-yaml/,json-to-yaml\index.html,en,tool,yes,,,,,converter online,,JSON to YAML Converter Online Free | AnyConverter,49,150,JSON ↔ YAML Converter,346,Thin visible content (346 words); Primary GSC keyword not fully aligned on-page,"Add a concise SEO section with use cases, examples, limitations, FAQs, and related-tool links. Use 'converter online' naturally in the title/meta/H1 or first SEO section where it reads well. No GSC impressions yet: link to this page from relevant hubs and related tools, then monitor for 2-4 weeks."
P3,https://anyconverter.io/jwt-decoder/,jwt-decoder\index.html,en,tool,yes,,,,,token decoder,,JWT Decoder Online Free | AnyConverter,38,154,JWT Decoder,455,Thin visible content (455 words); Primary GSC keyword not fully aligned on-page,"Add a concise SEO section with use cases, examples, limitations, FAQs, and related-tool links. Use 'token decoder' naturally in the title/meta/H1 or first SEO section where it reads well. No GSC impressions yet: link to this page from relevant hubs and related tools, then monitor for 2-4 weeks."
P3,https://anyconverter.io/markdown-html/,markdown-html\index.html,en,tool,yes,,,,,converter online,,Markdown to HTML Converter Online — Free | AnyConverter,55,150,Markdown to HTML Converter,390,Thin visible content (390 words); Primary GSC keyword not fully aligned on-page,"Add a concise SEO section with use cases, examples, limitations, FAQs, and related-tool links. Use 'converter online' naturally in the title/meta/H1 or first SEO section where it reads well. No GSC impressions yet: link to this page from relevant hubs and related tools, then monitor for 2-4 weeks."
P3,https://anyconverter.io/optimize-pdf/,optimize-pdf\index.html,en,tool,yes,,,,,optimize pdf,,Optimize & Compress PDF Online Free | AnyConverter,50,146,Optimize & Compress PDF,235,Thin visible content (235 words); Primary GSC keyword not fully aligned on-page,"Add a concise SEO section with use cases, examples, limitations, FAQs, and related-tool links. Use 'optimize pdf' naturally in the title/meta/H1 or first SEO section where it reads well. No GSC impressions yet: link to this page from relevant hubs and related tools, then monitor for 2-4 weeks."
P3,https://anyconverter.io/organize-pdf/,organize-pdf\index.html,en,tool,yes,,,,,Organize PDF Pages,,Organize PDF Pages Online Free | AnyConverter,45,152,Organize PDF Pages,267,Thin visible content (267 words); No reliable matched GSC query data yet,"Add a concise SEO section with use cases, examples, limitations, FAQs, and related-tool links. Use the page title/URL as the primary keyword, then add examples and internal links to help Google understand the page. No GSC impressions yet: link to this page from relevant hubs and related tools, then monitor for 2-4 weeks."
P3,https://anyconverter.io/pdf-compress/,pdf-compress\index.html,en,tool,yes,,,,,Compress PDF  — Reduce PDF File Size,,Compress PDF Online — Reduce PDF File Size Free | AnyConverter,62,152,Compress PDF Online — Reduce File Size,389,Thin visible content (389 words); No reliable matched GSC query data yet,"Add a concise SEO section with use cases, examples, limitations, FAQs, and related-tool links. Use the page title/URL as the primary keyword, then add examples and internal links to help Google understand the page. No GSC impressions yet: link to this page from relevant hubs and related tools, then monitor for 2-4 weeks."
P3,https://anyconverter.io/pdf-split/,pdf-split\index.html,en,tool,yes,,,,,extract pdf pages free,extract pages from pdf free; extract pdf pages online; extract page from pdf free; extract 1 page from pdf,Split PDF Online — Extract Pages Free | AnyConverter,52,137,Split PDF — Extract Pages Online,388,Thin visible content (388 words); Primary GSC keyword not fully aligned on-page,"Add a concise SEO section with use cases, examples, limitations, FAQs, and related-tool links. Use 'extract pdf pages free' naturally in the title/meta/H1 or first SEO section where it reads well. No GSC impressions yet: link to this page from relevant hubs and related tools, then monitor for 2-4 weeks."
P3,https://anyconverter.io/pdf-to-jpg/,pdf-to-jpg\index.html,en,tool,yes,,,,,converter online,,PDF to JPG Converter Online Free | AnyConverter,47,139,PDF to JPG Converter,277,Thin visible content (277 words); Primary GSC keyword not fully aligned on-page,"Add a concise SEO section with use cases, examples, limitations, FAQs, and related-tool links. Use 'converter online' naturally in the title/meta/H1 or first SEO section where it reads well. No GSC impressions yet: link to this page from relevant hubs and related tools, then monitor for 2-4 weeks."
P3,https://anyconverter.io/percentage-calculator/,percentage-calculator\index.html,en,tool,yes,,,,,Percentage Calculator,,Percentage Calculator Online Free | AnyConverter,48,157,Percentage Calculator,489,Thin visible content (489 words); No reliable matched GSC query data yet,"Add a concise SEO section with use cases, examples, limitations, FAQs, and related-tool links. Use the page title/URL as the primary keyword, then add examples and internal links to help Google understand the page. No GSC impressions yet: link to this page from relevant hubs and related tools, then monitor for 2-4 weeks."
P3,https://anyconverter.io/pomodoro-timer/,pomodoro-timer\index.html,en,tool,yes,,,,,Pomodoro Timer,,Pomodoro Timer Online Free | AnyConverter,41,121,Pomodoro Timer,358,Thin visible content (358 words); No reliable matched GSC query data yet,"Add a concise SEO section with use cases, examples, limitations, FAQs, and related-tool links. Use the page title/URL as the primary keyword, then add examples and internal links to help Google understand the page. No GSC impressions yet: link to this page from relevant hubs and related tools, then monitor for 2-4 weeks."
P3,https://anyconverter.io/privacy-policy-generator/,privacy-policy-generator\index.html,en,tool,yes,,,,,Privacy Policy Generator,,Privacy Policy Generator Online Free | AnyConverter,51,146,Privacy Policy Generator,353,Thin visible content (353 words); No reliable matched GSC query data yet,"Add a concise SEO section with use cases, examples, limitations, FAQs, and related-tool links. Use the page title/URL as the primary keyword, then add examples and internal links to help Google understand the page. No GSC impressions yet: link to this page from relevant hubs and related tools, then monitor for 2-4 weeks."
P3,https://anyconverter.io/protect-pdf/,protect-pdf\index.html,en,tool,yes,,,,,Protect PDF with Password,,Protect PDF with Password Online Free | AnyConverter,52,157,Protect PDF with Password,212,Thin visible content (212 words); No reliable matched GSC query data yet,"Add a concise SEO section with use cases, examples, limitations, FAQs, and related-tool links. Use the page title/URL as the primary keyword, then add examples and internal links to help Google understand the page. No GSC impressions yet: link to this page from relevant hubs and related tools, then monitor for 2-4 weeks."
P3,https://anyconverter.io/qr-code-generator/,qr-code-generator\index.html,en,tool,yes,,,,,qr code generator gratis,generate qr online; gen qr code online,QR Code Generator Online Free | AnyConverter,44,140,QR Code Generator,455,Thin visible content (455 words); Primary GSC keyword not fully aligned on-page,"Add a concise SEO section with use cases, examples, limitations, FAQs, and related-tool links. Use 'qr code generator gratis' naturally in the title/meta/H1 or first SEO section where it reads well. No GSC impressions yet: link to this page from relevant hubs and related tools, then monitor for 2-4 weeks."
P3,https://anyconverter.io/random-number-generator/,random-number-generator\index.html,en,tool,yes,,,,,Random Number Generator,,Random Number Generator Online Free | AnyConverter,50,158,Random Number Generator,457,Thin visible content (457 words); No reliable matched GSC query data yet,"Add a concise SEO section with use cases, examples, limitations, FAQs, and related-tool links. Use the page title/URL as the primary keyword, then add examples and internal links to help Google understand the page. No GSC impressions yet: link to this page from relevant hubs and related tools, then monitor for 2-4 weeks."
P3,https://anyconverter.io/regex-tester/,regex-tester\index.html,en,tool,yes,,,,,Regex Tester & Log Extractor  —,,Regex Tester & Log Extractor Online — Free | AnyConverter,57,158,Regex Tester & Log Extractor,423,Thin visible content (423 words); No reliable matched GSC query data yet,"Add a concise SEO section with use cases, examples, limitations, FAQs, and related-tool links. Use the page title/URL as the primary keyword, then add examples and internal links to help Google understand the page. No GSC impressions yet: link to this page from relevant hubs and related tools, then monitor for 2-4 weeks."
P3,https://anyconverter.io/rotate-pdf/,rotate-pdf\index.html,en,tool,yes,,,,,Rotate PDF Pages,,Rotate PDF Pages Online Free | AnyConverter,43,151,Rotate PDF Pages,253,Thin visible content (253 words); No reliable matched GSC query data yet,"Add a concise SEO section with use cases, examples, limitations, FAQs, and related-tool links. Use the page title/URL as the primary keyword, then add examples and internal links to help Google understand the page. No GSC impressions yet: link to this page from relevant hubs and related tools, then monitor for 2-4 weeks."
P3,https://anyconverter.io/sign-pdf/,sign-pdf\index.html,en,tool,yes,,,,,Sign PDF,,Sign PDF Online Free | AnyConverter,35,136,Sign PDF Online,270,Thin visible content (270 words); No reliable matched GSC query data yet,"Add a concise SEO section with use cases, examples, limitations, FAQs, and related-tool links. Use the page title/URL as the primary keyword, then add examples and internal links to help Google understand the page. No GSC impressions yet: link to this page from relevant hubs and related tools, then monitor for 2-4 weeks."
P3,https://anyconverter.io/timestamp-converter/,timestamp-converter\index.html,en,tool,yes,,,,,converter online,,Unix Timestamp Converter Online — Free | AnyConverter,53,147,Unix Timestamp Converter,414,Thin visible content (414 words); Primary GSC keyword not fully aligned on-page,"Add a concise SEO section with use cases, examples, limitations, FAQs, and related-tool links. Use 'converter online' naturally in the title/meta/H1 or first SEO section where it reads well. No GSC impressions yet: link to this page from relevant hubs and related tools, then monitor for 2-4 weeks."
P3,https://anyconverter.io/word-counter/,word-counter\index.html,en,tool,yes,,,,,Word Counter,,Word Counter Online Free | AnyConverter,39,152,Word Counter,396,Thin visible content (396 words); No reliable matched GSC query data yet,"Add a concise SEO section with use cases, examples, limitations, FAQs, and related-tool links. Use the page title/URL as the primary keyword, then add examples and internal links to help Google understand the page. No GSC impressions yet: link to this page from relevant hubs and related tools, then monitor for 2-4 weeks."
P3,https://anyconverter.io/world-clock/,world-clock\index.html,en,tool,yes,,,,,World Clock,,World Clock Online Free | AnyConverter,38,149,World Clock,283,Thin visible content (283 words); No reliable matched GSC query data yet,"Add a concise SEO section with use cases, examples, limitations, FAQs, and related-tool links. Use the page title/URL as the primary keyword, then add examples and internal links to help Google understand the page. No GSC impressions yet: link to this page from relevant hubs and related tools, then monitor for 2-4 weeks."
P3,https://anyconverter.io/xml-formatter/,xml-formatter\index.html,en,tool,yes,,,,,XML Formatter & Validator  —,,XML Formatter & Validator Online — Free | AnyConverter,54,145,XML Formatter & Validator,391,Thin visible content (391 words); No reliable matched GSC query data yet,"Add a concise SEO section with use cases, examples, limitations, FAQs, and related-tool links. Use the page title/URL as the primary keyword, then add examples and internal links to help Google understand the page. No GSC impressions yet: link to this page from relevant hubs and related tools, then monitor for 2-4 weeks."
P4,https://anyconverter.io/es/,es\index.html,es,hub,yes,0,29,0%,48.52,"Herramientas de Conversión — JSON, PDF, Imagen",,"Herramientas de Conversión — JSON, PDF, Imagen | AnyConverter",61,137,"Herramientas Online Gratuitas — Convierte, Calcula y Crea",656,,
P4,https://anyconverter.io/da/,da\index.html,da,hub,yes,0,9,0%,58.78,konverter pdf til billede,generer qr kode,"Gratis Konverteringsværktøjer — JSON, PDF, Billede | AnyConverter",65,125,"Gratis Online Værktøjer — Konverter, Beregn og Skab",572,Primary GSC keyword not fully aligned on-page,Use 'konverter pdf til billede' naturally in the title/meta/H1 or first SEO section where it reads well.
P4,https://anyconverter.io/contact/,contact\index.html,en,support,yes,,,,,Contact Us —,,Contact Us — AnyConverter,25,131,Get in Touch,157,,
P4,https://anyconverter.io/cookies/,cookies\index.html,en,support,yes,,,,,Cookie Policy —,,Cookie Policy — AnyConverter,28,12,Cookie Policy,400,,
P4,https://anyconverter.io/da/about/,da\about\index.html,da,support,yes,,,,,Om Os —,,Om Os — AnyConverter | Gratis Online Værktøjer,46,154,Bygget for Alle. Gratis for Altid.,384,,
P4,https://anyconverter.io/da/blog/,da\blog\index.html,da,support,yes,,,,,"Blog — Tips, Guides og Opdateringer",,"Blog — Tips, Guides og Opdateringer | AnyConverter",50,157,"Tips, Guides og Opdateringer",261,,
P4,https://anyconverter.io/da/contact/,da\contact\index.html,da,support,yes,,,,,Kontakt Os —,,Kontakt Os — AnyConverter,25,138,Skriv til Os,152,,
P4,https://anyconverter.io/da/cookies/,da\cookies\index.html,da,support,yes,,,,,Cookiepolitik —,,Cookiepolitik — AnyConverter,28,141,Cookiepolitik,385,,
P4,https://anyconverter.io/da/faq/,da\faq\index.html,da,support,yes,,,,,Ofte Stillede Spørgsmål —,,Ofte Stillede Spørgsmål — AnyConverter,38,126,Ofte Stillede Spørgsmål,608,,
P4,https://anyconverter.io/da/press/,da\press\index.html,da,support,yes,,,,,Pressepakke —,,Pressepakke — AnyConverter,26,132,Pressepakke,369,,
P4,https://anyconverter.io/da/privacy/,da\privacy\index.html,da,support,yes,,,,,Privatlivspolitik —,,Privatlivspolitik — AnyConverter,32,153,Privatlivspolitik,629,,
P4,https://anyconverter.io/da/security/,da\security\index.html,da,support,yes,,,,,Sikkerhed —,,Sikkerhed — AnyConverter,24,123,Sikkerhed hos AnyConverter,464,,
P4,https://anyconverter.io/da/terms/,da\terms\index.html,da,support,yes,,,,,Servicevilkår —,,Servicevilkår — AnyConverter,28,154,Servicevilkår,587,,
P4,https://anyconverter.io/es/blog/,es\blog\index.html,es,support,yes,,,,,"Blog — Consejos, Guías y Actualizaciones",,"Blog — Consejos, Guías y Actualizaciones | AnyConverter",55,156,"Consejos, Guías y Actualizaciones",303,,
P4,https://anyconverter.io/es/contact/,es\contact\index.html,es,support,yes,,,,,Contáctanos —,,Contáctanos — AnyConverter,26,151,Ponte en Contacto,158,,
P4,https://anyconverter.io/es/cookies/,es\cookies\index.html,es,support,yes,,,,,Política de Cookies —,,Política de Cookies — AnyConverter,34,152,Política de Cookies,444,,
P4,https://anyconverter.io/es/faq/,es\faq\index.html,es,support,yes,,,,,Preguntas Frecuentes —,,Preguntas Frecuentes — AnyConverter,35,159,Preguntas Frecuentes,671,,
P4,https://anyconverter.io/es/press/,es\press\index.html,es,support,yes,,,,,Kit de Prensa —,,Kit de Prensa — AnyConverter,28,144,Kit de Prensa,494,,
P4,https://anyconverter.io/es/privacy/,es\privacy\index.html,es,support,yes,,,,,Política de Privacidad —,,Política de Privacidad — AnyConverter,37,157,Política de Privacidad,745,,
P4,https://anyconverter.io/es/security/,es\security\index.html,es,support,yes,,,,,Seguridad —,,Seguridad — AnyConverter,24,143,Seguridad en AnyConverter,544,,
P4,https://anyconverter.io/es/terms/,es\terms\index.html,es,support,yes,,,,,Términos de Servicio —,,Términos de Servicio — AnyConverter,35,151,Términos de Servicio,659,,
P4,https://anyconverter.io/faq/,faq\index.html,en,support,yes,,,,,Frequently Asked Questions —,,Frequently Asked Questions — AnyConverter,41,121,Frequently Asked Questions,634,,
