"url","status","bytes","title","title_len","meta_description","description_len","canonical","canonical_ok","noindex","robots_meta","schema_types"
"https://anyconverter.io/","200","53868","Free Online Converter Tools — JSON, PDF, Image &amp; More | AnyConverter","72","AnyConverter offers 78+ free online tools. Format JSON, convert images, merge PDFs, track habits, roll dice, pick teams and more. No signup, 100% private, works in your browser.","177","https://anyconverter.io/","True","False","index, follow","SearchAction|WebSite"
"https://anyconverter.io/about/","200","10013","About Us — AnyConverter | Free Online Tools","43","AnyConverter provides 78+ free online tools for developers, students and everyday users. No signup, no uploads — everything runs 100% in your browser.","150","https://anyconverter.io/about/","True","False","index, follow","AboutPage|Organization"
"https://anyconverter.io/add-page-numbers/","200","10744","Add Page Numbers to PDF Online Free | AnyConverter","50","Add page numbers to any PDF online for free. Choose position, font size, starting number and prefix. Download instantly. No signup, 100% in your browser.","153","https://anyconverter.io/add-page-numbers/","True","False","index, follow","Offer|Organization|WebApplication"
"https://anyconverter.io/add-watermark/","200","10775","Add Watermark to PDF Online Free | AnyConverter","47","Add a text watermark to any PDF online for free. Choose position, font size, opacity and colour. Download instantly. No signup, 100% in your browser.","149","https://anyconverter.io/add-watermark/","True","False","index, follow","Offer|Organization|WebApplication"
"https://anyconverter.io/age-calculator/","200","12079","Age Calculator Online Free | AnyConverter","41","Calculate your exact age in years, months, and days online for free. Find total days lived and days until your next birthday. Instant, no signup required.","154","https://anyconverter.io/age-calculator/","True","False","index, follow","Offer|Organization|WebApplication"
"https://anyconverter.io/ascii-art-generator/","200","11831","ASCII Art Generator Online Free | AnyConverter","46","Generate ASCII art text online for free. Convert any text into large block letter ASCII art. Choose your fill character and scale. Copy and paste anywhere. Free, no signup.","172","https://anyconverter.io/ascii-art-generator/","True","False","index, follow","Offer|Organization|WebApplication"
"https://anyconverter.io/aspect-ratio-calculator/","200","14549","Aspect Ratio Calculator Online Free | AnyConverter","50","Calculate aspect ratios and scale dimensions while preserving the ratio. Convert any width/height pair, use preset ratios (16:9, 4:3, 1:1), and get the scaled result instantly.","176","https://anyconverter.io/aspect-ratio-calculator/","True","False","index, follow","Offer|Organization|WebApplication"
"https://anyconverter.io/base64-encoder/","200","15047","Base64 Encoder &amp; Decoder Online — Free | AnyConverter","57","Encode and decode Base64 online. Convert text or files to Base64 and back. Free, instant, no server upload. Supports Unicode text and all file types.","149","https://anyconverter.io/base64-encoder/","True","False","index, follow","Offer|Organization|WebApplication"
"https://anyconverter.io/blog/","200","10275","Blog — Tips, Guides &amp; Updates | AnyConverter","48","The AnyConverter blog. Tips and guides for using our free online tools, how-to articles for developers and everyday users, and product updates.","143","https://anyconverter.io/blog/","True","False","index, follow",""
"https://anyconverter.io/blood-type-compatibility/","200","11999","Blood Type Compatibility Checker Online Free | AnyConverter","59","Check blood type compatibility for blood transfusions. See which blood types you can donate to and receive from. Includes universal donor and recipient info. Free online tool.","175","https://anyconverter.io/blood-type-compatibility/","True","False","index, follow","Offer|Organization|WebApplication"
"https://anyconverter.io/bmi-calculator/","200","12931","BMI Calculator Online Free | AnyConverter","41","Calculate your Body Mass Index (BMI) online for free. Supports metric (kg/cm) and imperial (lb/in). Get your BMI score and weight category instantly.","149","https://anyconverter.io/bmi-calculator/","True","False","index, follow","Offer|Organization|WebApplication"
"https://anyconverter.io/browser-info/","200","8857","Browser Info Viewer Online Free | AnyConverter","46","View detailed information about your browser, OS, screen, and hardware online for free. See browser name, version, OS, language, screen resolution, CPU cores and more.","167","https://anyconverter.io/browser-info/","True","False","index, follow","Offer|Organization|WebApplication"
"https://anyconverter.io/calorie-calculator/","200","15123","Calorie Calculator Online Free | AnyConverter","45","Calculate your daily calorie needs (TDEE) and BMR online for free. Get calorie targets for weight loss or gain based on age, gender, height, weight and activity level.","167","https://anyconverter.io/calorie-calculator/","True","False","index, follow","Offer|Organization|WebApplication"
"https://anyconverter.io/character-counter/","200","11307","Character Counter Online Free | AnyConverter","44","Count characters, words, lines, and bytes in your text instantly. Check against platform limits for Twitter, LinkedIn, Instagram, and more. Free online character counter.","170","https://anyconverter.io/character-counter/","True","False","index, follow","Offer|Organization|WebApplication"
"https://anyconverter.io/coin-flip/","200","9284","Coin Flip Online Free — Heads or Tails | AnyConverter","53","Flip a virtual coin online for free. Get heads or tails instantly with a flip animation. Tracks your heads and tails count. No signup or download needed.","153","https://anyconverter.io/coin-flip/","True","False","index, follow","Offer|Organization|WebApplication"
"https://anyconverter.io/color-converter/","200","13813","Color Converter Online — HEX RGB HSL CMYK Free | AnyConverter","61","Convert colors between HEX, RGB, HSL, CMYK and HSB online for free. Interactive color picker with shade palette generator. Instant copy to clipboard.","149","https://anyconverter.io/color-converter/","True","False","index, follow","Offer|Organization|WebApplication"
"https://anyconverter.io/compare-pdf/","200","11114","Compare Two PDFs Side by Side Online Free | AnyConverter","56","Compare two PDF documents side by side online for free. Navigate through pages together to spot differences visually. No signup, 100% browser-based with PDF.js.","160","https://anyconverter.io/compare-pdf/","True","False","index, follow","Offer|Organization|WebApplication"
"https://anyconverter.io/compound-interest-calculator/","200","14545","Compound Interest Calculator Online Free | AnyConverter","55","Calculate compound interest online for free. Enter principal, rate, time and compounding frequency to see your investment grow. Includes year-by-year breakdown table.","166","https://anyconverter.io/compound-interest-calculator/","True","False","index, follow","Offer|Organization|WebApplication"
"https://anyconverter.io/contact/","200","10844","Contact Us — AnyConverter","25","Get in touch with the AnyConverter team. Report a bug, suggest a new tool, or ask a question. We read and respond to every message.","131","https://anyconverter.io/contact/","True","False","index, follow",""
"https://anyconverter.io/cookies/","200","9412","Cookie Policy — AnyConverter","28","AnyConverter's cookie policy. Learn what cookies we use, why we use them, and how you can control or disable them in your browser.","130","https://anyconverter.io/cookies/","True","False","index, follow",""
"https://anyconverter.io/countdown-timer/","200","10694","Countdown Timer Online Free | AnyConverter","42","Free online countdown timer with presets for 5, 10, 25 minutes and 1 hour. Set custom hours, minutes and seconds. Audio alert when time is up. No signup needed.","160","https://anyconverter.io/countdown-timer/","True","False","index, follow","Offer|Organization|WebApplication"
"https://anyconverter.io/cron-expression-parser/","200","13750","Cron Expression Parser Online Free | AnyConverter","49","Parse and understand cron expressions instantly online. Enter any cron schedule and get a plain-English description with field breakdown. Free, no registration.","160","https://anyconverter.io/cron-expression-parser/","True","False","index, follow","Offer|Organization|WebApplication"
"https://anyconverter.io/crop-pdf/","200","10276","Crop PDF Pages Online Free | AnyConverter","41","Crop PDF pages by setting top, bottom, left and right margins in points. Remove borders or whitespace from every page instantly in your browser. No signup needed.","162","https://anyconverter.io/crop-pdf/","True","False","index, follow","Offer|Organization|WebApplication"
"https://anyconverter.io/css-gradient-generator/","200","13033","CSS Gradient Generator Online Free | AnyConverter","49","Create beautiful CSS gradients online for free. Design linear and radial gradients with custom colors and stops. Copy the ready-to-use CSS code instantly. No signup needed.","172","https://anyconverter.io/css-gradient-generator/","True","False","index, follow","Offer|Organization|WebApplication"
"https://anyconverter.io/css-shadow-generator/","200","14156","CSS Shadow Generator Online Free | AnyConverter","47","Visually design CSS box-shadow and text-shadow with live preview. Adjust offset, blur, spread, colour and opacity. Copy the CSS code instantly. Free, no signup.","160","https://anyconverter.io/css-shadow-generator/","True","False","index, follow","Offer|Organization|WebApplication"
"https://anyconverter.io/csv-query/","200","16397","CSV Query Tool Online — Run SQL on CSV Files Free | AnyConverter","64","Query CSV files with SQL online for free. Upload a CSV and run SELECT, WHERE, GROUP BY queries directly in your browser using SQL.js. Export results as CSV or JSON.","164","https://anyconverter.io/csv-query/","True","False","index, follow","Offer|Organization|WebApplication"
"https://anyconverter.io/csv-to-sql/","200","17703","CSV to SQL Converter Online — Free INSERT Generator | AnyConverter","66","Convert CSV files to SQL INSERT statements online for free. Auto-detect column types, choose MySQL/PostgreSQL/SQLite dialect. Generate CREATE TABLE + INSERT queries instantly.","175","https://anyconverter.io/csv-to-sql/","True","False","index, follow","Offer|Organization|WebApplication"
"https://anyconverter.io/currency-converter/","200","13197","Currency Converter Online Free | AnyConverter","45","Convert currencies online for free with live exchange rates. Support for 150+ currencies including USD, EUR, GBP, JPY. Real-time rates, no signup required.","155","https://anyconverter.io/currency-converter/","True","False","index, follow","Offer|Organization|WebApplication"
"https://anyconverter.io/daily-planner/","200","9531","Daily Planner Online Free | AnyConverter","40","Plan your day with a free online daily planner. Add tasks with time and duration, check them off as you go. Each day is saved separately in your browser.","153","https://anyconverter.io/daily-planner/","True","False","index, follow","Offer|Organization|WebApplication"
"https://anyconverter.io/dead-pixel-checker/","200","9899","Dead Pixel Checker Online Free | AnyConverter","45","Check your monitor for dead or stuck pixels online for free. Cycles through solid colors in fullscreen to reveal any defective pixels. No software download needed.","163","https://anyconverter.io/dead-pixel-checker/","True","False","index, follow","Offer|Organization|WebApplication"
"https://anyconverter.io/decision-maker/","200","8921","Decision Maker Online Free — Can't Decide? Let Us Pick | AnyConverter","69","Can't decide between options? Enter them, hit the button and watch the animated Decision Maker cycle through choices before picking one. Free, no signup needed.","160","https://anyconverter.io/decision-maker/","True","False","index, follow","Offer|Organization|WebApplication"
"https://anyconverter.io/dice-roller/","200","10255","Dice Roller Online Free — d4 d6 d8 d10 d12 d20 | AnyConverter","61","Roll any dice online for free. Supports d4, d6, d8, d10, d12 and d20. Roll up to 20 dice at once. Total displayed with roll history. No signup required.","152","https://anyconverter.io/dice-roller/","True","False","index, follow","Offer|Organization|WebApplication"
"https://anyconverter.io/discount-calculator/","200","14467","Discount Calculator Online Free | AnyConverter","46","Calculate sale price, savings, and discount percentage online for free. Three modes: discount %, fixed amount, or find discount from original and sale price. Instant results.","174","https://anyconverter.io/discount-calculator/","True","False","index, follow","Offer|Organization|WebApplication"
"https://anyconverter.io/edit-pdf/","200","12895","Edit PDF Online Free — Add Text, Shapes &amp; Highlights | AnyConverter","71","Add text, rectangles or highlights to a PDF online for free. Specify page, position and style, preview the list, then download the edited PDF. No signup required.","162","https://anyconverter.io/edit-pdf/","True","False","index, follow","Offer|Organization|WebApplication"
"https://anyconverter.io/extract-pdf-pages/","200","9205","Extract PDF Pages Online Free | AnyConverter","44","Extract specific pages from a PDF and save them as a new PDF file. Enter page numbers or ranges. Free, instant, no signup, 100% in your browser.","144","https://anyconverter.io/extract-pdf-pages/","True","False","index, follow","Offer|Organization|WebApplication"
"https://anyconverter.io/fancy-text-generator/","200","10668","Fancy Text Generator Online Free | AnyConverter","47","Generate fancy Unicode text styles instantly — bold, italic, script, double-struck, circled, strikethrough, upside down, and more. Copy and paste anywhere. Free.","161","https://anyconverter.io/fancy-text-generator/","True","False","index, follow","Offer|Organization|WebApplication"
"https://anyconverter.io/faq/","200","16898","Frequently Asked Questions — AnyConverter","41","Answers to common questions about AnyConverter — free online tools, data privacy, browser support, offline use, and more.","121","https://anyconverter.io/faq/","True","False","index, follow","Answer|FAQPage|Question"
"https://anyconverter.io/gst-vat-calculator/","200","14101","GST &amp; VAT Calculator Online Free | AnyConverter","51","Calculate GST or VAT for any amount online for free. Supports add or remove tax mode with presets for Australia, India, UK, EU, and Nordic countries. Instant results.","166","https://anyconverter.io/gst-vat-calculator/","True","False","index, follow","Offer|Organization|WebApplication"
"https://anyconverter.io/habit-tracker/","200","8594","Habit Tracker Online Free | AnyConverter","40","Track your daily habits with a free online habit tracker. See your weekly grid, completion rates and streaks. Data saves in your browser. No signup required.","157","https://anyconverter.io/habit-tracker/","True","False","index, follow","Offer|Organization|WebApplication"
"https://anyconverter.io/hash-generator/","200","13936","Hash Generator Online — MD5 SHA256 SHA512 Free | AnyConverter","61","Generate MD5, SHA-1, SHA-256 and SHA-512 hashes online for free. Hash text or files. Fast, secure, client-side processing — your data never leaves your browser.","160","https://anyconverter.io/hash-generator/","True","False","index, follow","Offer|Organization|WebApplication"
"https://anyconverter.io/html-beautifier/","200","11933","HTML Beautifier &amp; Minifier Online Free | AnyConverter","57","Beautify or minify HTML code instantly online. Paste your HTML and get properly formatted or minified output in one click. Free, no signup, runs in your browser.","161","https://anyconverter.io/html-beautifier/","True","False","index, follow","Offer|Organization|WebApplication"
"https://anyconverter.io/html-to-pdf/","200","9480","HTML to PDF Converter Online Free | AnyConverter","48","Convert HTML code to a PDF document online for free. Paste your HTML, preview it live, choose orientation, then download the PDF instantly. No signup, 100% browser-based.","170","https://anyconverter.io/html-to-pdf/","True","False","index, follow","Offer|Organization|WebApplication"
"https://anyconverter.io/image-compressor/","200","13390","Image Compressor Online Free | AnyConverter","43","Compress images online for free. Reduce PNG, JPG, and WebP file sizes with adjustable quality. No upload to server — all processing happens in your browser.","156","https://anyconverter.io/image-compressor/","True","False","index, follow","Offer|Organization|WebApplication"
"https://anyconverter.io/image-converter/","200","14670","Image Converter Online — PNG JPG WebP AVIF Free | AnyConverter","62","Convert images between PNG, JPG, WebP, AVIF, BMP and GIF online. Free image converter with resize and quality options. No upload to server — instant conversion.","160","https://anyconverter.io/image-converter/","True","False","index, follow","Offer|Organization|WebApplication"
"https://anyconverter.io/internet-speed-test/","200","9973","Internet Speed Test Online Free | AnyConverter","46","Test your internet connection speed online for free. Measure download speed, upload speed, and ping latency instantly in your browser. No app required.","151","https://anyconverter.io/internet-speed-test/","True","False","index, follow","Offer|Organization|WebApplication"
"https://anyconverter.io/invoice-generator/","200","15271","Invoice Generator Online Free | AnyConverter","44","Create and download professional invoices as PDF online for free. Add line items, tax, notes, and business details. No signup, no watermark, runs in your browser.","162","https://anyconverter.io/invoice-generator/","True","False","index, follow","Offer|Organization|WebApplication"
"https://anyconverter.io/ip-address-lookup/","200","10839","IP Address Lookup Online Free | AnyConverter","44","Look up any IP address location, ISP, timezone, and more online for free. Find your own IP or search any IPv4 address. Instant results from multiple geo-APIs with automatic fallback. No signup needed.","200","https://anyconverter.io/ip-address-lookup/","True","False","index, follow","Offer|Organization|WebApplication"
"https://anyconverter.io/jpg-to-pdf/","200","9683","JPG to PDF Converter Online Free | AnyConverter","47","Convert JPG and PNG images to PDF online for free. Add multiple images, choose page size and margins, and download the PDF instantly. No signup, 100% browser-based.","164","https://anyconverter.io/jpg-to-pdf/","True","False","index, follow","Offer|Organization|WebApplication"
"https://anyconverter.io/json-formatter/","200","19427","JSON Formatter &amp; Validator Online — Free | AnyConverter","59","Format, beautify and validate JSON instantly. Free online JSON formatter with syntax highlighting and collapsible nodes. Runs in your browser — your data never leaves your device.","179","https://anyconverter.io/json-formatter/","True","False","index, follow","Answer|FAQPage|Offer|Organization|Question|WebApplication"
"https://anyconverter.io/json-to-yaml/","200","11794","JSON to YAML Converter Online Free | AnyConverter","49","Convert JSON to YAML and YAML to JSON instantly in your browser. Paste your data and get formatted output immediately. No server upload, 100% private.","150","https://anyconverter.io/json-to-yaml/","True","False","index, follow","Offer|Organization|WebApplication"
"https://anyconverter.io/jwt-decoder/","200","13213","JWT Decoder Online Free | AnyConverter","38","Decode and inspect JWT tokens online for free. View header, payload, and signature. Checks token expiration. 100% client-side, your tokens never leave the browser.","163","https://anyconverter.io/jwt-decoder/","True","False","index, follow","Offer|Organization|WebApplication"
"https://anyconverter.io/keyboard-tester/","200","9964","Keyboard Tester Online Free | AnyConverter","42","Test every key on your keyboard online for free. Press any key and see it light up instantly. Check for stuck, unresponsive or broken keys. No download needed.","159","https://anyconverter.io/keyboard-tester/","True","False","index, follow","Offer|Organization|WebApplication"
"https://anyconverter.io/loan-calculator/","200","13377","Loan &amp; EMI Calculator Online Free | AnyConverter","52","Calculate monthly loan EMI, total interest, and total payment online for free. View full amortization schedule. No signup, instant results in your browser.","155","https://anyconverter.io/loan-calculator/","True","False","index, follow","Offer|Organization|WebApplication"
"https://anyconverter.io/lorem-ipsum-generator/","200","12383","Lorem Ipsum Generator Online Free | AnyConverter","48","Generate Lorem Ipsum placeholder text online free. Choose paragraphs, sentences, or words. Optionally start with the classic &quot;Lorem ipsum&quot; opening. Instant copy.","171","https://anyconverter.io/lorem-ipsum-generator/","True","False","index, follow","Offer|Organization|WebApplication"
"https://anyconverter.io/markdown-html/","200","13157","Markdown to HTML Converter Online — Free | AnyConverter","55","Convert Markdown to HTML online for free. Live preview with rendered output and HTML source view. Supports GitHub Flavored Markdown. No signup needed.","150","https://anyconverter.io/markdown-html/","True","False","index, follow","Offer|Organization|WebApplication"
"https://anyconverter.io/meeting-timer/","200","10192","Meeting Timer Online Free — Agenda Timer | AnyConverter","55","Keep meetings on track with a free online meeting timer. Add agenda items with durations, start the timer, auto-advance between items and skip to the next topic. No signup.","172","https://anyconverter.io/meeting-timer/","True","False","index, follow","Offer|Organization|WebApplication"
"https://anyconverter.io/microphone-tester/","200","9690","Microphone Tester Online Free | AnyConverter","44","Test your microphone online for free. See live audio levels, check if your mic is working, and view device info — no software download required.","144","https://anyconverter.io/microphone-tester/","True","False","index, follow","Offer|Organization|WebApplication"
"https://anyconverter.io/monitor-color-test/","200","9593","Monitor Color Test Online Free | AnyConverter","45","Test your monitor's color accuracy, gradients, sharpness, and uniformity online for free. 8 fullscreen color test patterns. No software download needed.","152","https://anyconverter.io/monitor-color-test/","True","False","index, follow","Offer|Organization|WebApplication"
"https://anyconverter.io/morse-code-converter/","200","11177","Morse Code Converter Online Free | AnyConverter","47","Convert text to Morse code and Morse code to text online for free. Supports all letters, digits, and common punctuation. Instant bidirectional conversion. No signup.","165","https://anyconverter.io/morse-code-converter/","True","False","index, follow","Offer|Organization|WebApplication"
"https://anyconverter.io/mortgage-calculator/","200","13841","Mortgage Calculator Online Free | AnyConverter","46","Calculate your monthly mortgage payment online for free. Enter home price, down payment, interest rate and loan term to get your payment and total interest instantly.","166","https://anyconverter.io/mortgage-calculator/","True","False","index, follow","Offer|Organization|WebApplication"
"https://anyconverter.io/mouse-tester/","200","10622","Mouse Tester Online Free | AnyConverter","39","Test your mouse buttons, scroll wheel, and pointer tracking online for free. Check left click, right click, middle click and mouse movement. No download needed.","160","https://anyconverter.io/mouse-tester/","True","False","index, follow","Offer|Organization|WebApplication"
"https://anyconverter.io/number-to-words/","200","11074","Number to Words Converter Online Free | AnyConverter","52","Convert any number to words in English online for free. Supports numbers up to trillions, negative numbers, and shows ordinal form. Instant, no signup needed.","158","https://anyconverter.io/number-to-words/","True","False","index, follow","Offer|Organization|WebApplication"
"https://anyconverter.io/ocr-pdf/","200","10314","OCR PDF — Extract Text from Scanned PDF Online Free | AnyConverter","66","Extract text from scanned PDFs or images using OCR online for free. Supports English, Spanish, French, German and more. Copy the extracted text instantly. No signup.","165","https://anyconverter.io/ocr-pdf/","True","False","index, follow","Offer|Organization|WebApplication"
"https://anyconverter.io/optimize-pdf/","200","9110","Optimize &amp; Compress PDF Online Free | AnyConverter","54","Reduce PDF file size online for free by optimising its structure. Strips unused objects and optional metadata. Download the smaller PDF instantly. No signup required.","166","https://anyconverter.io/optimize-pdf/","True","False","index, follow","Offer|Organization|WebApplication"
"https://anyconverter.io/organize-pdf/","200","9482","Organize PDF Pages Online Free | AnyConverter","45","Reorder PDF pages in any order online for free. Enter the new page sequence and download the reorganised PDF instantly. No signup, 100% in your browser.","152","https://anyconverter.io/organize-pdf/","True","False","index, follow","Offer|Organization|WebApplication"
"https://anyconverter.io/password-generator/","200","12699","Password Generator Online Free | AnyConverter","45","Generate strong, secure random passwords online for free. Customize length, character types, and generate multiple passwords at once. No signup required.","153","https://anyconverter.io/password-generator/","True","False","index, follow","Offer|Organization|WebApplication"
"https://anyconverter.io/password-strength-checker/","200","11932","Password Strength Checker Online Free | AnyConverter","52","Check how strong your password is instantly online. Get real-time feedback on length, uppercase, lowercase, numbers, special characters, and whether it's a common password. Free.","178","https://anyconverter.io/password-strength-checker/","True","False","index, follow","Offer|Organization|WebApplication"
"https://anyconverter.io/pdf-compress/","200","13828","Compress PDF Online — Reduce PDF File Size Free | AnyConverter","62","Compress PDF files online and reduce file size without losing quality. Free PDF compressor. Choose compression level — low, medium or high. 100% secure.","152","https://anyconverter.io/pdf-compress/","True","False","index, follow","Offer|Organization|WebApplication"
"https://anyconverter.io/pdf-forms/","200","9288","Fill PDF Forms Online Free | AnyConverter","41","Fill in PDF form fields online for free. Upload a fillable PDF, enter values into text fields, checkboxes and dropdowns, then download the completed form. No signup.","165","https://anyconverter.io/pdf-forms/","True","False","index, follow","Offer|Organization|WebApplication"
"https://anyconverter.io/pdf-merge/","200","13460","Merge PDF Files Online — Free PDF Combiner | AnyConverter","57","Combine multiple PDF files into one online for free. Drag, reorder and merge PDFs in seconds. No registration required. Secure — files processed in your browser.","161","https://anyconverter.io/pdf-merge/","True","False","index, follow","Offer|Organization|WebApplication"
"https://anyconverter.io/pdf-security/","200","11007","PDF Security — Set Permissions Online Free | AnyConverter","57","Set PDF permissions online: restrict printing, copying, editing and annotations. Add an owner password with granular access control. Free, browser-based, no signup.","164","https://anyconverter.io/pdf-security/","True","False","index, follow","Offer|Organization|WebApplication"
"https://anyconverter.io/pdf-split/","200","13563","Split PDF Online — Extract Pages Free | AnyConverter","52","Split a PDF into multiple files or extract specific pages online for free. No software needed. Choose page ranges or split every N pages. Secure browser processing.","164","https://anyconverter.io/pdf-split/","True","False","index, follow","Offer|Organization|WebApplication"
"https://anyconverter.io/pdf-to-jpg/","200","10666","PDF to JPG Converter Online Free | AnyConverter","47","Convert PDF pages to JPG images online for free. Choose resolution scale and quality. Preview thumbnails and download all images instantly. No signup, 100% browser-based.","170","https://anyconverter.io/pdf-to-jpg/","True","False","index, follow","Offer|Organization|WebApplication"
"https://anyconverter.io/percentage-calculator/","200","15095","Percentage Calculator Online Free | AnyConverter","48","Calculate percentages online for free. Find X% of Y, what percent X is of Y, percentage change, and increase or decrease by a percentage. Instant, no signup.","157","https://anyconverter.io/percentage-calculator/","True","False","index, follow","Offer|Organization|WebApplication"
"https://anyconverter.io/pomodoro-timer/","200","11834","Pomodoro Timer Online Free | AnyConverter","41","Use the Pomodoro technique online for free. 25-minute work sessions with 5-minute short breaks and 15-minute long breaks. Browser notifications, session counter. No signup.","172","https://anyconverter.io/pomodoro-timer/","True","False","index, follow","Offer|Organization|WebApplication"
"https://anyconverter.io/press/","200","11677","Press Kit — AnyConverter","24","AnyConverter press kit. Brand assets, company facts, key statistics, and media contact information for journalists and bloggers.","128","https://anyconverter.io/press/","True","False","index, follow",""
"https://anyconverter.io/privacy-policy-generator/","200","12504","Privacy Policy Generator Online Free | AnyConverter","51","Generate a free privacy policy for your website or app in seconds. Customise company name, email, data types and jurisdiction. No signup required.","146","https://anyconverter.io/privacy-policy-generator/","True","False","index, follow","Offer|Organization|WebApplication"
"https://anyconverter.io/privacy/","200","11238","Privacy Policy — AnyConverter","29","AnyConverter's privacy policy. Learn what data we collect, how we use it, and why your files and text are never uploaded to our servers.","136","https://anyconverter.io/privacy/","True","False","index, follow",""
"https://anyconverter.io/protect-pdf/","200","9640","Protect PDF with Password Online Free | AnyConverter","52","Password protect a PDF file online for free. Set a user password to prevent unauthorised opening. Fast, private and 100% in your browser. No signup required.","157","https://anyconverter.io/protect-pdf/","True","False","index, follow","Offer|Organization|WebApplication"
"https://anyconverter.io/px-to-rem/","200","12066","PX to REM Converter Online Free | AnyConverter","46","Convert pixel values to REM and REM to pixels instantly. Set a custom base font size. Includes a full px-to-rem reference table. Free, no signup.","145","https://anyconverter.io/px-to-rem/","True","False","index, follow","Offer|Organization|WebApplication"
"https://anyconverter.io/qr-code-generator/","200","12790","QR Code Generator Online Free | AnyConverter","44","Generate QR codes online for free. Enter any text or URL and instantly create a downloadable QR code image. No signup, 100% in your browser.","140","https://anyconverter.io/qr-code-generator/","True","False","index, follow","Offer|Organization|WebApplication"
"https://anyconverter.io/random-number-generator/","200","12786","Random Number Generator Online Free | AnyConverter","50","Generate random numbers online for free. Set min/max range, generate multiple numbers, enable no-duplicates mode. Uses cryptographically secure random values.","158","https://anyconverter.io/random-number-generator/","True","False","index, follow","Offer|Organization|WebApplication"
"https://anyconverter.io/random-picker/","200","9549","Random Picker Online Free — Pick Random Items | AnyConverter","60","Pick random items from a list online for free. Paste your items separated by newlines or commas, choose how many to pick, and get instant results. No signup needed.","164","https://anyconverter.io/random-picker/","True","False","index, follow","Offer|Organization|WebApplication"
"https://anyconverter.io/redact-pdf/","200","11164","Redact PDF Online Free | AnyConverter","37","Redact sensitive information from a PDF by covering areas with black rectangles. Enter page number and coordinates, add multiple redactions, then download. No signup.","166","https://anyconverter.io/redact-pdf/","True","False","index, follow","Offer|Organization|WebApplication"
"https://anyconverter.io/regex-tester/","200","16655","Regex Tester &amp; Log Extractor Online — Free | AnyConverter","61","Test regular expressions and extract log patterns online. Live match highlighting, capture group colors, quick pattern library. Export matches as CSV or JSON. Free and 100% browser-based.","187","https://anyconverter.io/regex-tester/","True","False","index, follow","Offer|Organization|WebApplication"
"https://anyconverter.io/remove-pdf-pages/","200","9040","Remove PDF Pages Online Free | AnyConverter","43","Delete specific pages from a PDF online for free. Enter page numbers or ranges (e.g. 2, 4-6) and download the cleaned PDF instantly. No upload to servers.","154","https://anyconverter.io/remove-pdf-pages/","True","False","index, follow","Offer|Organization|WebApplication"
"https://anyconverter.io/roman-numeral-converter/","200","11730","Roman Numeral Converter Online Free | AnyConverter","50","Convert numbers to Roman numerals and Roman numerals back to numbers. Supports 1 to 3,999,999 with vinculum notation. Free online Roman numeral converter with no signup.","169","https://anyconverter.io/roman-numeral-converter/","True","False","index, follow","Offer|Organization|WebApplication"
"https://anyconverter.io/rotate-pdf/","200","9861","Rotate PDF Pages Online Free | AnyConverter","43","Rotate PDF pages by 90, 180 or 270 degrees online for free. Choose all pages or specific pages. Download the rotated PDF instantly. No signup required.","151","https://anyconverter.io/rotate-pdf/","True","False","index, follow","Offer|Organization|WebApplication"
"https://anyconverter.io/scan-to-pdf/","200","9426","Scan to PDF — Images to PDF Online Free | AnyConverter","54","Combine scanned images or photos into a PDF online for free. Add multiple JPG or PNG files, choose page size, and download the PDF instantly. No signup required.","161","https://anyconverter.io/scan-to-pdf/","True","False","index, follow","Offer|Organization|WebApplication"
"https://anyconverter.io/screen-resolution/","200","9405","Screen Resolution Checker Online Free | AnyConverter","52","Instantly detect your screen resolution, viewport size, device pixel ratio, color depth, and orientation. Free online screen resolution checker tool.","149","https://anyconverter.io/screen-resolution/","True","False","index, follow","Offer|Organization|WebApplication"
"https://anyconverter.io/security/","200","9129","Security — AnyConverter","23","Learn how AnyConverter keeps your data safe. All tools run in your browser — your files never leave your device. Read about our security practices and responsible disclosure policy.","181","https://anyconverter.io/security/","True","False","index, follow",""
"https://anyconverter.io/sign-pdf/","200","10714","Sign PDF Online Free | AnyConverter","35","Draw your signature and embed it into a PDF online for free. Choose the page, size and position, then download the signed PDF instantly. No signup, 100% browser-based.","167","https://anyconverter.io/sign-pdf/","True","False","index, follow","Offer|Organization|WebApplication"
"https://anyconverter.io/sleep-calculator/","200","11252","Sleep Calculator Online Free | AnyConverter","43","Calculate the best time to wake up or go to sleep based on 90-minute sleep cycles. Free sleep calculator to wake up feeling refreshed. No signup required.","154","https://anyconverter.io/sleep-calculator/","True","False","index, follow","Offer|Organization|WebApplication"
"https://anyconverter.io/spin-the-wheel/","200","8644","Spin the Wheel — Random Decision Maker Online Free | AnyConverter","65","Spin a customisable wheel to make random decisions online for free. Add your own options, spin and let fate decide. No download or signup required.","147","https://anyconverter.io/spin-the-wheel/","True","False","index, follow","Offer|Organization|WebApplication"
"https://anyconverter.io/sticky-notes/","200","8469","Sticky Notes Online Free | AnyConverter","39","Create colourful sticky notes online for free. Notes save automatically to your browser. Choose from 6 colours, edit in place and delete when done. No signup.","158","https://anyconverter.io/sticky-notes/","True","False","index, follow","Offer|Organization|WebApplication"
"https://anyconverter.io/stopwatch/","200","8684","Stopwatch Online Free | AnyConverter","36","Free online stopwatch with lap timer. Start, pause, resume and record lap times instantly in your browser. No download or signup required.","138","https://anyconverter.io/stopwatch/","True","False","index, follow","Offer|Organization|WebApplication"
"https://anyconverter.io/team-picker/","200","9177","Team Picker Online Free — Split People into Random Teams | AnyConverter","71","Randomly split a list of people into equal teams online for free. Enter names, choose number of teams, shuffle and get colour-coded team cards instantly. No signup.","164","https://anyconverter.io/team-picker/","True","False","index, follow","Offer|Organization|WebApplication"
"https://anyconverter.io/terms/","200","8768","Terms of Service — AnyConverter","31","Read AnyConverter's Terms of Service. By using our free online tools you agree to these terms covering acceptable use, disclaimers, and limitations of liability.","161","https://anyconverter.io/terms/","True","False","index, follow",""
"https://anyconverter.io/text-case-converter/","200","13013","Text Case Converter Online Free | AnyConverter","46","Convert text between UPPER CASE, lower case, Title Case, camelCase, snake_case, kebab-case and more. Free online text case converter, instant results.","150","https://anyconverter.io/text-case-converter/","True","False","index, follow","Offer|Organization|WebApplication"
"https://anyconverter.io/text-diff-checker/","200","12481","Text Diff Checker Online Free | AnyConverter","44","Compare two texts and find differences online for free. Highlights added, removed, and unchanged lines with a color-coded diff view. No signup, 100% in your browser.","165","https://anyconverter.io/text-diff-checker/","True","False","index, follow","Offer|Organization|WebApplication"
"https://anyconverter.io/text-repeater/","200","11385","Text Repeater Online Free | AnyConverter","40","Repeat any text multiple times instantly. Set a custom separator, number of repetitions, and line breaks. Free, no signup, works in your browser.","145","https://anyconverter.io/text-repeater/","True","False","index, follow","Offer|Organization|WebApplication"
"https://anyconverter.io/timestamp-converter/","200","13513","Unix Timestamp Converter Online — Free | AnyConverter","53","Convert Unix timestamps to human-readable dates and back. Free timestamp converter supporting UTC, local time and any timezone. Instant conversion.","147","https://anyconverter.io/timestamp-converter/","True","False","index, follow","Offer|Organization|WebApplication"
"https://anyconverter.io/tip-calculator/","200","12890","Tip Calculator Online Free | AnyConverter","41","Calculate tip amount, total bill, and per-person split online for free. Choose from preset tip percentages or use the slider. Instant results, no signup needed.","160","https://anyconverter.io/tip-calculator/","True","False","index, follow","Offer|Organization|WebApplication"
"https://anyconverter.io/todo-list/","200","9552","To-do List Online Free | AnyConverter","37","Free online to-do list that saves to your browser. Add tasks, check them off, filter by status and clear completed items. No account needed, works offline.","155","https://anyconverter.io/todo-list/","True","False","index, follow","Offer|Organization|WebApplication"
"https://anyconverter.io/typing-speed-test/","200","13285","Typing Speed Test Online Free | AnyConverter","44","Test your typing speed and accuracy online for free. Get your WPM score with easy, medium, and hard difficulty levels. No signup, instant results.","146","https://anyconverter.io/typing-speed-test/","True","False","index, follow","Offer|Organization|WebApplication"
"https://anyconverter.io/unlock-pdf/","200","9252","Unlock PDF — Remove Password Online Free | AnyConverter","55","Remove the password from a PDF online for free. Enter the current password to unlock and download a copy without restrictions. 100% browser-based, no signup.","157","https://anyconverter.io/unlock-pdf/","True","False","index, follow","Offer|Organization|WebApplication"
"https://anyconverter.io/url-encoder/","200","12801","URL Encoder &amp; Decoder Online — Free | AnyConverter","54","Encode or decode URLs and query parameters online. Free URL encoder with percent-encoding. Encode components or full URLs instantly in your browser.","148","https://anyconverter.io/url-encoder/","True","False","index, follow","Offer|Organization|WebApplication"
"https://anyconverter.io/uuid-generator/","200","12597","UUID Generator Online Free | AnyConverter","41","Generate UUID v4 (GUID) online for free. Create multiple unique identifiers at once, choose uppercase or lowercase format. Uses cryptographically secure randomness.","164","https://anyconverter.io/uuid-generator/","True","False","index, follow","Offer|Organization|WebApplication"
"https://anyconverter.io/viewport-size/","200","10570","Viewport Size Checker Online Free | AnyConverter","48","Check your browser viewport size, screen resolution, device pixel ratio, orientation and CSS breakpoint instantly. Updates live as you resize the window.","153","https://anyconverter.io/viewport-size/","True","False","index, follow","Offer|Organization|WebApplication"
"https://anyconverter.io/webcam-tester/","200","9365","Webcam Tester Online Free | AnyConverter","40","Test your webcam online for free. Check if your camera works, view the live feed, see resolution and device info, and take a snapshot. No signup required.","154","https://anyconverter.io/webcam-tester/","True","False","index, follow","Offer|Organization|WebApplication"
"https://anyconverter.io/word-counter/","200","11602","Word Counter Online Free | AnyConverter","39","Count words, characters, sentences, and paragraphs in real time. Get estimated reading time for your text. Free online word counter, no signup required.","152","https://anyconverter.io/word-counter/","True","False","index, follow","Offer|Organization|WebApplication"
"https://anyconverter.io/world-clock/","200","10147","World Clock Online Free | AnyConverter","38","See the current time in cities around the world. Live world clock with 40+ time zones. Add and remove cities. Free, no signup, works in your browser.","149","https://anyconverter.io/world-clock/","True","False","index, follow","Offer|Organization|WebApplication"
"https://anyconverter.io/xml-formatter/","200","14674","XML Formatter &amp; Validator Online — Free | AnyConverter","58","Format and validate XML online for free. Instantly beautify or minify XML with error detection. No upload required — 100% client-side processing.","145","https://anyconverter.io/xml-formatter/","True","False","index, follow","Offer|Organization|WebApplication"
"https://anyconverter.io/es/","200","20205","Herramientas de Conversión Online Gratuitas — JSON, PDF, Imagen | AnyConverter","78","AnyConverter ofrece más de 35 herramientas online gratuitas. Formatea JSON, calcula finanzas, genera códigos QR, convierte monedas y más. Sin registro, 100% privado, funciona en tu navegador.","191","https://anyconverter.io/es/","True","False","index, follow","EntryPoint|SearchAction|WebSite"
"https://anyconverter.io/es/about/","200","10914","Sobre Nosotros — AnyConverter | Herramientas Online Gratuitas","61","AnyConverter ofrece más de 78 herramientas online gratuitas para desarrolladores, estudiantes y usuarios de todo tipo. Sin registro, sin subidas — todo funciona 100% en tu navegador.","182","https://anyconverter.io/es/about/","True","False","index, follow","AboutPage|Organization"
"https://anyconverter.io/es/add-page-numbers/","200","11017","Añadir Números de Página a PDF Online Gratis | AnyConverter","59","Añade números de página a cualquier PDF online de forma gratuita. Elige posición, tamaño de fuente, número inicial y prefijo. Descarga instantánea. Sin registro, 100% en tu navegador.","183","https://anyconverter.io/es/add-page-numbers/","True","False","index, follow","Offer|Organization|WebApplication"
"https://anyconverter.io/es/add-watermark/","200","11116","Añadir Marca de Agua a PDF Online Gratis | AnyConverter","55","Añade una marca de agua de texto a cualquier PDF online de forma gratuita. Elige posición, tamaño de fuente, opacidad y color. Descarga instantánea. Sin registro, 100% en tu navegador.","184","https://anyconverter.io/es/add-watermark/","True","False","index, follow","Offer|Organization|WebApplication"
"https://anyconverter.io/es/age-calculator/","200","13069","Calculadora de Edad Online Gratis | AnyConverter","48","Calcula tu edad exacta en años, meses y días online de forma gratuita. Descubre el total de días vividos y los días hasta tu próximo cumpleaños. Instantáneo, sin registro.","171","https://anyconverter.io/es/age-calculator/","True","False","index, follow","Offer|Organization|WebApplication"
"https://anyconverter.io/es/ascii-art-generator/","200","12801","Generador de Arte ASCII Online Gratis | AnyConverter","52","Genera arte de texto ASCII online gratis. Convierte cualquier texto en letras de bloque ASCII grandes. Elige tu carácter de relleno y escala. Copia y pega en cualquier lugar.","174","https://anyconverter.io/es/ascii-art-generator/","True","False","index, follow","Offer|Organization|WebApplication"
"https://anyconverter.io/es/aspect-ratio-calculator/","200","15031","Calculadora de Relación de Aspecto Online Gratis | AnyConverter","63","Calcula relaciones de aspecto y escala dimensiones manteniendo la proporción. Convierte cualquier par ancho/alto, usa proporciones predefinidas (16:9, 4:3, 1:1) y obtén el resultado al instante.","194","https://anyconverter.io/es/aspect-ratio-calculator/","True","False","index, follow","Offer|Organization|WebApplication"
"https://anyconverter.io/es/base64-encoder/","200","13321","Codificador Base64 Online Gratis | AnyConverter","47","Codifica y decodifica Base64 online gratis. Convierte texto o archivos a Base64 y viceversa. Instantáneo, sin subida al servidor. Compatible con texto Unicode y cualquier tipo de archivo.","187","https://anyconverter.io/es/base64-encoder/","True","False","index, follow","Offer|Organization|WebApplication"
"https://anyconverter.io/es/blog/","200","10975","Blog — Consejos, Guías y Actualizaciones | AnyConverter","55","El blog de AnyConverter. Consejos y guías para usar nuestras herramientas gratuitas en línea, artículos prácticos para desarrolladores y usuarios en general, y novedades del producto.","183","https://anyconverter.io/es/blog/","True","False","index, follow",""
"https://anyconverter.io/es/blood-type-compatibility/","200","12470","Comprobador de Compatibilidad de Grupos Sanguíneos Gratis | AnyConverter","72","Comprueba la compatibilidad de grupos sanguíneos para transfusiones. Descubre a qué tipos puedes donar y de cuáles puedes recibir. Incluye información sobre donante y receptor universal. Herramienta gratuita.","208","https://anyconverter.io/es/blood-type-compatibility/","True","False","index, follow","Offer|Organization|WebApplication"
"https://anyconverter.io/es/bmi-calculator/","200","13692","Calculadora de IMC Online Gratis | AnyConverter","47","Calcula tu Índice de Masa Corporal (IMC) online de forma gratuita. Compatible con métrico (kg/cm) e imperial (lb/in). Obtén tu puntuación IMC y categoría de peso al instante.","174","https://anyconverter.io/es/bmi-calculator/","True","False","index, follow","Offer|Organization|WebApplication"
"https://anyconverter.io/es/browser-info/","200","8936","Visor de Información del Navegador Online Gratis | AnyConverter","63","Ver información detallada sobre tu navegador, sistema operativo, pantalla y hardware online gratis. Nombre del navegador, versión, SO, idioma, resolución, núcleos de CPU y más.","176","https://anyconverter.io/es/browser-info/","True","False","index, follow","Offer|Organization|WebApplication"
"https://anyconverter.io/es/calorie-calculator/","200","16187","Calculadora de Calorías Online Gratis | AnyConverter","52","Calcula tus necesidades calóricas diarias (TDEE) y TMB online gratis. Obtén objetivos calóricos para pérdida o aumento de peso según edad, género, altura, peso y actividad.","172","https://anyconverter.io/es/calorie-calculator/","True","False","index, follow","Offer|Organization|WebApplication"
"https://anyconverter.io/es/character-counter/","200","12330","Contador de Caracteres Online Gratis | AnyConverter","51","Cuenta caracteres, palabras, líneas y bytes en tu texto al instante. Comprueba el límite de caracteres para Twitter/X, LinkedIn, Instagram y otras plataformas. Gratis.","167","https://anyconverter.io/es/character-counter/","True","False","index, follow","Offer|Organization|WebApplication"
"https://anyconverter.io/es/coin-flip/","200","9674","Lanzar Moneda Online Gratis — Cara o Cruz | AnyConverter","56","Lanza una moneda virtual online de forma gratuita. Obtén cara o cruz al instante con animación. Registra el recuento de caras y cruces. Sin registro ni descarga.","161","https://anyconverter.io/es/coin-flip/","True","False","index, follow","Offer|Organization|WebApplication"
"https://anyconverter.io/es/color-converter/","200","14310","Conversor de Colores Online — HEX RGB HSL CMYK Gratis | AnyConverter","68","Convierte colores entre HEX, RGB, HSL, CMYK y HSB online de forma gratuita. Selector de color interactivo con generador de paleta de tonos. Copia al portapapeles al instante.","174","https://anyconverter.io/es/color-converter/","True","False","index, follow","Offer|Organization|WebApplication"
"https://anyconverter.io/es/compare-pdf/","200","11405","Comparar dos PDFs lado a lado Online Gratis | AnyConverter","58","Compara dos documentos PDF lado a lado online de forma gratuita. Navega por las páginas simultáneamente para detectar diferencias visualmente. Sin registro, 100% en tu navegador.","178","https://anyconverter.io/es/compare-pdf/","True","False","index, follow","Offer|Organization|WebApplication"
"https://anyconverter.io/es/compound-interest-calculator/","200","15438","Calculadora de Interés Compuesto Online Gratis | AnyConverter","61","Calcula el crecimiento del interés compuesto online gratis. Introduce el capital inicial, tasa de interés, frecuencia de capitalización y plazo para ver el saldo final y los intereses ganados.","192","https://anyconverter.io/es/compound-interest-calculator/","True","False","index, follow","Offer|Organization|WebApplication"
"https://anyconverter.io/es/contact/","200","11276","Contáctanos — AnyConverter","26","Ponte en contacto con el equipo de AnyConverter. Reporta un error, sugiere una nueva herramienta o haz una pregunta. Leemos y respondemos cada mensaje.","151","https://anyconverter.io/es/contact/","True","False","index, follow",""
"https://anyconverter.io/es/cookies/","200","10080","Política de Cookies — AnyConverter","34","Política de cookies de AnyConverter. Descubre qué cookies utilizamos, por qué las utilizamos y cómo puedes controlarlas o desactivarlas en tu navegador.","152","https://anyconverter.io/es/cookies/","True","False","index, follow",""
"https://anyconverter.io/es/countdown-timer/","200","11034","Temporizador de Cuenta Regresiva Online Gratis | AnyConverter","61","Temporizador gratuito con preajustes de 5, 10 y 25 minutos y 1 hora. Personaliza horas, minutos y segundos. Alerta de audio al terminar. Sin registro.","150","https://anyconverter.io/es/countdown-timer/","True","False","index, follow","Offer|Organization|WebApplication"
"https://anyconverter.io/es/cron-expression-parser/","200","13829","Analizador de Expresiones Cron Online Gratis | AnyConverter","59","Analiza y comprende expresiones cron al instante. Obtén una descripción en español con desglose de campos. Gratis, sin registro.","128","https://anyconverter.io/es/cron-expression-parser/","True","False","index, follow","Offer|Organization|WebApplication"
"https://anyconverter.io/es/crop-pdf/","200","10641","Recortar Páginas PDF Online Gratis | AnyConverter","49","Recorta páginas PDF ajustando los márgenes superior, inferior, izquierdo y derecho en puntos. Elimina bordes o espacios en blanco de cada página al instante en tu navegador. Sin registro.","187","https://anyconverter.io/es/crop-pdf/","True","False","index, follow","Offer|Organization|WebApplication"
"https://anyconverter.io/es/css-gradient-generator/","200","13771","Generador de Gradientes CSS Online Gratis | AnyConverter","56","Crea hermosos gradientes CSS online gratis. Diseña gradientes lineales y radiales con colores y paradas personalizadas. Copia el código CSS listo para usar al instante. Sin registro.","182","https://anyconverter.io/es/css-gradient-generator/","True","False","index, follow","Offer|Organization|WebApplication"
"https://anyconverter.io/es/css-shadow-generator/","200","14510","Generador de Sombras CSS Online Gratis | AnyConverter","53","Diseña visualmente box-shadow y text-shadow de CSS con vista previa en tiempo real. Ajusta desplazamiento, desenfoque, dispersión, color y opacidad. Copia el código CSS al instante. Gratis.","189","https://anyconverter.io/es/css-shadow-generator/","True","False","index, follow","Offer|Organization|WebApplication"
"https://anyconverter.io/es/csv-query/","200","17150","Herramienta de Consulta CSV Online — Ejecuta SQL en Archivos CSV Gratis | AnyConverter","86","Consulta archivos CSV con SQL online de forma gratuita. Sube un CSV y ejecuta SELECT, WHERE, GROUP BY directamente en tu navegador con SQL.js. Exporta resultados como CSV o JSON.","178","https://anyconverter.io/es/csv-query/","True","False","index, follow","Offer|Organization|WebApplication"
"https://anyconverter.io/es/csv-to-sql/","200","16624","Conversor CSV a SQL Online Gratis | AnyConverter","48","Convierte archivos CSV a sentencias SQL INSERT online gratis. Detección automática de tipos de columna. Elige dialecto MySQL, PostgreSQL o SQLite. Genera CREATE TABLE e INSERT al instante.","188","https://anyconverter.io/es/csv-to-sql/","True","False","index, follow","Offer|Organization|WebApplication"
"https://anyconverter.io/es/currency-converter/","200","13763","Conversor de Divisas Online Gratis | AnyConverter","49","Convierte entre más de 150 monedas con tipos de cambio en tiempo real. Gratis, rápido y preciso. Sin registro.","110","https://anyconverter.io/es/currency-converter/","True","False","index, follow","Offer|Organization|WebApplication"
"https://anyconverter.io/es/daily-planner/","200","9917","Planificador Diario Online Gratis | AnyConverter","48","Organiza tu día con un planificador diario online gratuito. Agrega tareas con hora y duración, márcalas al completarlas. Cada día se guarda por separado en tu navegador.","169","https://anyconverter.io/es/daily-planner/","True","False","index, follow","Offer|Organization|WebApplication"
"https://anyconverter.io/es/dead-pixel-checker/","200","10176","Comprobador de Píxeles Muertos Online Gratis | AnyConverter","59","Comprueba tu monitor en busca de píxeles muertos o atascados online gratis. Cicla por colores sólidos en pantalla completa para revelar píxeles defectuosos. Sin software.","170","https://anyconverter.io/es/dead-pixel-checker/","True","False","index, follow","Offer|Organization|WebApplication"
"https://anyconverter.io/es/decision-maker/","200","9215","Tomador de Decisiones Online Gratis — ¿No Puedes Decidir? Déjanos Elegir | AnyConverter","87","¿No puedes elegir entre opciones? Ingrésalas, pulsa el botón y observa el animado Tomador de Decisiones recorrer las opciones antes de elegir una. Gratis, sin registro.","168","https://anyconverter.io/es/decision-maker/","True","False","index, follow","Offer|Organization|WebApplication"
"https://anyconverter.io/es/dice-roller/","200","10634","Lanzador de Dados Online Gratis — d4 d6 d8 d10 d12 d20 | AnyConverter","69","Lanza cualquier dado online de forma gratuita. Soporta d4, d6, d8, d10, d12 y d20. Lanza hasta 20 dados a la vez. Total mostrado con historial de tiradas. Sin registro.","168","https://anyconverter.io/es/dice-roller/","True","False","index, follow","Offer|Organization|WebApplication"
"https://anyconverter.io/es/discount-calculator/","200","15120","Calculadora de Descuentos Online Gratis | AnyConverter","54","Calcula el precio final con descuento, el ahorro en dinero y el precio original desde el precio final. Gratis, instantáneo, sin registro.","137","https://anyconverter.io/es/discount-calculator/","True","False","index, follow","Offer|Organization|WebApplication"
"https://anyconverter.io/es/edit-pdf/","200","13272","Editar PDF Online Gratis — Agregar Texto, Formas y Resaltados | AnyConverter","76","Agrega texto, rectángulos o resaltados a un PDF online de forma gratuita. Especifica la página, posición y estilo, previsualiza la lista y descarga el PDF editado. Sin registro.","177","https://anyconverter.io/es/edit-pdf/","True","False","index, follow","Offer|Organization|WebApplication"
"https://anyconverter.io/es/extract-pdf-pages/","200","9458","Extraer Páginas de PDF Online Gratis | AnyConverter","51","Extrae páginas específicas de un PDF y guárdalas como un nuevo archivo PDF. Ingresa números de página o rangos. Gratis, instantáneo, sin registro, 100% en tu navegador.","168","https://anyconverter.io/es/extract-pdf-pages/","True","False","index, follow","Offer|Organization|WebApplication"
"https://anyconverter.io/es/fancy-text-generator/","200","11606","Generador de Texto Elegante Online Gratis | AnyConverter","56","Genera estilos de texto Unicode elegantes al instante — negrita, cursiva, script, doble trazo, circulado, tachado, al revés y más. Copia y pega en cualquier lugar. Gratis.","171","https://anyconverter.io/es/fancy-text-generator/","True","False","index, follow","Offer|Organization|WebApplication"
"https://anyconverter.io/es/faq/","200","18083","Preguntas Frecuentes — AnyConverter","35","Respuestas a preguntas comunes sobre AnyConverter — herramientas online gratuitas, privacidad de datos, compatibilidad con navegadores, uso sin conexión y más.","159","https://anyconverter.io/es/faq/","True","False","index, follow","Answer|FAQPage|Question"
"https://anyconverter.io/es/gst-vat-calculator/","200","14889","Calculadora de IVA / GST Online Gratis | AnyConverter","53","Calcula el IVA y GST online gratis. Añade o extrae impuestos de cualquier importe. Soporta cualquier tasa de impuesto. Instantáneo y gratuito.","142","https://anyconverter.io/es/gst-vat-calculator/","True","False","index, follow","Offer|Organization|WebApplication"
"https://anyconverter.io/es/habit-tracker/","200","8952","Seguimiento de Hábitos Online Gratis | AnyConverter","51","Controla tus hábitos diarios con un seguidor de hábitos online gratuito. Ve la cuadrícula semanal, tasas de cumplimiento y rachas. Los datos se guardan en tu navegador. Sin registro.","182","https://anyconverter.io/es/habit-tracker/","True","False","index, follow","Offer|Organization|WebApplication"
"https://anyconverter.io/es/hash-generator/","200","13185","Generador de Hash Online — MD5 SHA256 SHA512 Gratis | AnyConverter","66","Genera hashes MD5, SHA-1, SHA-256 y SHA-512 online gratis. Hashea texto o archivos. Rápido, seguro, procesamiento del lado del cliente — tus datos nunca salen de tu navegador.","175","https://anyconverter.io/es/hash-generator/","True","False","index, follow","Offer|Organization|WebApplication"
"https://anyconverter.io/es/html-beautifier/","200","12126","Embellecedor y Minificador HTML Online Gratis | AnyConverter","60","Embellece o minifica código HTML al instante online. Pega tu HTML y obtén salida formateada o minificada en un clic. Gratis, sin registro.","138","https://anyconverter.io/es/html-beautifier/","True","False","index, follow","Offer|Organization|WebApplication"
"https://anyconverter.io/es/html-to-pdf/","200","9772","Convertir HTML a PDF Online Gratis | AnyConverter","49","Convierte código HTML a un documento PDF online gratis. Pega tu HTML, previsualízalo en vivo, elige la orientación y descarga el PDF al instante. Sin registro, 100% en el navegador.","181","https://anyconverter.io/es/html-to-pdf/","True","False","index, follow","Offer|Organization|WebApplication"
"https://anyconverter.io/es/image-compressor/","200","14138","Compresor de Imágenes Online Gratis | AnyConverter","50","Comprime imágenes online de forma gratuita. Reduce el tamaño de archivos PNG, JPG y WebP con calidad ajustable. Sin subir al servidor, todo en tu navegador.","156","https://anyconverter.io/es/image-compressor/","True","False","index, follow","Offer|Organization|WebApplication"
"https://anyconverter.io/es/image-converter/","200","13743","Convertidor de Imágenes Online Gratis — PNG JPG WebP | AnyConverter","67","Convierte imágenes entre PNG, JPG, WebP, AVIF y más. Gratis, sin registro, sin subir archivos al servidor. Conversión instantánea en el navegador con opciones de calidad y tamaño.","179","https://anyconverter.io/es/image-converter/","True","False","index, follow","Offer|Organization|WebApplication"
"https://anyconverter.io/es/internet-speed-test/","200","10128","Prueba de Velocidad de Internet Online Gratis | AnyConverter","60","Prueba la velocidad de tu conexión a internet gratis online. Mide velocidad de descarga, subida y latencia de ping directamente en tu navegador. Sin aplicación ni registro.","172","https://anyconverter.io/es/internet-speed-test/","True","False","index, follow","Offer|Organization|WebApplication"
"https://anyconverter.io/es/invoice-generator/","200","16246","Generador de Facturas Online Gratis | AnyConverter","50","Crea y descarga facturas profesionales en PDF online gratis. Añade líneas de artículos, impuestos, notas y detalles de negocio. Sin registro, sin marca de agua.","160","https://anyconverter.io/es/invoice-generator/","True","False","index, follow","Offer|Organization|WebApplication"
"https://anyconverter.io/es/ip-address-lookup/","200","11408","Búsqueda de Dirección IP Online Gratis | AnyConverter","53","Busca la ubicación, ISP, zona horaria y más de cualquier dirección IP online gratis. Encuentra tu propia IP o busca cualquier dirección IPv4. Resultados instantáneos.","166","https://anyconverter.io/es/ip-address-lookup/","True","False","index, follow","Offer|Organization|WebApplication"
"https://anyconverter.io/es/jpg-to-pdf/","200","10005","Convertir JPG a PDF Online Gratis | AnyConverter","48","Convierte imágenes JPG y PNG a PDF online de forma gratuita. Añade varias imágenes, elige tamaño de página y márgenes, y descarga el PDF al instante. Sin registro, 100% en el navegador.","185","https://anyconverter.io/es/jpg-to-pdf/","True","False","index, follow","Offer|Organization|WebApplication"
"https://anyconverter.io/es/json-formatter/","200","13976","Formateador JSON Online Gratis | AnyConverter","45","Formatea y valida JSON al instante. Herramienta gratuita con resaltado de sintaxis. Todo se procesa en tu navegador — tus datos nunca salen de tu dispositivo.","158","https://anyconverter.io/es/json-formatter/","True","False","index, follow","Offer|Organization|WebApplication"
"https://anyconverter.io/es/json-to-yaml/","200","12040","Convertidor JSON a YAML Online Gratis | AnyConverter","52","Convierte JSON a YAML y YAML a JSON al instante en tu navegador. Pega tus datos y obtén la salida formateada de inmediato. Sin carga al servidor, 100% privado.","159","https://anyconverter.io/es/json-to-yaml/","True","False","index, follow","Offer|Organization|WebApplication"
"https://anyconverter.io/es/jwt-decoder/","200","13810","Decodificador JWT Online Gratis | AnyConverter","46","Decodifica e inspecciona tokens JWT (JSON Web Tokens) online gratis. Ve el encabezado, payload y comprueba la expiración. Completamente seguro — sin servidor.","158","https://anyconverter.io/es/jwt-decoder/","True","False","index, follow","Offer|Organization|WebApplication"
"https://anyconverter.io/es/keyboard-tester/","200","10054","Probador de Teclado Online Gratis | AnyConverter","48","Prueba cada tecla de tu teclado online gratis. Presiona cualquier tecla y mírala iluminarse al instante. Detecta teclas atascadas, que no responden o rotas. Sin descarga.","170","https://anyconverter.io/es/keyboard-tester/","True","False","index, follow","Offer|Organization|WebApplication"
"https://anyconverter.io/es/loan-calculator/","200","14045","Calculadora de Préstamos y EMI Online Gratis | AnyConverter","59","Calcula la cuota mensual EMI, el interés total y el pago total del préstamo online de forma gratuita. Ve el plan de amortización completo. Sin registro, resultados instantáneos.","177","https://anyconverter.io/es/loan-calculator/","True","False","index, follow","Offer|Organization|WebApplication"
"https://anyconverter.io/es/lorem-ipsum-generator/","200","12761","Generador de Lorem Ipsum Online Gratis | AnyConverter","53","Genera texto de relleno Lorem Ipsum online gratis. Elige párrafos, oraciones o palabras. Opcionalmente empieza con el clásico &quot;Lorem ipsum&quot;. Copia al instante.","169","https://anyconverter.io/es/lorem-ipsum-generator/","True","False","index, follow","Offer|Organization|WebApplication"
"https://anyconverter.io/es/markdown-html/","200","12882","Conversor de Markdown a HTML Online Gratis | AnyConverter","57","Convierte Markdown a HTML online de forma gratuita. Vista previa en vivo con salida renderizada y vista del código HTML. Soporta GitHub Flavored Markdown. Sin registro.","168","https://anyconverter.io/es/markdown-html/","True","False","index, follow","Offer|Organization|WebApplication"
"https://anyconverter.io/es/meeting-timer/","200","10741","Temporizador de Reuniones Online Gratis — Agenda con Tiempo | AnyConverter","74","Mantén tus reuniones en orden con un temporizador gratuito en línea. Añade puntos del orden del día con duración, inicia el cronómetro y avanza automáticamente entre temas. Sin registro.","186","https://anyconverter.io/es/meeting-timer/","True","False","index, follow","Offer|Organization|WebApplication"
"https://anyconverter.io/es/microphone-tester/","200","9875","Probador de Micrófono Online Gratis | AnyConverter","50","Prueba tu micrófono online gratis. Ve los niveles de audio en tiempo real, comprueba si tu micrófono funciona y ve la información del dispositivo. Sin descarga de software.","172","https://anyconverter.io/es/microphone-tester/","True","False","index, follow","Offer|Organization|WebApplication"
"https://anyconverter.io/es/monitor-color-test/","200","9861","Prueba de Color del Monitor Online Gratis | AnyConverter","56","Prueba la precisión de color, degradados, nitidez y uniformidad de tu monitor gratis online. 8 patrones de prueba a pantalla completa. Sin descarga de software.","160","https://anyconverter.io/es/monitor-color-test/","True","False","index, follow","Offer|Organization|WebApplication"
"https://anyconverter.io/es/morse-code-converter/","200","11994","Convertidor de Código Morse Online Gratis | AnyConverter","56","Convierte texto a código Morse y código Morse a texto online gratis. Soporta letras, dígitos y puntuación común. Conversión bidireccional instantánea. Sin registro.","164","https://anyconverter.io/es/morse-code-converter/","True","False","index, follow","Offer|Organization|WebApplication"
"https://anyconverter.io/es/mortgage-calculator/","200","14539","Calculadora de Hipoteca Online Gratis | AnyConverter","52","Calcula tu cuota mensual de hipoteca, el interés total pagado y el coste total del préstamo. Gratis, instantáneo y sin registro.","128","https://anyconverter.io/es/mortgage-calculator/","True","False","index, follow","Offer|Organization|WebApplication"
"https://anyconverter.io/es/mouse-tester/","200","10790","Probador de Ratón Online Gratis | AnyConverter","46","Prueba los botones, la rueda de desplazamiento y el seguimiento del puntero de tu ratón online gratis. Comprueba el clic izquierdo, derecho y medio. Sin descarga.","162","https://anyconverter.io/es/mouse-tester/","True","False","index, follow","Offer|Organization|WebApplication"
"https://anyconverter.io/es/number-to-words/","200","11878","Convertidor de Números a Palabras Online Gratis | AnyConverter","62","Convierte cualquier número a palabras en inglés online gratis. Soporta números hasta billones, números negativos y muestra la forma ordinal. Instantáneo.","153","https://anyconverter.io/es/number-to-words/","True","False","index, follow","Offer|Organization|WebApplication"
"https://anyconverter.io/es/ocr-pdf/","200","10591","OCR PDF — Extraer Texto de PDF Escaneado Online Gratis | AnyConverter","69","Extrae texto de PDFs escaneados o imágenes mediante OCR en línea de forma gratuita. Compatible con español, inglés, francés, alemán y más. Copia el texto al instante. Sin registro.","180","https://anyconverter.io/es/ocr-pdf/","True","False","index, follow","Offer|Organization|WebApplication"
"https://anyconverter.io/es/optimize-pdf/","200","9363","Optimizar y Comprimir PDF Online Gratis | AnyConverter","54","Reduce el tamaño de tu PDF en línea de forma gratuita optimizando su estructura. Elimina objetos no utilizados y metadatos opcionales. Descarga el PDF reducido al instante. Sin registro.","186","https://anyconverter.io/es/optimize-pdf/","True","False","index, follow","Offer|Organization|WebApplication"
"https://anyconverter.io/es/organize-pdf/","200","9738","Organizar Páginas de PDF Online Gratis | AnyConverter","53","Reordena las páginas de un PDF en cualquier orden en línea de forma gratuita. Introduce la nueva secuencia de páginas y descarga el PDF reorganizado al instante. Sin registro, 100% en tu navegador.","197","https://anyconverter.io/es/organize-pdf/","True","False","index, follow","Offer|Organization|WebApplication"
"https://anyconverter.io/es/password-generator/","200","13333","Generador de Contraseñas Online Gratis | AnyConverter","53","Genera contraseñas aleatorias fuertes y seguras online de forma gratuita. Personaliza la longitud y los tipos de caracteres. Sin registro, 100% en tu navegador.","160","https://anyconverter.io/es/password-generator/","True","False","index, follow","Offer|Organization|WebApplication"
"https://anyconverter.io/es/password-strength-checker/","200","12885","Comprobador de Fortaleza de Contraseña Online Gratis | AnyConverter","67","Comprueba al instante qué tan segura es tu contraseña online. Obtén retroalimentación en tiempo real sobre longitud, mayúsculas, números y caracteres especiales. Gratis.","169","https://anyconverter.io/es/password-strength-checker/","True","False","index, follow","Offer|Organization|WebApplication"
"https://anyconverter.io/es/pdf-compress/","200","12614","Comprimir PDF Online Gratis — Reducir Tamaño | AnyConverter","59","Comprime archivos PDF online y reduce su tamaño sin perder calidad. Herramienta gratuita de compresión de PDF. Elige el nivel de compresión. 100% seguro y privado.","163","https://anyconverter.io/es/pdf-compress/","True","False","index, follow","Offer|Organization|WebApplication"
"https://anyconverter.io/es/pdf-forms/","200","9722","Rellenar Formularios PDF Online Gratis | AnyConverter","53","Rellena campos de formularios PDF en línea de forma gratuita. Sube un PDF rellenable, introduce valores en campos de texto, casillas de verificación y listas desplegables, y descarga el formulario completado. Sin registro.","222","https://anyconverter.io/es/pdf-forms/","True","False","index, follow","Offer|Organization|WebApplication"
"https://anyconverter.io/es/pdf-merge/","200","12763","Unir PDF Online Gratis — Combinar Archivos PDF | AnyConverter","61","Combina varios archivos PDF en uno solo de forma gratuita. Arrastra, reordena y fusiona PDFs en segundos. Sin registro. Procesamiento seguro en tu navegador.","157","https://anyconverter.io/es/pdf-merge/","True","False","index, follow","Offer|Organization|WebApplication"
"https://anyconverter.io/es/pdf-security/","200","11441","Seguridad PDF — Establecer Permisos Online Gratis | AnyConverter","64","Establece permisos en un PDF en línea: restringe la impresión, copia, edición y anotaciones. Añade una contraseña de propietario con control de acceso detallado. Gratis, en el navegador, sin registro.","200","https://anyconverter.io/es/pdf-security/","True","False","index, follow","Offer|Organization|WebApplication"
"https://anyconverter.io/es/pdf-split/","200","13880","Dividir PDF Online — Extraer Páginas Gratis | AnyConverter","58","Divide un PDF en varios archivos o extrae páginas concretas en línea de forma gratuita. Sin software necesario. Elige rangos de páginas o divide cada N páginas. Procesamiento seguro en el navegador.","198","https://anyconverter.io/es/pdf-split/","True","False","index, follow","Offer|Organization|WebApplication"
"https://anyconverter.io/es/pdf-to-jpg/","200","10982","Convertidor PDF a JPG Online Gratis | AnyConverter","50","Convierte páginas de PDF a imágenes JPG en línea de forma gratuita. Elige la escala de resolución y calidad. Previsualiza miniaturas y descarga todas las imágenes al instante. Sin registro, 100% en el navegador.","211","https://anyconverter.io/es/pdf-to-jpg/","True","False","index, follow","Offer|Organization|WebApplication"
"https://anyconverter.io/es/percentage-calculator/","200","16058","Calculadora de Porcentajes Online Gratis | AnyConverter","55","Calcula porcentajes online gratis. Encuentra X% de Y, qué porcentaje es X de Y, cambio porcentual y aumentar o reducir por un porcentaje. Instantáneo, sin registro.","164","https://anyconverter.io/es/percentage-calculator/","True","False","index, follow","Offer|Organization|WebApplication"
"https://anyconverter.io/es/pomodoro-timer/","200","12736","Temporizador Pomodoro Online Gratis | AnyConverter","50","Usa la técnica Pomodoro online gratis. Sesiones de trabajo de 25 minutos con descansos cortos de 5 minutos y largos de 15. Notificaciones del navegador, contador de sesiones.","174","https://anyconverter.io/es/pomodoro-timer/","True","False","index, follow","Offer|Organization|WebApplication"
"https://anyconverter.io/es/press/","200","12562","Kit de Prensa — AnyConverter","28","Kit de prensa de AnyConverter. Recursos de marca, datos de la empresa, estadísticas clave e información de contacto para periodistas y bloggers.","144","https://anyconverter.io/es/press/","True","False","index, follow",""
"https://anyconverter.io/es/privacy-policy-generator/","200","12967","Generador de Política de Privacidad Online Gratis | AnyConverter","64","Genera una política de privacidad gratuita para tu sitio web o aplicación en segundos. Personaliza nombre, correo, tipos de datos y jurisdicción. Sin registro requerido.","169","https://anyconverter.io/es/privacy-policy-generator/","True","False","index, follow","Offer|Organization|WebApplication"
"https://anyconverter.io/es/privacy/","200","12358","Política de Privacidad — AnyConverter","37","Política de privacidad de AnyConverter. Descubre qué datos recopilamos, cómo los usamos y por qué tus archivos y textos nunca se suben a nuestros servidores.","157","https://anyconverter.io/es/privacy/","True","False","index, follow",""
"https://anyconverter.io/es/protect-pdf/","200","9990","Proteger PDF con Contraseña Online Gratis | AnyConverter","56","Protege con contraseña un archivo PDF online de forma gratuita. Establece una contraseña de usuario para evitar aperturas no autorizadas. Rápido, privado y 100% en tu navegador. Sin registro.","191","https://anyconverter.io/es/protect-pdf/","True","False","index, follow","Offer|Organization|WebApplication"
"https://anyconverter.io/es/px-to-rem/","200","12615","Convertidor de PX a REM Online Gratis | AnyConverter","52","Convierte valores de píxeles a REM y de REM a píxeles al instante. Establece un tamaño de fuente base personalizado. Incluye tabla de referencia completa. Gratis, sin registro.","176","https://anyconverter.io/es/px-to-rem/","True","False","index, follow","Offer|Organization|WebApplication"
"https://anyconverter.io/es/qr-code-generator/","200","13534","Generador de Códigos QR Online Gratis | AnyConverter","52","Genera códigos QR online de forma gratuita. Introduce cualquier texto o URL y crea al instante una imagen QR descargable. Sin registro, 100% en tu navegador.","157","https://anyconverter.io/es/qr-code-generator/","True","False","index, follow","Offer|Organization|WebApplication"
"https://anyconverter.io/es/random-number-generator/","200","13725","Generador de Números Aleatorios Online Gratis | AnyConverter","60","Genera números aleatorios online gratis. Establece el rango mínimo/máximo, genera múltiples números, activa el modo sin duplicados. Usa valores aleatorios criptográficamente seguros.","182","https://anyconverter.io/es/random-number-generator/","True","False","index, follow","Offer|Organization|WebApplication"
"https://anyconverter.io/es/random-picker/","200","9975","Selector Aleatorio Online Gratis — Elige Elementos al Azar | AnyConverter","73","Selecciona elementos aleatorios de una lista de forma gratuita. Pega tus elementos separados por líneas o comas, elige cuántos seleccionar y obtén resultados al instante. Sin registro.","184","https://anyconverter.io/es/random-picker/","True","False","index, follow","Offer|Organization|WebApplication"
"https://anyconverter.io/es/redact-pdf/","200","11550","Redactar PDF Online Gratis | AnyConverter","41","Redacta información sensible de un PDF cubriéndola con rectángulos negros. Introduce el número de página y las coordenadas, añade múltiples redacciones y descarga. Sin registro.","177","https://anyconverter.io/es/redact-pdf/","True","False","index, follow","Offer|Organization|WebApplication"
"https://anyconverter.io/es/regex-tester/","200","13353","Probador de Expresiones Regulares Online Gratis | AnyConverter","62","Prueba expresiones regulares online con resaltado de coincidencias en tiempo real. Herramienta gratuita que soporta todos los flags de regex JavaScript. Ve coincidencias, grupos e índices al instante.","200","https://anyconverter.io/es/regex-tester/","True","False","index, follow","Offer|Organization|WebApplication"
"https://anyconverter.io/es/remove-pdf-pages/","200","9321","Eliminar Páginas de PDF Online Gratis | AnyConverter","52","Elimina páginas específicas de un PDF de forma gratuita. Introduce números de página o rangos (ej. 2, 4-6) y descarga el PDF limpio al instante. Sin carga a servidores.","168","https://anyconverter.io/es/remove-pdf-pages/","True","False","index, follow","Offer|Organization|WebApplication"
"https://anyconverter.io/es/roman-numeral-converter/","200","12028","Convertidor de Números Romanos Online Gratis | AnyConverter","59","Convierte números a numerales romanos y numerales romanos de vuelta a números. Admite del 1 al 3.999.999 con notación vinculum. Convertidor gratuito de números romanos sin registro.","181","https://anyconverter.io/es/roman-numeral-converter/","True","False","index, follow","Offer|Organization|WebApplication"
"https://anyconverter.io/es/rotate-pdf/","200","10237","Rotar Páginas de PDF Online Gratis | AnyConverter","49","Rota páginas de PDF 90, 180 o 270 grados de forma gratuita. Elige todas las páginas o páginas específicas. Descarga el PDF rotado al instante. Sin registro requerido.","166","https://anyconverter.io/es/rotate-pdf/","True","False","index, follow","Offer|Organization|WebApplication"
"https://anyconverter.io/es/scan-to-pdf/","200","9784","Escanear a PDF — Imágenes a PDF Online Gratis | AnyConverter","60","Combina imágenes escaneadas o fotos en un PDF de forma gratuita. Añade varios archivos JPG o PNG, elige el tamaño de página y descarga el PDF al instante. Sin registro requerido.","178","https://anyconverter.io/es/scan-to-pdf/","True","False","index, follow","Offer|Organization|WebApplication"
"https://anyconverter.io/es/screen-resolution/","200","9866","Comprobador de Resolución de Pantalla Online Gratis | AnyConverter","66","Detecta al instante tu resolución de pantalla, tamaño del viewport, ratio de píxeles del dispositivo, profundidad de color y orientación. Herramienta gratuita online.","166","https://anyconverter.io/es/screen-resolution/","True","False","index, follow","Offer|Organization|WebApplication"
"https://anyconverter.io/es/security/","200","9983","Seguridad — AnyConverter","24","Descubre cómo AnyConverter protege tus datos. Todas las herramientas se ejecutan en tu navegador — tus archivos nunca abandonan tu dispositivo. Lee sobre nuestras prácticas de seguridad y política de divulgación responsable.","224","https://anyconverter.io/es/security/","True","False","index, follow",""
"https://anyconverter.io/es/sign-pdf/","200","10902","Firmar PDF Online Gratis | AnyConverter","39","Dibuja tu firma e incrústala en un PDF online de forma gratuita. Elige la página, tamaño y posición, luego descarga el PDF firmado al instante. Sin registro, 100% en el navegador.","179","https://anyconverter.io/es/sign-pdf/","True","False","index, follow","Offer|Organization|WebApplication"
"https://anyconverter.io/es/sleep-calculator/","200","11686","Calculadora de Sueño Online Gratis | AnyConverter","49","Calcula el mejor momento para despertarte o acostarte basado en ciclos de sueño de 90 minutos. Calculadora de sueño gratuita para despertarte descansado. Sin registro.","167","https://anyconverter.io/es/sleep-calculator/","True","False","index, follow","Offer|Organization|WebApplication"
"https://anyconverter.io/es/spin-the-wheel/","200","8861","Girar la Ruleta — Decisor Aleatorio Online Gratis | AnyConverter","64","Gira una ruleta personalizable para tomar decisiones aleatorias online gratis. Añade tus propias opciones, gira y deja que el azar decida. Sin descargas ni registro.","165","https://anyconverter.io/es/spin-the-wheel/","True","False","index, follow","Offer|Organization|WebApplication"
"https://anyconverter.io/es/sticky-notes/","200","8770","Notas Adhesivas Online Gratis | AnyConverter","44","Crea notas adhesivas de colores online gratis. Las notas se guardan automáticamente en tu navegador. Elige entre 6 colores, edita al instante y elimina cuando quieras. Sin registro.","181","https://anyconverter.io/es/sticky-notes/","True","False","index, follow","Offer|Organization|WebApplication"
"https://anyconverter.io/es/stopwatch/","200","9104","Cronómetro Online Gratis | AnyConverter","39","Cronómetro online gratuito con temporizador de vueltas. Inicia, pausa, reanuda y registra tiempos de vuelta al instante en tu navegador. Sin descargas ni registro.","163","https://anyconverter.io/es/stopwatch/","True","False","index, follow","Offer|Organization|WebApplication"
"https://anyconverter.io/es/team-picker/","200","9687","Selector de Equipos Online Gratis — Dividir Personas en Equipos Aleatorios | AnyConverter","89","Divide aleatoriamente una lista de personas en equipos iguales online gratis. Introduce los nombres, elige el número de equipos y obtén tarjetas de equipo codificadas por colores al instante. Sin registro.","205","https://anyconverter.io/es/team-picker/","True","False","index, follow","Offer|Organization|WebApplication"
"https://anyconverter.io/es/terms/","200","9775","Términos de Servicio — AnyConverter","35","Lee los Términos de Servicio de AnyConverter. Al usar nuestras herramientas gratuitas en línea, aceptas estos términos que cubren el uso aceptable, las exenciones de responsabilidad y las limitaciones de responsabilidad.","220","https://anyconverter.io/es/terms/","True","False","index, follow",""
"https://anyconverter.io/es/text-case-converter/","200","14027","Conversor de Mayúsculas y Minúsculas Online Gratis | AnyConverter","65","Convierte texto entre MAYÚSCULAS, minúsculas, Formato Título, camelCase, snake_case, kebab-case y más. Conversor de formato de texto online gratuito, resultados instantáneos.","174","https://anyconverter.io/es/text-case-converter/","True","False","index, follow","Offer|Organization|WebApplication"
"https://anyconverter.io/es/text-diff-checker/","200","13341","Comparador de Texto Online Gratis | AnyConverter","48","Compara dos textos y encuentra las diferencias online gratis. Resalta líneas añadidas, eliminadas y sin cambios con una vista diff a color. Sin registro, 100% en tu navegador.","175","https://anyconverter.io/es/text-diff-checker/","True","False","index, follow","Offer|Organization|WebApplication"
"https://anyconverter.io/es/text-repeater/","200","11591","Repetidor de Texto Online Gratis | AnyConverter","47","Repite cualquier texto múltiples veces al instante. Establece un separador personalizado, el número de repeticiones y saltos de línea. Gratis, sin registro, funciona en tu navegador.","182","https://anyconverter.io/es/text-repeater/","True","False","index, follow","Offer|Organization|WebApplication"
"https://anyconverter.io/es/timestamp-converter/","200","13723","Convertidor de Timestamp Unix Online — Gratis | AnyConverter","60","Convierte timestamps Unix a fechas legibles y viceversa. Convertidor de timestamp gratuito compatible con UTC, hora local y cualquier zona horaria. Conversión instantánea.","171","https://anyconverter.io/es/timestamp-converter/","True","False","index, follow","Offer|Organization|WebApplication"
"https://anyconverter.io/es/tip-calculator/","200","13915","Calculadora de Propinas Online Gratis | AnyConverter","52","Calcula la propina y divide la cuenta entre varias personas online gratis. Introduce el importe, el porcentaje de propina y el número de personas al instante.","158","https://anyconverter.io/es/tip-calculator/","True","False","index, follow","Offer|Organization|WebApplication"
"https://anyconverter.io/es/todo-list/","200","9979","Lista de Tareas Online Gratis | AnyConverter","44","Lista de tareas online gratuita que se guarda en tu navegador. Añade tareas, márcalas como completadas, filtra por estado y elimina las terminadas. Sin cuenta, funciona sin conexión.","182","https://anyconverter.io/es/todo-list/","True","False","index, follow","Offer|Organization|WebApplication"
"https://anyconverter.io/es/typing-speed-test/","200","14583","Prueba de Velocidad de Escritura Online Gratis | AnyConverter","61","Prueba tu velocidad de escritura y precisión online gratis. Obtén tu puntuación en PPM con niveles de dificultad fácil, medio y difícil. Sin registro, resultados instantáneos.","175","https://anyconverter.io/es/typing-speed-test/","True","False","index, follow","Offer|Organization|WebApplication"
"https://anyconverter.io/es/unlock-pdf/","200","9642","Desbloquear PDF — Eliminar Contraseña Online Gratis | AnyConverter","66","Elimina la contraseña de un PDF online gratis. Introduce la contraseña actual para desbloquearlo y descarga una copia sin restricciones. 100% en el navegador, sin registro.","172","https://anyconverter.io/es/unlock-pdf/","True","False","index, follow","Offer|Organization|WebApplication"
"https://anyconverter.io/es/url-encoder/","200","11941","Codificador URL Online Gratis | AnyConverter","44","Codifica o decodifica URLs y parámetros de consulta online gratis. Codificador URL con codificación porcentual. Codifica componentes o URLs completas al instante en tu navegador.","178","https://anyconverter.io/es/url-encoder/","True","False","index, follow","Offer|Organization|WebApplication"
"https://anyconverter.io/es/uuid-generator/","200","13390","Generador de UUID Online Gratis | AnyConverter","46","Genera UUIDs v4 (GUIDs) online gratis. Crea hasta 100 identificadores únicos a la vez en formato mayúsculas o minúsculas. Usa aleatoriedad criptográficamente segura.","165","https://anyconverter.io/es/uuid-generator/","True","False","index, follow","Offer|Organization|WebApplication"
"https://anyconverter.io/es/viewport-size/","200","10881","Comprobador de Tamaño de Ventana Online Gratis | AnyConverter","61","Comprueba las dimensiones de tu ventana del navegador, resolución de pantalla, relación de píxeles del dispositivo, orientación y punto de quiebre CSS al instante. Se actualiza en vivo.","185","https://anyconverter.io/es/viewport-size/","True","False","index, follow","Offer|Organization|WebApplication"
"https://anyconverter.io/es/webcam-tester/","200","9448","Probador de Webcam Online Gratis | AnyConverter","47","Prueba tu webcam online gratis. Comprueba si tu cámara funciona, ve la transmisión en vivo, resolución e info del dispositivo, y toma una captura. Sin registro.","160","https://anyconverter.io/es/webcam-tester/","True","False","index, follow","Offer|Organization|WebApplication"
"https://anyconverter.io/es/word-counter/","200","12508","Contador de Palabras Online Gratis | AnyConverter","49","Cuenta palabras, caracteres, frases y párrafos en tiempo real. Obtén el tiempo de lectura estimado para tu texto. Contador de palabras online gratuito, sin registro.","165","https://anyconverter.io/es/word-counter/","True","False","index, follow","Offer|Organization|WebApplication"
"https://anyconverter.io/es/xml-formatter/","200","11815","Formateador XML Online Gratis | AnyConverter","44","Formatea y valida XML online gratis. Embellece o minimiza XML al instante con detección de errores. Sin subida de archivos — procesamiento 100% en el navegador.","160","https://anyconverter.io/es/xml-formatter/","True","False","index, follow","Offer|Organization|WebApplication"
"https://anyconverter.io/da/","200","19610","Gratis Online Konverteringsværktøjer — JSON, PDF, Billede | AnyConverter","72","AnyConverter tilbyder 35+ gratis online værktøjer. Formater JSON, beregn økonomi, generer QR-koder, konverter valuta og mere. Ingen tilmelding, 100% privat, kører i din browser.","177","https://anyconverter.io/da/","True","False","index, follow","WebSite"
"https://anyconverter.io/da/about/","200","10447","Om Os — AnyConverter | Gratis Online Værktøjer","46","AnyConverter tilbyder 78+ gratis online værktøjer til udviklere, studerende og almindelige brugere. Ingen tilmelding, ingen uploads — alt kører 100% i din browser.","163","https://anyconverter.io/da/about/","True","False","index, follow","AboutPage|Organization"
"https://anyconverter.io/da/add-page-numbers/","200","10950","Tilføj Sidetal til PDF Online Gratis | AnyConverter","51","Tilføj sidetal til en hvilken som helst PDF online gratis. Vælg placering, skriftstørrelse, startnummer og præfiks. Øjeblikkelig download. Ingen tilmelding, 100% i din browser.","176","https://anyconverter.io/da/add-page-numbers/","True","False","index, follow","Offer|Organization|WebApplication"
"https://anyconverter.io/da/add-watermark/","200","10998","Tilføj Vandmærke til PDF Online Gratis | AnyConverter","53","Tilføj et tekstvandmærke til en hvilken som helst PDF online gratis. Vælg placering, skriftstørrelse, gennemsigtighed og farve. Øjeblikkelig download. Ingen tilmelding, 100% i din browser.","188","https://anyconverter.io/da/add-watermark/","True","False","index, follow","Offer|Organization|WebApplication"
"https://anyconverter.io/da/age-calculator/","200","12739","Aldersberegner Online Gratis | AnyConverter","43","Beregn din nøjagtige alder i år, måneder og dage online gratis. Find det samlede antal dage du har levet og dage til din næste fødselsdag. Øjeblikkeligt.","153","https://anyconverter.io/da/age-calculator/","True","False","index, follow","Offer|Organization|WebApplication"
"https://anyconverter.io/da/ascii-art-generator/","200","12416","ASCII Kunst Generator Online Gratis | AnyConverter","50","Generer ASCII-kunst tekst online gratis. Konverter enhver tekst til store blokbogstav ASCII-kunst. Vælg dit fyldtegn og skala. Kopiér og indsæt overalt.","152","https://anyconverter.io/da/ascii-art-generator/","True","False","index, follow","Offer|Organization|WebApplication"
"https://anyconverter.io/da/aspect-ratio-calculator/","200","14809","Billedforholdsberegner Online Gratis | AnyConverter","51","Beregn billedforhold og skaler dimensioner, mens du bevarer forholdet. Konverter ethvert bredde/højde-par, brug forudindstillede forhold (16:9, 4:3, 1:1) og få det skalerede resultat øjeblikkeligt.","197","https://anyconverter.io/da/aspect-ratio-calculator/","True","False","index, follow","Offer|Organization|WebApplication"
"https://anyconverter.io/da/base64-encoder/","200","13133","Base64 Encoder og Decoder Online Gratis | AnyConverter","54","Kodér og dekodér Base64 online gratis. Konverter tekst eller filer til Base64 og tilbage. Øjeblikkeligt, ingen serverupload. Understøtter Unicode-tekst og alle filtyper.","169","https://anyconverter.io/da/base64-encoder/","True","False","index, follow","Offer|Organization|WebApplication"
"https://anyconverter.io/da/blog/","200","10625","Blog — Tips, Guides og Opdateringer | AnyConverter","50","AnyConverter-bloggen. Tips og guides til brug af vores gratis onlineværktøjer, vejledningsartikler til udviklere og hverdagsbrugere samt produktopdateringer.","157","https://anyconverter.io/da/blog/","True","False","index, follow",""
"https://anyconverter.io/da/blood-type-compatibility/","200","12056","Blodtypekompatibilitetstjekker Online Gratis | AnyConverter","59","Tjek blodtypekompatibilitet til blodtransfusioner. Se hvilke blodtyper du kan donere til og modtage fra. Inkluderer universal donor og modtager info. Gratis online værktøj.","172","https://anyconverter.io/da/blood-type-compatibility/","True","False","index, follow","Offer|Organization|WebApplication"
"https://anyconverter.io/da/bmi-calculator/","200","13368","BMI Beregner Online Gratis | AnyConverter","41","Beregn dit Body Mass Index (BMI) online gratis. Understøtter metrisk (kg/cm) og britisk (lb/in). Få din BMI-score og vægtkategori øjeblikkeligt.","144","https://anyconverter.io/da/bmi-calculator/","True","False","index, follow","Offer|Organization|WebApplication"
"https://anyconverter.io/da/browser-info/","200","8674","Browser Info Fremviser Online Gratis | AnyConverter","51","Se detaljerede oplysninger om din browser, OS, skærm og hardware online gratis. Browsernavn, version, OS, sprog, skærmopløsning, CPU-kerner og mere end 20 detaljer.","164","https://anyconverter.io/da/browser-info/","True","False","index, follow","Offer|Organization|WebApplication"
"https://anyconverter.io/da/calorie-calculator/","200","15656","Kaloriebehov Beregner Online Gratis | AnyConverter","50","Beregn dit daglige kaloriebehov (TDEE) baseret på alder, vægt, højde og aktivitetsniveau. Brug Mifflin-St Jeor-formlen. Gratis online.","134","https://anyconverter.io/da/calorie-calculator/","True","False","index, follow","Offer|Organization|WebApplication"
"https://anyconverter.io/da/character-counter/","200","11794","Tegntæller Online Gratis | AnyConverter","39","Tæl tegn, ord, linjer og bytes i din tekst øjeblikkeligt. Tjek tegngrænser for Twitter/X, LinkedIn, Instagram og andre platforme i realtid. Gratis online tegntæller.","165","https://anyconverter.io/da/character-counter/","True","False","index, follow","Offer|Organization|WebApplication"
"https://anyconverter.io/da/coin-flip/","200","9467","Møntskast Online Gratis — Plat eller Krone | AnyConverter","57","Kast en virtuel mønt online gratis. Få plat eller krone øjeblikkeligt med en kasseanimation. Registrerer dit antal plat og krone. Ingen tilmelding eller download nødvendig.","172","https://anyconverter.io/da/coin-flip/","True","False","index, follow","Offer|Organization|WebApplication"
"https://anyconverter.io/da/color-converter/","200","14019","Farvekonverter Online — HEX RGB HSL CMYK Gratis | AnyConverter","62","Konverter farver mellem HEX, RGB, HSL, CMYK og HSB online gratis. Interaktiv farvevælger med skyggepalette-generator. Kopiér til udklipsholder øjeblikkeligt.","157","https://anyconverter.io/da/color-converter/","True","False","index, follow","Offer|Organization|WebApplication"
"https://anyconverter.io/da/compare-pdf/","200","11272","Sammenlign to PDF'er Side om Side Online Gratis | AnyConverter","62","Sammenlign to PDF-dokumenter side om side online gratis. Naviger gennem sider samtidigt for at spotte forskelle visuelt. Ingen tilmelding, 100% browserbaseret med PDF.js.","170","https://anyconverter.io/da/compare-pdf/","True","False","index, follow","Offer|Organization|WebApplication"
"https://anyconverter.io/da/compound-interest-calculator/","200","14688","Renters Rente Beregner Online Gratis | AnyConverter","51","Beregn renters rente vækst online gratis. Indtast startbeløb, rentesats, kapitaliseringsfrekvens og løbetid for at se slutbeløbet og tjente renter. Øjeblikkeligt.","162","https://anyconverter.io/da/compound-interest-calculator/","True","False","index, follow","Offer|Organization|WebApplication"
"https://anyconverter.io/da/contact/","200","11055","Kontakt Os — AnyConverter","25","Kontakt AnyConverter-teamet. Rapporter en fejl, foreslå et nyt værktøj, eller stil et spørgsmål. Vi læser og svarer på hver eneste besked.","138","https://anyconverter.io/da/contact/","True","False","index, follow",""
"https://anyconverter.io/da/cookies/","200","9720","Cookiepolitik — AnyConverter","28","AnyConverters cookiepolitik. Lær hvilke cookies vi bruger, hvorfor vi bruger dem, og hvordan du kan styre eller deaktivere dem i din browser.","141","https://anyconverter.io/da/cookies/","True","False","index, follow",""
"https://anyconverter.io/da/countdown-timer/","200","10770","Nedtællingstimer Online Gratis | AnyConverter","45","Gratis online nedtællingstimer med forudindstillinger for 5, 10, 25 minutter og 1 time. Angiv tilpassede timer, minutter og sekunder. Lydalarm når tiden er gået. Ingen tilmelding.","179","https://anyconverter.io/da/countdown-timer/","True","False","index, follow","Offer|Organization|WebApplication"
"https://anyconverter.io/da/cron-expression-parser/","200","13633","Cron Udtryks Parser Online Gratis | AnyConverter","48","Parse og forstå cron-udtryk øjeblikkeligt online. Få en letlæselig beskrivelse af enhver cron-plan med feltinddeling. Gratis, ingen tilmelding.","143","https://anyconverter.io/da/cron-expression-parser/","True","False","index, follow","Offer|Organization|WebApplication"
"https://anyconverter.io/da/crop-pdf/","200","10465","Beskær PDF-sider Online Gratis | AnyConverter","45","Beskær PDF-sider ved at angive top, bund, venstre og højre margener i punkter. Fjern rammer eller tomrum fra hver side øjeblikkeligt i din browser. Ingen tilmelding nødvendig.","175","https://anyconverter.io/da/crop-pdf/","True","False","index, follow","Offer|Organization|WebApplication"
"https://anyconverter.io/da/css-gradient-generator/","200","13530","CSS Gradient Generator Online Gratis | AnyConverter","51","Opret smukke CSS-gradienter online gratis. Design lineære og radiale gradienter med tilpassede farver og stop. Kopier den klar-til-brug CSS-kode øjeblikkeligt. Ingen tilmelding.","177","https://anyconverter.io/da/css-gradient-generator/","True","False","index, follow","Offer|Organization|WebApplication"
"https://anyconverter.io/da/css-shadow-generator/","200","14298","CSS Skygge Generator Online Gratis | AnyConverter","49","Design CSS box-shadow og text-shadow visuelt med live forhåndsvisning. Juster offset, sløring, spredning, farve og gennemsigtighed. Kopiér CSS-koden øjeblikkeligt. Gratis, ingen tilmelding.","189","https://anyconverter.io/da/css-shadow-generator/","True","False","index, follow","Offer|Organization|WebApplication"
"https://anyconverter.io/da/csv-query/","200","16802","CSV-forespørgselsværktøj Online — Kør SQL på CSV-filer Gratis | AnyConverter","76","Forespørg CSV-filer med SQL online gratis. Upload en CSV og kør SELECT, WHERE, GROUP BY direkte i din browser med SQL.js. Eksporter resultater som CSV eller JSON.","162","https://anyconverter.io/da/csv-query/","True","False","index, follow","Offer|Organization|WebApplication"
"https://anyconverter.io/da/csv-to-sql/","200","16420","CSV til SQL Konverter Online Gratis | AnyConverter","50","Konverter CSV-filer til SQL INSERT-sætninger online gratis. Auto-detekter kolonnetyper, vælg MySQL, PostgreSQL eller SQLite-dialekt. Generer CREATE TABLE og INSERT øjeblikkeligt.","178","https://anyconverter.io/da/csv-to-sql/","True","False","index, follow","Offer|Organization|WebApplication"
"https://anyconverter.io/da/currency-converter/","200","13592","Valutaomregner Online Gratis | AnyConverter","43","Omregn mellem over 150 valutaer med realtids valutakurser online gratis. Hurtigt, præcist og nemt. Ingen tilmelding nødvendig.","126","https://anyconverter.io/da/currency-converter/","True","False","index, follow","Offer|Organization|WebApplication"
"https://anyconverter.io/da/daily-planner/","200","9748","Daglig Planlægger Online Gratis | AnyConverter","46","Planlæg din dag med en gratis online daglig planlægger. Tilføj opgaver med tid og varighed, og afkryds dem efterhånden. Hver dag gemmes separat i din browser.","158","https://anyconverter.io/da/daily-planner/","True","False","index, follow","Offer|Organization|WebApplication"
"https://anyconverter.io/da/dead-pixel-checker/","200","9798","Dødpixel Tjekker Online Gratis | AnyConverter","45","Tjek din skærm for døde eller fastsiddende pixels online gratis. Gennemgår solide farver i fuld skærm for at afsløre defekte pixels. Ingen software download nødvendig.","167","https://anyconverter.io/da/dead-pixel-checker/","True","False","index, follow","Offer|Organization|WebApplication"
"https://anyconverter.io/da/decision-maker/","200","9090","Beslutningstageren Online Gratis — Kan Ikke Vælge? Lad Os Beslutte | AnyConverter","81","Kan du ikke vælge mellem muligheder? Indtast dem, tryk på knappen og se den animerede Beslutningstager gennemgå valgmulighederne, før den vælger én. Gratis, ingen tilmelding.","174","https://anyconverter.io/da/decision-maker/","True","False","index, follow","Offer|Organization|WebApplication"
"https://anyconverter.io/da/dice-roller/","200","10472","Terningkaster Online Gratis — d4 d6 d8 d10 d12 d20 | AnyConverter","65","Kast alle terninger online gratis. Understøtter d4, d6, d8, d10, d12 og d20. Kast op til 20 terninger på én gang. Total vises med kastelhistorik. Ingen tilmelding.","163","https://anyconverter.io/da/dice-roller/","True","False","index, follow","Offer|Organization|WebApplication"
"https://anyconverter.io/da/discount-calculator/","200","14811","Rabatberegner Online Gratis | AnyConverter","42","Beregn den endelige pris med rabat, din besparelse og den originale pris fra slutprisen online gratis. Øjeblikkeligt, ingen tilmelding nødvendig.","145","https://anyconverter.io/da/discount-calculator/","True","False","index, follow","Offer|Organization|WebApplication"
"https://anyconverter.io/da/edit-pdf/","200","13104","Rediger PDF Online Gratis — Tilføj Tekst, Former og Fremhævninger | AnyConverter","80","Tilføj tekst, rektangler eller fremhævninger til en PDF online gratis. Angiv side, position og stil, forhåndsvis listen, og download den redigerede PDF. Ingen tilmelding.","170","https://anyconverter.io/da/edit-pdf/","True","False","index, follow","Offer|Organization|WebApplication"
"https://anyconverter.io/da/extract-pdf-pages/","200","9322","Udtræk PDF-sider Online Gratis | AnyConverter","45","Udtræk specifikke sider fra en PDF og gem dem som en ny PDF-fil. Indtast sidenumre eller intervaller. Gratis, øjeblikkeligt, ingen tilmelding, 100% i din browser.","162","https://anyconverter.io/da/extract-pdf-pages/","True","False","index, follow","Offer|Organization|WebApplication"
"https://anyconverter.io/da/fancy-text-generator/","200","11338","Fancy Tekst Generator Online Gratis | AnyConverter","50","Generer smarte Unicode-tekststilarter øjeblikkeligt — fed, kursiv, script, dobbelt streg, cirklede, gennemstreget, på hovedet og mere. Kopier og indsæt overalt. Gratis.","168","https://anyconverter.io/da/fancy-text-generator/","True","False","index, follow","Offer|Organization|WebApplication"
"https://anyconverter.io/da/faq/","200","17336","Ofte Stillede Spørgsmål — AnyConverter","38","Svar på almindelige spørgsmål om AnyConverter — gratis online værktøjer, databeskyttelse, browsersupport, offlinebrug og mere.","126","https://anyconverter.io/da/faq/","True","False","index, follow","Answer|FAQPage|Question"
"https://anyconverter.io/da/gst-vat-calculator/","200","14491","Moms / GST Beregner Online Gratis | AnyConverter","48","Beregn moms og GST online gratis. Tilføj eller fratræk skat fra ethvert beløb. Understøtter enhver skattesats. Øjeblikkeligt og gratis.","135","https://anyconverter.io/da/gst-vat-calculator/","True","False","index, follow","Offer|Organization|WebApplication"
"https://anyconverter.io/da/habit-tracker/","200","8660","Vanetracker Online Gratis | AnyConverter","40","Spor dine daglige vaner med en gratis online vanetracker. Se dit ugentlige gitter, fuldførelsesrater og striber. Data gemmes i din browser. Ingen tilmelding krævet.","164","https://anyconverter.io/da/habit-tracker/","True","False","index, follow","Offer|Organization|WebApplication"
"https://anyconverter.io/da/hash-generator/","200","12964","Hash Generator Online — MD5 SHA256 SHA512 Gratis | AnyConverter","63","Generer MD5, SHA-1, SHA-256 og SHA-512 hashes online gratis. Hash tekst eller filer. Hurtigt, sikkert, klientbaseret behandling — dine data forlader aldrig din browser.","168","https://anyconverter.io/da/hash-generator/","True","False","index, follow","Offer|Organization|WebApplication"
"https://anyconverter.io/da/html-beautifier/","200","12051","HTML Formaterer &amp; Minifier Online Gratis | AnyConverter","59","Formater eller minificer HTML-kode øjeblikkeligt online. Indsæt din HTML og få korrekt formateret eller minificeret output med ét klik. Gratis, ingen tilmelding.","161","https://anyconverter.io/da/html-beautifier/","True","False","index, follow","Offer|Organization|WebApplication"
"https://anyconverter.io/da/html-to-pdf/","200","9663","Konverter HTML til PDF Online Gratis | AnyConverter","51","Konverter HTML-kode til et PDF-dokument online gratis. Indsæt dit HTML, se live forhåndsvisning, vælg retning og download PDF øjeblikkeligt. Ingen tilmelding, 100% browserbaseret.","179","https://anyconverter.io/da/html-to-pdf/","True","False","index, follow","Offer|Organization|WebApplication"
"https://anyconverter.io/da/image-compressor/","200","14080","Billedkomprimering Online Gratis | AnyConverter","47","Komprimer JPEG og PNG billeder online gratis. Reducer filstørrelsen uden synligt kvalitetstab. Ingen upload til server — behandling sker i din browser.","151","https://anyconverter.io/da/image-compressor/","True","False","index, follow","Offer|Organization|WebApplication"
"https://anyconverter.io/da/image-converter/","200","13602","Billedkonverter Online Gratis — PNG JPG WebP | AnyConverter","59","Konverter billeder mellem PNG, JPG, WebP, AVIF og BMP online. Gratis, ingen tilmelding påkrævet. Øjeblikkelig konvertering i din browser med kvalitets- og størrelsesindstillinger.","179","https://anyconverter.io/da/image-converter/","True","False","index, follow","Offer|Organization|WebApplication"
"https://anyconverter.io/da/internet-speed-test/","200","9840","Internethastighed Test Online Gratis | AnyConverter","51","Test din internethastighed gratis online. Mål download-, upload-hastighed og ping-latenstid direkte i din browser. Ingen app eller tilmelding nødvendig.","152","https://anyconverter.io/da/internet-speed-test/","True","False","index, follow","Offer|Organization|WebApplication"
"https://anyconverter.io/da/invoice-generator/","200","16054","Faktura Generator Online Gratis | AnyConverter","46","Opret og download professionelle fakturaer som PDF online gratis. Tilføj linjeartikler, moms, noter og virksomhedsoplysninger. Ingen tilmelding, intet vandmærke.","161","https://anyconverter.io/da/invoice-generator/","True","False","index, follow","Offer|Organization|WebApplication"
"https://anyconverter.io/da/ip-address-lookup/","200","11170","IP-adresse Opslag Online Gratis | AnyConverter","46","Slå enhver IP-adresses placering, ISP, tidszone og mere op online gratis. Find din egen IP eller søg på enhver IPv4-adresse. Øjeblikkelige resultater.","150","https://anyconverter.io/da/ip-address-lookup/","True","False","index, follow","Offer|Organization|WebApplication"
"https://anyconverter.io/da/jpg-to-pdf/","200","9901","Konverter JPG til PDF Online Gratis | AnyConverter","50","Konverter JPG og PNG-billeder til PDF online gratis. Tilføj flere billeder, vælg sidestørrelse og margener, og download PDF'en øjeblikkeligt. Ingen tilmelding, 100% browserbaseret.","180","https://anyconverter.io/da/jpg-to-pdf/","True","False","index, follow","Offer|Organization|WebApplication"
"https://anyconverter.io/da/json-formatter/","200","13583","JSON Formatter Online Gratis | AnyConverter","43","Formater og valider JSON øjeblikkeligt. Gratis online JSON-formatter med syntaksfremhævning. Kører i din browser — dine data forlader aldrig din enhed.","151","https://anyconverter.io/da/json-formatter/","True","False","index, follow","Offer|Organization|WebApplication"
"https://anyconverter.io/da/json-to-yaml/","200","11958","JSON til YAML Konverter Online Gratis | AnyConverter","52","Konverter JSON til YAML og YAML til JSON øjeblikkeligt i din browser. Indsæt dine data og få formateret output med det samme. Ingen serveroplæsning, 100% privat.","161","https://anyconverter.io/da/json-to-yaml/","True","False","index, follow","Offer|Organization|WebApplication"
"https://anyconverter.io/da/jwt-decoder/","200","13504","JWT Dekoder Online Gratis | AnyConverter","40","Dekod og inspicér JWT (JSON Web Tokens) online gratis. Se header, payload og tjek udløbsdato. Helt sikkert — ingen server involveret.","133","https://anyconverter.io/da/jwt-decoder/","True","False","index, follow","Offer|Organization|WebApplication"
"https://anyconverter.io/da/keyboard-tester/","200","9803","Tastaturtest Online Gratis | AnyConverter","41","Test alle taster på dit tastatur online gratis. Tryk på en tast og se den lyse op med det samme. Find fastlåste, ikke-reagerende eller defekte taster. Ingen download.","166","https://anyconverter.io/da/keyboard-tester/","True","False","index, follow","Offer|Organization|WebApplication"
"https://anyconverter.io/da/loan-calculator/","200","13813","Lånberegner Online Gratis | AnyConverter","40","Beregn din månedlige lånebetaling, samlede renteomkostninger og tilbagebetalingsplan online gratis. Ingen tilmelding nødvendig.","127","https://anyconverter.io/da/loan-calculator/","True","False","index, follow","Offer|Organization|WebApplication"
"https://anyconverter.io/da/lorem-ipsum-generator/","200","12558","Lorem Ipsum Generator Online Gratis | AnyConverter","50","Generer Lorem Ipsum pladsholder-tekst online gratis. Vælg afsnit, sætninger eller ord. Valgfrit start med den klassiske &quot;Lorem ipsum&quot;-åbning. Øjeblikkelig kopiering.","175","https://anyconverter.io/da/lorem-ipsum-generator/","True","False","index, follow","Offer|Organization|WebApplication"
"https://anyconverter.io/da/markdown-html/","200","12414","Markdown til HTML Konverter Online Gratis | AnyConverter","56","Konverter Markdown til HTML online gratis. Live forhåndsvisning med renderet output og HTML-kildevisning. Understøtter GitHub Flavored Markdown. Ingen tilmelding nødvendig.","172","https://anyconverter.io/da/markdown-html/","True","False","index, follow","Offer|Organization|WebApplication"
"https://anyconverter.io/da/meeting-timer/","200","10342","Mødetimer Online Gratis — Dagsorden Timer | AnyConverter","56","Hold dine møder på sporet med en gratis online mødetimer. Tilføj dagsordenspunkter med varighed, start timeren og skift automatisk til næste emne. Ingen tilmelding.","164","https://anyconverter.io/da/meeting-timer/","True","False","index, follow","Offer|Organization|WebApplication"
"https://anyconverter.io/da/microphone-tester/","200","9491","Mikrofon Test Online Gratis | AnyConverter","42","Test din mikrofon online gratis. Se live-lydniveauer, kontrollér om din mikrofon virker, og se enhedsinfo — ingen software download nødvendig.","142","https://anyconverter.io/da/microphone-tester/","True","False","index, follow","Offer|Organization|WebApplication"
"https://anyconverter.io/da/monitor-color-test/","200","9403","Skærm Farvetest Online Gratis | AnyConverter","44","Test din skærms farvenøjagtighed, gradienter, skarphed og ensartethed gratis online. 8 fuldskærms testmønstre. Ingen software download nødvendig.","145","https://anyconverter.io/da/monitor-color-test/","True","False","index, follow","Offer|Organization|WebApplication"
"https://anyconverter.io/da/morse-code-converter/","200","11776","Morsekode Konverter Online Gratis | AnyConverter","48","Konverter tekst til morsekode og morsekode til tekst online gratis. Understøtter bogstaver, cifre og tegnsætning. Øjeblikkelig tovejskonvertering. Ingen tilmelding.","164","https://anyconverter.io/da/morse-code-converter/","True","False","index, follow","Offer|Organization|WebApplication"
"https://anyconverter.io/da/mortgage-calculator/","200","13787","Realkreditberegner Online Gratis | AnyConverter","47","Beregn din månedlige realkreditbetaling, samlede betalte renter og de samlede låneomkostninger online gratis. Ingen tilmelding nødvendig.","137","https://anyconverter.io/da/mortgage-calculator/","True","False","index, follow","Offer|Organization|WebApplication"
"https://anyconverter.io/da/mouse-tester/","200","10442","Musetest Online Gratis | AnyConverter","37","Test din mus' knapper, rullehjul og markørbevægelse online gratis. Tjek venstre-, højre- og midterklik og musebevægelse. Ingen download nødvendig.","146","https://anyconverter.io/da/mouse-tester/","True","False","index, follow","Offer|Organization|WebApplication"
"https://anyconverter.io/da/number-to-words/","200","11581","Tal til Ord Konverter Online Gratis | AnyConverter","50","Konverter ethvert tal til engelske ord online gratis. Understøtter tal op til billioner, negative tal og viser ordinalformen. Øjeblikkeligt, ingen tilmelding.","158","https://anyconverter.io/da/number-to-words/","True","False","index, follow","Offer|Organization|WebApplication"
"https://anyconverter.io/da/ocr-pdf/","200","10473","OCR PDF — Udtræk Tekst fra Scannet PDF Online Gratis | AnyConverter","67","Udtræk tekst fra scannede PDF-filer eller billeder med OCR online og gratis. Understøtter dansk, engelsk, fransk, tysk og mere. Kopiér den udtrukne tekst med det samme. Ingen tilmelding.","186","https://anyconverter.io/da/ocr-pdf/","True","False","index, follow","Offer|Organization|WebApplication"
"https://anyconverter.io/da/optimize-pdf/","200","9231","Optimer og Komprimer PDF Online Gratis | AnyConverter","53","Reducer PDF-filstørrelsen online og gratis ved at optimere dens struktur. Fjerner ubrugte objekter og valgfri metadata. Download den mindre PDF med det samme. Ingen tilmelding kræves.","183","https://anyconverter.io/da/optimize-pdf/","True","False","index, follow","Offer|Organization|WebApplication"
"https://anyconverter.io/da/organize-pdf/","200","9631","Organiser PDF-sider Online Gratis | AnyConverter","48","Omarrangér PDF-sider i en hvilken som helst rækkefølge online og gratis. Indtast den nye sidesekvens og download den reorganiserede PDF med det samme. Ingen tilmelding, 100% i din browser.","188","https://anyconverter.io/da/organize-pdf/","True","False","index, follow","Offer|Organization|WebApplication"
"https://anyconverter.io/da/password-generator/","200","13185","Adgangskodegenerator Online Gratis | AnyConverter","49","Generer stærke, sikre tilfældige adgangskoder online gratis. Tilpas længde og tegntyper, og generer flere adgangskoder på én gang. Ingen tilmelding kræves.","155","https://anyconverter.io/da/password-generator/","True","False","index, follow","Offer|Organization|WebApplication"
"https://anyconverter.io/da/password-strength-checker/","200","12443","Adgangskode Styrke Tjekker Online Gratis | AnyConverter","55","Tjek øjeblikkeligt hvor stærk din adgangskode er online. Få realtidsfeedback om længde, store bogstaver, tal og specialtegn. Gratis.","132","https://anyconverter.io/da/password-strength-checker/","True","False","index, follow","Offer|Organization|WebApplication"
"https://anyconverter.io/da/pdf-compress/","200","12546","Komprimer PDF Online Gratis — Reducer Filstørrelse | AnyConverter","65","Komprimer PDF-filer online og reducer filstørrelsen uden at miste kvalitet. Gratis PDF-kompressor. Vælg komprimeringsniveau — lav, mellem eller høj. 100% sikkert og privat.","172","https://anyconverter.io/da/pdf-compress/","True","False","index, follow","Offer|Organization|WebApplication"
"https://anyconverter.io/da/pdf-forms/","200","9521","Udfyld PDF-formularer Online Gratis | AnyConverter","50","Udfyld PDF-formularfelter online og gratis. Upload en udfyldbar PDF, indtast værdier i tekstfelter, afkrydsningsfelter og rullelister, og download den udfyldte formular. Ingen tilmelding.","187","https://anyconverter.io/da/pdf-forms/","True","False","index, follow","Offer|Organization|WebApplication"
"https://anyconverter.io/da/pdf-merge/","200","12530","Sammensæt PDF Online Gratis | AnyConverter","42","Kombiner flere PDF-filer til én gratis online. Træk, sorter og flet PDF'er på sekunder. Ingen registrering. Sikker behandling i din browser.","140","https://anyconverter.io/da/pdf-merge/","True","False","index, follow","Offer|Organization|WebApplication"
"https://anyconverter.io/da/pdf-security/","200","11190","PDF-sikkerhed — Angiv Tilladelser Online Gratis | AnyConverter","62","Angiv PDF-tilladelser online: begræns udskrivning, kopiering, redigering og annoteringer. Tilføj en ejeradgangskode med detaljeret adgangskontrol. Gratis, browserbaseret, ingen tilmelding.","188","https://anyconverter.io/da/pdf-security/","True","False","index, follow","Offer|Organization|WebApplication"
"https://anyconverter.io/da/pdf-split/","200","13598","Del PDF Online — Udtræk Sider Gratis | AnyConverter","51","Del en PDF op i flere filer eller udtræk specifikke sider online og gratis. Intet software nødvendigt. Vælg sideintervaller eller del for hver N sider. Sikker browserbehandling.","177","https://anyconverter.io/da/pdf-split/","True","False","index, follow","Offer|Organization|WebApplication"
"https://anyconverter.io/da/pdf-to-jpg/","200","10822","PDF til JPG Konverter Online Gratis | AnyConverter","50","Konvertér PDF-sider til JPG-billeder online og gratis. Vælg opløsningsskala og kvalitet. Se miniatureforhåndsvisninger og download alle billeder med det samme. Ingen tilmelding, 100% browserbaseret.","198","https://anyconverter.io/da/pdf-to-jpg/","True","False","index, follow","Offer|Organization|WebApplication"
"https://anyconverter.io/da/percentage-calculator/","200","15279","Procentberegner Online Gratis | AnyConverter","44","Beregn procenter, procentvise ændringer og andele online gratis. Find hvad X% af Y er, beregn procentvis stigning eller fald. Øjeblikkeligt, gratis.","148","https://anyconverter.io/da/percentage-calculator/","True","False","index, follow","Offer|Organization|WebApplication"
"https://anyconverter.io/da/pomodoro-timer/","200","12343","Pomodoro Timer Online Gratis | AnyConverter","43","Brug Pomodoro-teknikken online gratis. 25-minutters arbejdssessioner med 5-minutters korte pauser og 15-minutters lange pauser. Browsernotifikationer, sessonstæller.","165","https://anyconverter.io/da/pomodoro-timer/","True","False","index, follow","Offer|Organization|WebApplication"
"https://anyconverter.io/da/press/","200","12091","Pressepakke — AnyConverter","26","AnyConverter pressepakke. Brandaktiver, virksomhedsfakta, nøglestatistikker og mediekontaktoplysninger til journalister og bloggere.","132","https://anyconverter.io/da/press/","True","False","index, follow",""
"https://anyconverter.io/da/privacy-policy-generator/","200","12709","Generator til Privatlivspolitik Online Gratis | AnyConverter","60","Generér en gratis privatlivspolitik til dit websted eller din app på få sekunder. Tilpas firmanavn, e-mail, datatyper og jurisdiktion. Ingen tilmelding kræves.","159","https://anyconverter.io/da/privacy-policy-generator/","True","False","index, follow","Offer|Organization|WebApplication"
"https://anyconverter.io/da/privacy/","200","11711","Privatlivspolitik — AnyConverter","32","AnyConverters privatlivspolitik. Lær hvilke data vi indsamler, hvordan vi bruger dem, og hvorfor dine filer og tekster aldrig uploades til vores servere.","153","https://anyconverter.io/da/privacy/","True","False","index, follow",""
"https://anyconverter.io/da/protect-pdf/","200","9816","Beskyt PDF med Adgangskode Online Gratis | AnyConverter","55","Adgangskodebeskyt en PDF-fil online gratis. Angiv en brugeradgangskode for at forhindre uautoriseret åbning. Hurtigt, privat og 100% i din browser. Ingen tilmelding nødvendig.","175","https://anyconverter.io/da/protect-pdf/","True","False","index, follow","Offer|Organization|WebApplication"
"https://anyconverter.io/da/px-to-rem/","200","12408","PX til REM Konverter Online Gratis | AnyConverter","49","Konverter pixelværdier til REM og REM til pixels øjeblikkeligt. Indstil en brugerdefineret grundskriftstørrelse. Inkluderer en komplet px-til-rem referencetabel. Gratis, ingen tilmelding.","187","https://anyconverter.io/da/px-to-rem/","True","False","index, follow","Offer|Organization|WebApplication"
"https://anyconverter.io/da/qr-code-generator/","200","13332","QR-kode Generator Online Gratis | AnyConverter","46","Generer QR-koder online gratis. Indtast tekst eller en URL og opret øjeblikkeligt et downloadbart QR-kodebillede. Ingen tilmelding, 100% i din browser.","151","https://anyconverter.io/da/qr-code-generator/","True","False","index, follow","Offer|Organization|WebApplication"
"https://anyconverter.io/da/random-number-generator/","200","13216","Tilfældig Tal Generator Online Gratis | AnyConverter","52","Generer tilfældige tal inden for ethvert interval online gratis. Enkelt tal eller op til 100 unikke tal på én gang. Kryptografisk sikker tilfældighed. Ingen tilmelding.","168","https://anyconverter.io/da/random-number-generator/","True","False","index, follow","Offer|Organization|WebApplication"
"https://anyconverter.io/da/random-picker/","200","9737","Tilfældig Vælger Online Gratis — Vælg Tilfældige Elementer | AnyConverter","73","Vælg tilfældige elementer fra en liste gratis online. Indsæt dine elementer adskilt af linjeskift eller kommaer, vælg hvor mange der skal vælges, og få øjeblikkelige resultater. Ingen tilmelding.","195","https://anyconverter.io/da/random-picker/","True","False","index, follow","Offer|Organization|WebApplication"
"https://anyconverter.io/da/redact-pdf/","200","11303","Rediger PDF Online Gratis — Slet Følsomt Indhold | AnyConverter","63","Slet følsomme oplysninger fra en PDF ved at dække områder med sorte rektangler. Indtast sidenummer og koordinater, tilføj flere redigeringer, og download. Ingen tilmelding.","172","https://anyconverter.io/da/redact-pdf/","True","False","index, follow","Offer|Organization|WebApplication"
"https://anyconverter.io/da/regex-tester/","200","13042","Regex Tester Online Gratis | AnyConverter","41","Test regulære udtryk online med live match-fremhævning. Gratis regex-tester, understøtter alle JavaScript regex-flag. Se matches, grupper og indekser øjeblikkeligt.","164","https://anyconverter.io/da/regex-tester/","True","False","index, follow","Offer|Organization|WebApplication"
"https://anyconverter.io/da/remove-pdf-pages/","200","9164","Fjern PDF-sider Online Gratis | AnyConverter","44","Slet specifikke sider fra en PDF gratis online. Indtast sidenumre eller intervaller (f.eks. 2, 4-6) og download den rensede PDF øjeblikkeligt. Ingen upload til servere.","168","https://anyconverter.io/da/remove-pdf-pages/","True","False","index, follow","Offer|Organization|WebApplication"
"https://anyconverter.io/da/roman-numeral-converter/","200","11714","Romertal Konverter Online Gratis | AnyConverter","47","Konverter tal til romertal og romertal tilbage til tal. Understøtter 1 til 3.999.999 med vinculum-notation. Gratis online romertal-konverter uden tilmelding.","157","https://anyconverter.io/da/roman-numeral-converter/","True","False","index, follow","Offer|Organization|WebApplication"
"https://anyconverter.io/da/rotate-pdf/","200","9964","Roter PDF-sider Online Gratis | AnyConverter","44","Roter PDF-sider 90, 180 eller 270 grader gratis online. Vælg alle sider eller specifikke sider. Download den roterede PDF øjeblikkeligt. Ingen tilmelding kræves.","161","https://anyconverter.io/da/rotate-pdf/","True","False","index, follow","Offer|Organization|WebApplication"
"https://anyconverter.io/da/scan-to-pdf/","200","9562","Scan til PDF — Billeder til PDF Online Gratis | AnyConverter","60","Kombiner scannede billeder eller fotos til en PDF gratis online. Tilføj flere JPG- eller PNG-filer, vælg sidestørrelse, og download PDF'en øjeblikkeligt. Ingen tilmelding kræves.","178","https://anyconverter.io/da/scan-to-pdf/","True","False","index, follow","Offer|Organization|WebApplication"
"https://anyconverter.io/da/screen-resolution/","200","9433","Skærmopløsning Checker Online Gratis | AnyConverter","51","Registrer øjeblikkeligt din skærmopløsning, viewport-størrelse, enhedspixelforhold, farvedybde og orientering. Gratis online skærmopløsnings-checker.","149","https://anyconverter.io/da/screen-resolution/","True","False","index, follow","Offer|Organization|WebApplication"
"https://anyconverter.io/da/security/","200","9518","Sikkerhed — AnyConverter","24","Lær hvordan AnyConverter holder dine data sikre. Alle værktøjer kører i din browser — dine filer forlader aldrig din enhed. Læs om vores sikkerhedspraksis og politik for ansvarlig afsløring.","190","https://anyconverter.io/da/security/","True","False","index, follow",""
"https://anyconverter.io/da/sign-pdf/","200","10897","Underskriv PDF Online Gratis | AnyConverter","43","Tegn din underskrift og integrer den i en PDF online gratis. Vælg side, størrelse og position, og download den signerede PDF øjeblikkeligt. Ingen tilmelding, 100% browserbaseret.","178","https://anyconverter.io/da/sign-pdf/","True","False","index, follow","Offer|Organization|WebApplication"
"https://anyconverter.io/da/sleep-calculator/","200","11318","Søvnberegner Online Gratis | AnyConverter","41","Beregn det bedste tidspunkt at vågne op eller gå i seng baseret på 90-minutters søvncyklusser. Gratis søvnberegner til at vågne op udhvilet. Ingen tilmelding nødvendig.","168","https://anyconverter.io/da/sleep-calculator/","True","False","index, follow","Offer|Organization|WebApplication"
"https://anyconverter.io/da/spin-the-wheel/","200","8769","Drej Hjulet — Tilfældig Beslutningshjælper Online Gratis | AnyConverter","71","Drej et tilpasseligt hjul og træf tilfældige beslutninger online gratis. Tilføj dine egne muligheder, drej og lad skæbnen bestemme. Ingen download eller tilmelding kræves.","171","https://anyconverter.io/da/spin-the-wheel/","True","False","index, follow","Offer|Organization|WebApplication"
"https://anyconverter.io/da/sticky-notes/","200","8508","Sticky Notes Online Gratis | AnyConverter","41","Opret farverige sticky notes online gratis. Noter gemmes automatisk i din browser. Vælg mellem 6 farver, rediger på stedet og slet dem når du er færdig. Ingen tilmelding.","170","https://anyconverter.io/da/sticky-notes/","True","False","index, follow","Offer|Organization|WebApplication"
"https://anyconverter.io/da/stopwatch/","200","8820","Stopur Online Gratis | AnyConverter","35","Gratis online stopur med rundetimer. Start, sæt på pause, genoptag og registrer rundetider øjeblikkeligt i din browser. Ingen download eller tilmelding kræves.","159","https://anyconverter.io/da/stopwatch/","True","False","index, follow","Offer|Organization|WebApplication"
"https://anyconverter.io/da/team-picker/","200","9276","Holdvælger Online Gratis — Del Folk op i Tilfældige Hold | AnyConverter","71","Del tilfældigt en liste af personer op i lige store hold online gratis. Indtast navne, vælg antal hold og få farvekodede holdkort øjeblikkeligt. Ingen tilmelding.","162","https://anyconverter.io/da/team-picker/","True","False","index, follow","Offer|Organization|WebApplication"
"https://anyconverter.io/da/terms/","200","9244","Servicevilkår — AnyConverter","28","Læs AnyConverters servicevilkår. Ved at bruge vores gratis onlineværktøjer accepterer du disse vilkår, der dækker acceptabel brug, ansvarsfraskrivelser og ansvarsbegrænsninger.","176","https://anyconverter.io/da/terms/","True","False","index, follow",""
"https://anyconverter.io/da/text-case-converter/","200","13360","Tekst Store/Små Bogstaver Konverter Online Gratis | AnyConverter","64","Konverter tekst til store bogstaver, små bogstaver, titelformat, sætningsformat og mere online gratis. Øjeblikkeligt, ingen tilmelding nødvendig.","145","https://anyconverter.io/da/text-case-converter/","True","False","index, follow","Offer|Organization|WebApplication"
"https://anyconverter.io/da/text-diff-checker/","200","12817","Tekst Forskels Checker Online Gratis | AnyConverter","51","Sammenlign to tekster og fremhæv forskelle online gratis. Se tilføjede og fjernede linjer øjeblikkeligt. Ingen filupload, ingen tilmelding nødvendig.","149","https://anyconverter.io/da/text-diff-checker/","True","False","index, follow","Offer|Organization|WebApplication"
"https://anyconverter.io/da/text-repeater/","200","11407","Tekstgentagelse Online Gratis | AnyConverter","44","Gentag en vilkårlig tekst mange gange øjeblikkeligt. Angiv en brugerdefineret separator, antal gentagelser og linjeskift. Gratis, ingen tilmelding, fungerer i din browser.","171","https://anyconverter.io/da/text-repeater/","True","False","index, follow","Offer|Organization|WebApplication"
"https://anyconverter.io/da/timestamp-converter/","200","13655","Unix Timestamp Konverter Online — Gratis | AnyConverter","55","Konvertér Unix-tidsstempler til læsbare datoer og omvendt. Gratis timestamp-konverter med understøttelse af UTC, lokal tid og enhver tidszone. Øjeblikkelig konvertering.","169","https://anyconverter.io/da/timestamp-converter/","True","False","index, follow","Offer|Organization|WebApplication"
"https://anyconverter.io/da/tip-calculator/","200","13389","Drikkepenge Beregner Online Gratis | AnyConverter","49","Beregn drikkepenge og del regningen mellem flere personer online gratis. Indtast beløbet, drikkepengeprocenten og antal personer øjeblikkeligt.","143","https://anyconverter.io/da/tip-calculator/","True","False","index, follow","Offer|Organization|WebApplication"
"https://anyconverter.io/da/todo-list/","200","9761","Opgaveliste Online Gratis | AnyConverter","40","Gratis online opgaveliste der gemmes i din browser. Tilføj opgaver, markér dem som færdige, filtrér efter status og fjern gennemførte. Ingen konto, fungerer offline.","165","https://anyconverter.io/da/todo-list/","True","False","index, follow","Offer|Organization|WebApplication"
"https://anyconverter.io/da/typing-speed-test/","200","13575","Skrivetestigheds Test Online Gratis | AnyConverter","50","Test din skrivetestighed i WPM (ord per minut) og nøjagtighed online gratis. Øv dig med tilfældige tekstpassager og spor dine fremskridt. Ingen tilmelding.","155","https://anyconverter.io/da/typing-speed-test/","True","False","index, follow","Offer|Organization|WebApplication"
"https://anyconverter.io/da/unlock-pdf/","200","9453","Lås PDF Op — Fjern Adgangskode Online Gratis | AnyConverter","59","Fjern adgangskoden fra en PDF online gratis. Indtast den aktuelle adgangskode for at låse op og download en kopi uden begrænsninger. 100% browserbaseret, ingen tilmelding.","171","https://anyconverter.io/da/unlock-pdf/","True","False","index, follow","Offer|Organization|WebApplication"
"https://anyconverter.io/da/url-encoder/","200","11645","URL Encoder og Decoder Online Gratis | AnyConverter","51","Kodér eller dekodér URL'er og forespørgselsparametre online gratis. Gratis URL-encoder med procentkodning. Kodér komponenter eller hele URL'er øjeblikkeligt i din browser.","171","https://anyconverter.io/da/url-encoder/","True","False","index, follow","Offer|Organization|WebApplication"
"https://anyconverter.io/da/uuid-generator/","200","13145","UUID Generator Online Gratis | AnyConverter","43","Generer UUID v4 (GUID) online gratis. Opret op til 100 unikke identifikatorer på én gang med store eller små bogstaver. Bruger kryptografisk sikker tilfældighed.","161","https://anyconverter.io/da/uuid-generator/","True","False","index, follow","Offer|Organization|WebApplication"
"https://anyconverter.io/da/viewport-size/","200","10500","Viewport Størrelse Tjekker Online Gratis | AnyConverter","55","Tjek dit browsers viewport-dimensioner, skærmopløsning, enhedspixelforhold, orientering og CSS-breakpoint øjeblikkeligt. Opdateres live ved ændring af størrelse.","161","https://anyconverter.io/da/viewport-size/","True","False","index, follow","Offer|Organization|WebApplication"
"https://anyconverter.io/da/webcam-tester/","200","9187","Webkameratest Online Gratis | AnyConverter","42","Test dit webkamera online gratis. Tjek om dit kamera virker, se live-billedet, opløsning og enhedsinfo, og tag et snapshot. Ingen tilmelding nødvendig.","151","https://anyconverter.io/da/webcam-tester/","True","False","index, follow","Offer|Organization|WebApplication"
"https://anyconverter.io/da/word-counter/","200","11848","Ordtæller Online Gratis | AnyConverter","38","Tæl ord, tegn, sætninger og afsnit i din tekst online gratis. Beregn estimeret læsetid. Øjeblikkeligt, ingen tilmelding nødvendig.","130","https://anyconverter.io/da/word-counter/","True","False","index, follow","Offer|Organization|WebApplication"
"https://anyconverter.io/da/xml-formatter/","200","11724","XML Formatter Online Gratis | AnyConverter","42","Formater og valider XML online gratis. Forskønne eller minificer XML øjeblikkeligt med fejlregistrering. Ingen upload påkrævet — 100% klientbaseret behandling.","159","https://anyconverter.io/da/xml-formatter/","True","False","index, follow","Offer|Organization|WebApplication"
